test_seed,step,v2_selected_agent,v21_selected_agent,same_selected_agent,v2_selected_cpu,v21_selected_cpu,v2_selected_bandwidth,v21_selected_bandwidth,v2_selection_probability,v21_selection_probability,v2_environment_success,v2_environment_reward,v2_environment_latency_ms,v2_environment_energy_mJ
950000,0,uav_U1,uav_U2,False,0.9977278709411621,0.9842138290405273,0.9850971102714539,0.8754327893257141,0.9960096478462219,0.9596930742263794,1,0.7486915137042356,199.82360990059098,3541.0276290736106
950000,1,uav_U1,uav_U2,False,0.9962679743766785,0.9816934466362,0.984498143196106,0.8701132535934448,0.9976298809051514,0.9638596177101135,1,1.2489078856023001,468.8686561637717,6420.379553832717
950000,2,uav_U1,uav_U2,False,0.9971239566802979,0.9777870774269104,0.9735658168792725,0.8450714945793152,0.9989423155784607,0.9705552458763123,1,0.6284721518290657,1282.7541213293669,29829.626367525798
950000,3,uav_U1,uav_U2,False,0.9964799880981445,0.9809643030166626,0.9765031337738037,0.8494978547096252,0.9982383847236633,0.962680459022522,1,0.573840222672664,1052.0133954819323,17086.54064072798
950000,4,uav_U1,uav_U2,False,0.9968352317810059,0.9718905091285706,0.9651811122894287,0.852208137512207,0.9989309906959534,0.9569810628890991,0,-6.498989310077542,4970.629664260716,87689.5996957498
950000,5,uav_U1,uav_U2,False,0.9974378347396851,0.9881522059440613,0.9869590997695923,0.8752267360687256,0.9966177344322205,0.9638988971710205,0,-3.6967440660285993,1157.163036641199,46347.920377300296
950000,6,uav_U1,uav_U2,False,0.9963158965110779,0.9829150438308716,0.9727938175201416,0.8681430220603943,0.9983831644058228,0.962913453578949,0,-7.500091270305012,5163.547428509367,212759.45697331993
950000,7,uav_U1,uav_U2,False,0.9968785047531128,0.9811052083969116,0.9752084016799927,0.8616113662719727,0.9983136653900146,0.9519262313842773,0,-7.500091999104884,3191.572554233224,36061.40587102434
950000,8,uav_U1,uav_U2,False,0.9968361854553223,0.9824371337890625,0.9698514938354492,0.8756080269813538,0.9981911778450012,0.9583697319030762,0,-7.500091372370281,4713.236305148443,194282.30288319872
950000,9,uav_U1,uav_U2,False,0.9970017671585083,0.9796898365020752,0.9757059812545776,0.8549753427505493,0.9986498355865479,0.970302939414978,1,0.5731281919694096,1011.1170413177841,18243.024673499585
950000,10,uav_U1,uav_U2,False,0.9975674152374268,0.9812605381011963,0.9805608987808228,0.8605273962020874,0.9979514479637146,0.9677061438560486,1,1.303629396611934,115.80442938157431,2126.82141045997
950000,11,uav_U1,uav_U2,False,0.9968588948249817,0.9762745499610901,0.9666934609413147,0.851965069770813,0.9988304972648621,0.949431836605072,0,-5.389485999200956,5625.650572614472,91301.15665215703
950000,12,uav_U1,uav_U2,False,0.9975413084030151,0.9847260117530823,0.9841234683990479,0.8609461784362793,0.9980523586273193,0.959991455078125,1,1.3303420921296703,290.46693455841626,6874.150931875444
950000,13,uav_U1,uav_U2,False,0.9953442215919495,0.9783521294593811,0.9724560976028442,0.8399010896682739,0.9983755946159363,0.9677822589874268,0,-4.64064543260943,2230.457390445884,48733.4830690812
950000,14,uav_U1,uav_U2,False,0.9964549541473389,0.9748910069465637,0.9687967300415039,0.8383474349975586,0.9985039234161377,0.9633669257164001,0,-7.500091435438712,2125.3654533432764,60028.865085087666
950000,15,uav_U1,uav_U2,False,0.9972953796386719,0.9845070838928223,0.9884458780288696,0.8641874194145203,0.9981014728546143,0.9648674726486206,1,1.365317641301126,240.37927136596753,7555.224435629236
950000,16,uav_U1,uav_U2,False,0.9967532753944397,0.9777042269706726,0.9861786961555481,0.8790249824523926,0.9983866810798645,0.9513022303581238,0,-6.4070702839252585,922.0466262394445,3877.71960247236
950000,17,uav_U1,uav_U2,False,0.9973587989807129,0.9826705455780029,0.9849011898040771,0.8767621517181396,0.9981523752212524,0.962548553943634,1,1.3190944438295649,343.1847675389006,7044.742261114801
950000,18,uav_U1,uav_U2,False,0.9966469407081604,0.9806534051895142,0.9843002557754517,0.8857986927032471,0.9976625442504883,0.9599039554595947,0,-4.716718779528241,751.4366194739548,16954.595938696297
950000,19,uav_U1,uav_U2,False,0.997184157371521,0.9842668175697327,0.9868783354759216,0.8764330148696899,0.9977467656135559,0.9594061970710754,1,1.497041272605168,29.541471373415188,736.5422758905822
950000,20,uav_U1,uav_U2,False,0.9971297383308411,0.9735599756240845,0.9755522608757019,0.8401818871498108,0.9989197850227356,0.9562162756919861,0,-3.814119863698828,1688.526362305391,44784.26531202645
950000,21,uav_U1,uav_U2,False,0.9971740245819092,0.984372615814209,0.9836249947547913,0.8691462278366089,0.9968557357788086,0.9568244218826294,1,1.224916595783602,461.16122735412137,11463.823898350713
950000,22,uav_U1,uav_U2,False,0.9978349804878235,0.9845823049545288,0.9854139089584351,0.8783883452415466,0.9986990094184875,0.9588251113891602,1,1.1817330066615543,465.49041929668573,10958.410908788526
950000,23,uav_U1,uav_U2,False,0.9975619316101074,0.9860826730728149,0.985538125038147,0.8642215132713318,0.9980499744415283,0.957402765750885,1,1.0392397136483924,704.8231401968608,22129.130718189637
950000,24,uav_U1,uav_U2,False,0.9973970651626587,0.9820952415466309,0.9813460111618042,0.8662135601043701,0.9981511831283569,0.9596892595291138,1,1.2327013496313244,492.19507128987607,9659.995469350491
950000,25,uav_U1,uav_U2,False,0.9976186156272888,0.9824939370155334,0.976751446723938,0.8670520782470703,0.9986356496810913,0.9591050148010254,0,-3.8697504382134857,1836.7123153545788,39303.84099075343
950000,26,uav_U1,uav_U2,False,0.9953845739364624,0.9625675082206726,0.9654046297073364,0.8529590368270874,0.9991236329078674,0.9650844931602478,0,-5.8389454945717665,2924.8357491776305,29789.24043892656
950000,27,uav_U1,uav_U2,False,0.9971295595169067,0.979728639125824,0.9823466539382935,0.8813403248786926,0.9965556263923645,0.9615649580955505,0,-5.14410584972882,1255.9067815480519,36272.54351905939
950000,28,uav_U1,uav_U2,False,0.9971795082092285,0.9717259407043457,0.964257001876831,0.8481298685073853,0.9987090826034546,0.9531984925270081,1,0.6561218815256873,1546.6602896113916,29026.070771779723
950000,29,uav_U1,uav_U2,False,0.9965025186538696,0.9804360270500183,0.9854524731636047,0.8725738525390625,0.9976593255996704,0.9596611857414246,0,-3.5843601981605797,1480.025094389849,8604.459544947724
950000,30,uav_U1,uav_U2,False,0.9972742795944214,0.9854030609130859,0.9861228466033936,0.8820183277130127,0.9966038465499878,0.9489400386810303,0,-5.074007213970791,733.5658826607603,11132.508039355098
950000,31,uav_U1,uav_U2,False,0.9972080588340759,0.9721846580505371,0.9629659652709961,0.8620914816856384,0.9988301396369934,0.9508634805679321,0,-4.397634108732927,3068.3260845787063,62502.5750843241
950000,32,uav_U1,uav_U2,False,0.9975827932357788,0.9834424257278442,0.9862732887268066,0.8786837458610535,0.9971585273742676,0.9622294902801514,0,-3.5119740298108666,1976.206530068347,77226.83054360404
950000,33,uav_U1,uav_U2,False,0.9960871934890747,0.9739373922348022,0.972230076789856,0.8647156357765198,0.9987682700157166,0.956390380859375,0,-5.020340392129586,1907.8284397941118,43286.87703236136
950000,34,uav_U1,uav_U2,False,0.9979128837585449,0.9864305257797241,0.9845625162124634,0.8739036321640015,0.9980459809303284,0.9669194221496582,1,0.7561326466027558,470.8100422994036,17300.42190005844
950000,35,uav_U1,uav_U2,False,0.9974991083145142,0.9825857877731323,0.9850244522094727,0.8876063823699951,0.9975364208221436,0.9613988399505615,1,0.830808152149239,839.0517303364736,25563.646283512084
950000,36,uav_U1,uav_U2,False,0.9969980120658875,0.974219799041748,0.9701335430145264,0.8681822419166565,0.9987484216690063,0.942188024520874,0,-4.472808972889117,3765.9176978497453,111126.15453845484
950000,37,uav_U1,uav_U2,False,0.9975076913833618,0.983058512210846,0.987098217010498,0.8724313378334045,0.9977185726165771,0.9592175483703613,1,0.5472454734869654,1664.301806920297,33757.485413302544
950000,38,uav_U1,uav_U2,False,0.9971523284912109,0.9715442657470703,0.9631596803665161,0.8507558107376099,0.9989508390426636,0.9506762027740479,0,-4.330010894159871,2900.421119405382,29118.256703100596
950000,39,uav_U1,uav_U2,False,0.9971681833267212,0.9813475012779236,0.9747055768966675,0.8455785512924194,0.9984807372093201,0.9585319757461548,1,0.8156753091156246,1053.0346169705883,23927.137656716666
950000,40,uav_U1,uav_U2,False,0.99598228931427,0.9576124548912048,0.9606941938400269,0.8480583429336548,0.9991673231124878,0.9580181837081909,0,-7.500092029633288,4071.017967860045,36826.571255516654
950000,41,uav_U1,uav_U2,False,0.9975312948226929,0.9839573502540588,0.9837583303451538,0.8683433532714844,0.9977920651435852,0.9593372344970703,1,1.154370323122373,337.2452125923103,12220.23885288303
950000,42,uav_U1,uav_U2,False,0.9979414343833923,0.9821378588676453,0.9822853803634644,0.8719037175178528,0.9977845549583435,0.9522656798362732,1,0.6762905251551989,650.6580709928747,21220.280195665175
950000,43,uav_U1,uav_U2,False,0.9974607229232788,0.9795693159103394,0.9782586097717285,0.8567100763320923,0.9987061023712158,0.9429019093513489,1,0.9089010164156262,1173.1490344474867,17478.517291639553
950000,44,uav_U1,uav_U2,False,0.9976602792739868,0.9852077960968018,0.9855636954307556,0.8829127550125122,0.9971440434455872,0.9500921964645386,0,-3.595747924145673,898.4382085498354,32110.906662829988
950000,45,uav_U1,uav_U2,False,0.9978042840957642,0.9805073738098145,0.9826987981796265,0.8728537559509277,0.9984398484230042,0.9503776431083679,1,1.0456927981217117,653.6154502925662,7909.582974402486
950000,46,uav_U1,uav_U2,False,0.9964038133621216,0.968396782875061,0.9666091203689575,0.8424821496009827,0.9990848898887634,0.9659667611122131,0,-4.34010212350775,1843.6904121023656,28427.924402997443
950000,47,uav_U1,uav_U2,False,0.9980723857879639,0.9808845520019531,0.9832671880722046,0.8693497180938721,0.998214840888977,0.9549034237861633,1,0.8167440465847662,708.4413873442483,25229.346683741605
950000,48,uav_U1,uav_U2,False,0.9973033666610718,0.9832736849784851,0.9878373146057129,0.8887253999710083,0.997157096862793,0.9570202231407166,1,0.7291969414391484,793.8323893589514,10144.332329245824
950000,49,uav_U1,uav_U2,False,0.9979195594787598,0.9814016819000244,0.9864212274551392,0.8608413934707642,0.9985723495483398,0.9516540765762329,1,1.1487473246502398,70.58324841471128,827.2845427374741
950000,50,uav_U1,uav_U2,False,0.9961296319961548,0.9776387214660645,0.9859455823898315,0.8588145971298218,0.9980182647705078,0.9364174008369446,1,1.4984179181050836,15.77502529393569,238.50698874282716
950000,51,uav_U1,uav_U2,False,0.9976769685745239,0.9851891398429871,0.9871646165847778,0.8948509097099304,0.9968129992485046,0.9533559679985046,0,-6.060737621101244,769.0995310027236,21894.922935283754
950000,52,uav_U1,uav_U2,False,0.9968990087509155,0.975878119468689,0.9679014682769775,0.8592382669448853,0.9973869919776917,0.9563547968864441,0,-7.500004568105736,424.0781485877313,19434.013645986917
950000,53,uav_U1,uav_U2,False,0.9976832866668701,0.979040265083313,0.9831574559211731,0.8849776983261108,0.9980734586715698,0.9538615942001343,1,0.7795599047239992,311.9108395988281,7619.6285055834915
950000,54,uav_U1,uav_U2,False,0.9974031448364258,0.9845338463783264,0.9837932586669922,0.8787440061569214,0.9973547458648682,0.9678483009338379,0,-4.560705766965679,2303.766733409481,83100.47770249497
950000,55,uav_U1,uav_U2,False,0.9973738193511963,0.9835144877433777,0.9852203130722046,0.8808000683784485,0.9973713159561157,0.9513566493988037,1,0.7447495909396875,461.40183483401563,7146.444671136945
950000,56,uav_U1,uav_U2,False,0.9973441958427429,0.975866973400116,0.9771034717559814,0.8481343984603882,0.9987882971763611,0.9544171094894409,0,-4.142735136605353,1235.2678383451746,25212.596321960445
950000,57,uav_U1,uav_U2,False,0.9969803094863892,0.9652346968650818,0.9672712087631226,0.8451337814331055,0.9989517331123352,0.9496138691902161,0,-4.35274654171819,3686.7823103182786,37753.874997986626
950000,58,uav_U1,uav_U2,False,0.9956876039505005,0.9570004940032959,0.9655585885047913,0.8519152402877808,0.9988941550254822,0.9590902924537659,0,-4.3838090378030845,1717.9503045562922,28100.98345824715
950000,59,uav_U1,uav_U2,False,0.9967532157897949,0.9865560531616211,0.9854869246482849,0.8972392082214355,0.9972102642059326,0.9617844223976135,0,-4.161224300126664,2581.4005871381078,104609.29305636193
950000,60,uav_U1,uav_U2,False,0.9973912239074707,0.9822472929954529,0.9825623035430908,0.879784345626831,0.9972366094589233,0.9610795378684998,1,1.132818158921577,595.787173081324,12123.057311505028
950000,61,uav_U1,uav_U2,False,0.997381329536438,0.9842488765716553,0.987697958946228,0.8632937669754028,0.9979439973831177,0.9608339667320251,0,-3.8054258357299515,1122.5873497172001,21357.261554481443
950000,62,uav_U1,uav_U2,False,0.9979003667831421,0.9833794236183167,0.9853790402412415,0.8671502470970154,0.9986178278923035,0.9509989619255066,0,-5.246192424345721,2152.943015724002,68731.06918766027
950000,63,uav_U1,uav_U2,False,0.9981170892715454,0.9829500913619995,0.9840190410614014,0.8695876002311707,0.997677206993103,0.9591639637947083,1,1.1294224985962829,163.3842652190146,6067.455667930834
950000,64,uav_U1,uav_U2,False,0.9972875118255615,0.9829815030097961,0.9846077561378479,0.8582209348678589,0.9986992478370667,0.9664634466171265,1,1.3422089155524433,290.6392933462166,3419.8702225675734
950000,65,uav_U1,uav_U2,False,0.9973645210266113,0.9819577932357788,0.9864838123321533,0.8944984674453735,0.996749758720398,0.9448821544647217,1,1.315210762996314,261.16234792244103,5887.310405389716
950000,66,uav_U1,uav_U2,False,0.9980646371841431,0.9816131591796875,0.9841043949127197,0.871982216835022,0.9977641105651855,0.9382994174957275,1,1.2708204297520844,353.48239973382573,8159.751008038401
950000,67,uav_U1,uav_U2,False,0.9971981644630432,0.9854931831359863,0.9843069911003113,0.8703249096870422,0.9971644282341003,0.9620944261550903,0,-3.935519590618702,2074.193667460983,83645.30334653599
950000,68,uav_U1,uav_U2,False,0.9981274604797363,0.9816280603408813,0.984857439994812,0.8700222969055176,0.9982795119285583,0.9399157166481018,1,1.2759841375937764,11.20056350938091,254.5107864484476
950000,69,uav_U1,uav_U2,False,0.9974700212478638,0.9801284670829773,0.9859095811843872,0.8906446695327759,0.9981735348701477,0.9438974261283875,0,-3.6587918145405425,727.6633767042308,7468.2821571332315
950000,70,uav_U1,uav_U2,False,0.9964373111724854,0.9622373580932617,0.9635370969772339,0.8429075479507446,0.9989480376243591,0.9619824290275574,0,-7.500091704621167,2027.5679662242703,32536.168572269442
950000,71,uav_U1,uav_U2,False,0.9948107004165649,0.9662383794784546,0.9463716745376587,0.8613224029541016,0.9988105297088623,0.9593321084976196,0,-6.746979591483238,6009.347051953977,137540.48509722154
950000,72,uav_U1,uav_U2,False,0.9978865385055542,0.9871646761894226,0.986564040184021,0.8725267052650452,0.9976807832717896,0.9526629447937012,0,-4.032532984493659,980.7624957255741,38197.6105873296
950000,73,uav_U1,uav_U2,False,0.997825026512146,0.9875993728637695,0.9883784055709839,0.8765673637390137,0.9973630309104919,0.9464341998100281,1,0.9587236946314002,577.9852875459642,21617.568221851026
950000,74,uav_U1,uav_U2,False,0.996508002281189,0.9701135158538818,0.9700551629066467,0.828079879283905,0.9989069700241089,0.9516416788101196,0,-6.455861640818268,4410.683490958577,69210.55219168347
950000,75,uav_U1,uav_U2,False,0.9976058006286621,0.9846041798591614,0.987966001033783,0.8912062644958496,0.9962466359138489,0.9404279589653015,0,-7.500091569733888,2184.7284845610616,72919.84389103869
950000,76,uav_U1,uav_U2,False,0.9973700046539307,0.9782381057739258,0.9836863279342651,0.8531246781349182,0.9984839558601379,0.960002601146698,1,1.2955511184581499,218.45760631631975,3516.0700669167363
950000,77,uav_U1,uav_U2,False,0.9971294403076172,0.9845010638237,0.9872713088989258,0.8858304023742676,0.9970288276672363,0.9520969986915588,1,0.7433243173862754,767.9327060043289,14276.768331620759
950000,78,uav_U1,uav_U2,False,0.9973770976066589,0.9746103286743164,0.9822149872779846,0.8553215265274048,0.9983500242233276,0.9589895009994507,1,1.3274722858021761,343.14765963815734,7882.658582297019
950000,79,uav_U1,uav_U2,False,0.9962600469589233,0.9607191681861877,0.9583186507225037,0.830380380153656,0.9988962411880493,0.9569516777992249,0,-4.7539872499759905,2551.409787631671,42527.76204113977
950000,80,uav_U1,uav_U2,False,0.9959651231765747,0.9610329270362854,0.9712989330291748,0.8530453443527222,0.9989475607872009,0.9480912089347839,0,-3.5941404920197098,1893.7984879144221,27691.53061418672
950000,81,uav_U1,uav_U2,False,0.996570348739624,0.9606459140777588,0.9732972383499146,0.8465143442153931,0.9986861348152161,0.9325549006462097,0,-4.473108602779075,3095.6637905659786,69129.07027995103
950000,82,uav_U1,uav_U2,False,0.9975582361221313,0.9771615862846375,0.9848203659057617,0.8712031841278076,0.9980461001396179,0.9419636726379395,1,1.134197261105632,446.89833291281224,5829.103443456004
950000,83,uav_U1,uav_U2,False,0.9978611469268799,0.9838699102401733,0.9872937202453613,0.8899919986724854,0.9977889060974121,0.9413870573043823,0,-5.306434208821777,954.1565075138672,42619.37822285899
950000,84,uav_U1,uav_U2,False,0.9977391958236694,0.9814543724060059,0.985222578048706,0.8768465518951416,0.9985200762748718,0.9528865814208984,1,1.2476697812551565,437.1294117800425,12053.109746733497
950000,85,uav_U1,uav_U2,False,0.9967394471168518,0.9675817489624023,0.9819802641868591,0.887500524520874,0.9981619715690613,0.9320017099380493,1,1.4996247883256917,3.706197544569028,53.71509150432626
950000,86,uav_U1,uav_U2,False,0.9974205493927002,0.980562686920166,0.981536865234375,0.8755100965499878,0.9981371164321899,0.9600720405578613,0,-3.736962353380905,270.87465481250746,5224.777174390424
950000,87,uav_U1,uav_U2,False,0.9971176385879517,0.9688112139701843,0.9613853693008423,0.8446101546287537,0.9984866380691528,0.9522677063941956,0,-5.4187681016238365,2495.4684741176748,76156.23374670783
950000,88,uav_U1,uav_U2,False,0.9980887174606323,0.9820908904075623,0.9849474430084229,0.8858961462974548,0.9975283741950989,0.9483733773231506,0,-4.4041403417965,689.2656164807428,22166.63500721359
950000,89,uav_U1,uav_U2,False,0.9978440999984741,0.9853311777114868,0.9835411906242371,0.873438835144043,0.9980111122131348,0.9506048560142517,1,1.2911445186403454,299.7846694924145,6770.58921378501
950000,90,uav_U1,uav_U2,False,0.9973199367523193,0.982500433921814,0.9867496490478516,0.8808228969573975,0.9960076808929443,0.9352925419807434,0,-7.5000917534169425,2218.3011708248378,35992.220733077425
950000,91,uav_U1,uav_U2,False,0.9978821277618408,0.9850674271583557,0.9846674203872681,0.8872133493423462,0.9974766373634338,0.9538787007331848,1,0.5159447531492636,535.276215336521,17676.869282021733
950000,92,uav_U1,uav_U2,False,0.9976896643638611,0.9869725704193115,0.9875433444976807,0.8959176540374756,0.9962598085403442,0.9520093202590942,1,0.6741728953967718,867.0223298705992,32715.027580345195
950000,93,uav_U1,uav_U2,False,0.9958201050758362,0.9719586372375488,0.9687099456787109,0.842576801776886,0.998737633228302,0.9572021961212158,0,-7.500091644502233,3047.3725816233236,41723.105765807515
950000,94,uav_U1,uav_U2,False,0.9962961673736572,0.9578109979629517,0.9697725772857666,0.8649331331253052,0.99896639585495,0.9303173422813416,0,-7.500092230446112,5595.7554516457285,41486.43224136963
950000,95,uav_U1,uav_U2,False,0.9970822334289551,0.9815146923065186,0.9836012125015259,0.8730276823043823,0.9979705214500427,0.9591829180717468,1,0.8015820249117445,1032.1253538737315,9600.631441060685
950000,96,uav_U1,uav_U2,False,0.9974664449691772,0.9850825667381287,0.9831784963607788,0.8790940642356873,0.9974353909492493,0.9566562175750732,0,-4.4408723843568625,3297.386733588438,134480.16922519365
950000,97,uav_U1,uav_U2,False,0.9968947172164917,0.9735498428344727,0.9677543640136719,0.8339374661445618,0.9988422989845276,0.9469079971313477,0,-4.573084161391695,2379.7955470461143,64905.6713874621
950000,98,uav_U1,uav_U2,False,0.9965610504150391,0.9773265719413757,0.9825943112373352,0.8886384963989258,0.9967509508132935,0.9447866678237915,0,-3.8719439687620927,1753.2272081204028,27055.779016952023
950000,99,uav_U1,uav_U2,False,0.9974401593208313,0.9821584820747375,0.984103798866272,0.877338171005249,0.9983378052711487,0.9547209739685059,0,-4.104975205885408,1126.6280405457612,14822.25198728596
950001,0,uav_U1,uav_U2,False,0.9976980686187744,0.9811907410621643,0.985041618347168,0.8679264187812805,0.9974684119224548,0.9691903591156006,1,1.2711274335853993,311.3704565027455,5662.95853049086
950001,1,uav_U1,uav_U2,False,0.9970109462738037,0.9770368337631226,0.9760614633560181,0.8579496741294861,0.9981786012649536,0.9647741913795471,0,-3.820730230143983,868.9801426817871,18479.0765151449
950001,2,uav_U1,uav_U2,False,0.9977917671203613,0.9800142049789429,0.9785599112510681,0.8735495805740356,0.9981471300125122,0.9560704231262207,0,-7.500091870472609,1518.1255013993962,29848.14474343833
950001,3,uav_U1,uav_U2,False,0.9973149299621582,0.9830194115638733,0.9829482436180115,0.8691399693489075,0.9967246651649475,0.9609578847885132,1,0.6217669225453846,466.2931311906163,13523.094310726088
950001,4,uav_U1,uav_U2,False,0.9971769452095032,0.983967661857605,0.9837582111358643,0.8688605427742004,0.9970243573188782,0.9654080271720886,0,-4.104422407759649,1373.3072119008177,41283.34424006916
950001,5,uav_U1,uav_U2,False,0.9974527955055237,0.9851945638656616,0.9858797788619995,0.8712412118911743,0.9974126815795898,0.96477210521698,0,-3.783495827627545,256.68083299190283,6749.082832158957
950001,6,uav_U1,uav_U2,False,0.9974914193153381,0.9839332699775696,0.987554669380188,0.8821200132369995,0.9971460700035095,0.9591564536094666,0,-5.396369324688219,1749.351588191689,27990.622763157462
950001,7,uav_U1,uav_U2,False,0.9980452060699463,0.982917070388794,0.9852916598320007,0.8922423720359802,0.9976907968521118,0.9537937641143799,1,0.9556798854699813,890.9019494484128,27513.779470310514
950001,8,uav_U1,uav_U2,False,0.9976927042007446,0.9855791926383972,0.9840988516807556,0.8823704719543457,0.9976140260696411,0.9666030406951904,1,0.9782715983611328,618.6612593208704,21468.26914059305
950001,9,uav_U1,uav_U2,False,0.9977471232414246,0.9837976694107056,0.9879074096679688,0.8858339786529541,0.9980389475822449,0.9524615406990051,1,0.8622338170708594,494.1975404250926,7482.715550309141
950001,10,uav_U1,uav_U2,False,0.9977304935455322,0.9817352294921875,0.981055736541748,0.8638028502464294,0.997879147529602,0.9589679837226868,0,-3.596888786032479,1435.7072389818577,27857.00212929256
950001,11,uav_U1,uav_U2,False,0.9974223971366882,0.9800804257392883,0.9765545725822449,0.8663915395736694,0.9984586238861084,0.9611886143684387,1,0.6445272736739165,1476.3875806679218,30442.592406231935
950001,12,uav_U1,uav_U2,False,0.9967606067657471,0.975071370601654,0.9781785011291504,0.8615702390670776,0.9988123178482056,0.9688699841499329,0,-6.567821418819306,2428.4344618034993,27145.228963684793
950001,13,uav_U1,uav_U2,False,0.9967268705368042,0.9763638973236084,0.9741121530532837,0.8666349053382874,0.9988641738891602,0.9649004340171814,0,-6.3255222243864395,4915.677410082902,37551.886167029974
950001,14,uav_U1,uav_U2,False,0.9970036745071411,0.9857780337333679,0.9883464574813843,0.8881866931915283,0.9958157539367676,0.9609065055847168,0,-4.944751779386976,1298.1144089295237,16760.351087290084
950001,15,uav_U1,uav_U2,False,0.9978991746902466,0.9828530550003052,0.9870800971984863,0.8815312385559082,0.9973269701004028,0.9460214972496033,1,1.1917361741520058,506.32566735310104,4652.009181606227
950001,16,uav_U1,uav_U2,False,0.9978675842285156,0.9777992367744446,0.9800644516944885,0.8741098642349243,0.9982156753540039,0.9549227952957153,0,-3.7476843463002973,1780.314804442009,59809.115236001344
950001,17,uav_U1,uav_U2,False,0.9973258376121521,0.9821465015411377,0.9862328767776489,0.8749461770057678,0.9972283244132996,0.9598823189735413,0,-3.598783545278188,394.4303782540337,8346.434315923934
950001,18,uav_U1,uav_U2,False,0.9968268871307373,0.9848612546920776,0.9876309633255005,0.8781699538230896,0.995903730392456,0.9595332145690918,0,-4.428535693483634,2533.975484671694,41693.651935926435
950001,19,uav_U1,uav_U2,False,0.9973273277282715,0.9811331033706665,0.9752180576324463,0.8581928014755249,0.9984630942344666,0.9689446091651917,0,-3.9250219849452166,2714.4922660173374,60981.53830128734
950001,20,uav_U1,uav_U2,False,0.9968631267547607,0.9748150706291199,0.9769318699836731,0.8683305382728577,0.9988495111465454,0.9601794481277466,0,-6.436787909797872,6306.587389546072,113801.06046393377
950001,21,uav_U1,uav_U2,False,0.9971853494644165,0.9803779125213623,0.9788134098052979,0.8529758453369141,0.9983687996864319,0.9689143300056458,0,-7.5000915413856735,2986.980038363779,85565.27297728318
950001,22,uav_U1,uav_U2,False,0.9976718425750732,0.9849252700805664,0.9856386184692383,0.8818469643592834,0.9964092373847961,0.9493672251701355,1,0.7164316694221424,443.44769516488884,7808.301671782786
950001,23,uav_U1,uav_U2,False,0.9979358911514282,0.9858061075210571,0.9858099818229675,0.8726507425308228,0.9975371360778809,0.9581092596054077,1,1.3445134243477308,267.74524729130053,6356.065077665273
950001,24,uav_U1,uav_U2,False,0.9980334043502808,0.983832836151123,0.9873164892196655,0.8890178203582764,0.9971029162406921,0.9573521018028259,1,1.1520981761463533,508.15066268926535,16434.164159140935
950001,25,uav_U1,uav_U2,False,0.9979361295700073,0.9806767702102661,0.978003978729248,0.8751006126403809,0.9985730648040771,0.9549820423126221,0,-7.05110845814273,2912.6507549691332,89333.47556398573
950001,26,uav_U1,uav_U2,False,0.9974119663238525,0.9819065928459167,0.9864141941070557,0.8992966413497925,0.9966598749160767,0.9535142183303833,0,-3.73632424046862,2153.517370558793,66681.87273307193
950001,27,uav_U1,uav_U2,False,0.9980413317680359,0.9850611686706543,0.9887314438819885,0.8761173486709595,0.9981185793876648,0.9565303921699524,1,1.3659598084490365,215.92431541405605,2721.814673871337
950001,28,uav_U1,uav_U2,False,0.9972279071807861,0.9862688779830933,0.9880765676498413,0.8847314119338989,0.997178316116333,0.9663652777671814,0,-4.719630801674276,1808.9245415244095,61528.587905546345
950001,29,uav_U1,uav_U2,False,0.9970236420631409,0.9847264885902405,0.9878289699554443,0.8785969018936157,0.9968452453613281,0.9624722599983215,1,0.5783055876820395,1298.5383838155133,29107.074511492632
950001,30,uav_U1,uav_U2,False,0.9980051517486572,0.9806370735168457,0.9833111763000488,0.8620818257331848,0.9979469180107117,0.9418423771858215,0,-5.352006329082621,1180.692636955899,29959.178721836262
950001,31,uav_U1,uav_U2,False,0.9977442026138306,0.9855872988700867,0.9879323244094849,0.8741272687911987,0.9967928528785706,0.9534460306167603,1,0.8927228687958737,730.4438278906566,11937.047870066932
950001,32,uav_U1,uav_U2,False,0.9974715709686279,0.9844290018081665,0.9878025054931641,0.8809278607368469,0.9973506927490234,0.9652485251426697,1,0.832568680976373,1015.0216032038612,6280.255245392509
950001,33,uav_U1,uav_U2,False,0.9974972009658813,0.9788995981216431,0.9808151721954346,0.8557035326957703,0.9980416297912598,0.9599965810775757,1,0.9325028316749442,780.7498631752197,17699.0057341556
950001,34,uav_U1,uav_U2,False,0.9970260858535767,0.9847428798675537,0.9865442514419556,0.8870497345924377,0.9948755502700806,0.9544859528541565,0,-6.109280943732111,1281.2621240795197,17457.238015593386
950001,35,uav_U1,uav_U2,False,0.9968211650848389,0.9804625511169434,0.9781185388565063,0.8566396236419678,0.9981541037559509,0.9624969363212585,0,-7.500093023488277,5980.07680849626,35194.25527960001
950001,36,uav_U1,uav_U2,False,0.9973700046539307,0.978645384311676,0.9765450358390808,0.8628600239753723,0.997999370098114,0.9579498171806335,0,-4.074434133985954,2027.7531915726663,54437.21992911505
950001,37,uav_U1,uav_U2,False,0.9977575540542603,0.9847712516784668,0.989098310470581,0.8838330507278442,0.9971135854721069,0.956773579120636,1,0.7286502190671136,487.43516953959016,15356.34732813553
950001,38,uav_U1,uav_U2,False,0.9970645904541016,0.9751304984092712,0.9756176471710205,0.8655642867088318,0.9985859394073486,0.9604440927505493,0,-7.0803423337223546,2743.5700250495306,41531.20494966686
950001,39,uav_U1,uav_U2,False,0.9965808987617493,0.9739807844161987,0.9709984660148621,0.8560367822647095,0.9985831379890442,0.9646073579788208,0,-5.93780543013936,4173.38372047741,33183.715522264516
950001,40,uav_U1,uav_U2,False,0.9977466464042664,0.9826912879943848,0.9868781566619873,0.8972898721694946,0.9971362948417664,0.9450541734695435,1,1.4965415877520576,34.5383437070763,1379.9769570754092
950001,41,uav_U1,uav_U2,False,0.9972932934761047,0.9861804842948914,0.9882652759552002,0.8712628483772278,0.9974318146705627,0.9581090211868286,1,0.5024984627752795,1484.1461110591997,46219.6381819655
950001,42,uav_U1,uav_U2,False,0.9967595338821411,0.977082371711731,0.9816833734512329,0.8648417592048645,0.997974693775177,0.9697983264923096,0,-3.6438853792924104,1927.2918508253545,19468.159466881723
950001,43,uav_U1,uav_U2,False,0.9974216818809509,0.9881386756896973,0.9890285730361938,0.881682276725769,0.995937705039978,0.9619477987289429,1,1.2936112432154667,404.9612098071662,9409.772200613643
950001,44,uav_U1,uav_U2,False,0.9966511726379395,0.9756686687469482,0.9588562846183777,0.8495169281959534,0.998281717300415,0.9646281003952026,0,-7.031443681121815,7096.097725165577,270258.24652507517
950001,45,uav_U1,uav_U2,False,0.9975478649139404,0.9805099964141846,0.988061785697937,0.9024279713630676,0.9972784519195557,0.9527146816253662,0,-3.527274914183665,1702.042349133645,28748.49207073975
950001,46,uav_U1,uav_U2,False,0.9975351691246033,0.9853987097740173,0.984500527381897,0.8787697553634644,0.9961476922035217,0.9635633230209351,1,1.3742861800239312,246.59598146412358,5016.514469551955
950001,47,uav_U1,uav_U2,False,0.9973373413085938,0.9870244264602661,0.9879286289215088,0.8920329809188843,0.9952307343482971,0.9524271488189697,1,1.0678993918802127,434.1688228542223,7248.544360158413
950001,48,uav_U1,uav_U2,False,0.9969589114189148,0.9811753034591675,0.9852685928344727,0.8878352642059326,0.9974201917648315,0.9590722322463989,0,-7.5000920060425535,1307.4088580534342,15571.533448952852
950001,49,uav_U1,uav_U2,False,0.9977467060089111,0.9839325547218323,0.9881241321563721,0.8749555349349976,0.9959548711776733,0.9449942111968994,0,-5.908700596347716,722.6249822370091,8071.728044504747
950001,50,uav_U1,uav_U2,False,0.997817873954773,0.9842202663421631,0.9862586259841919,0.8748422861099243,0.9976394176483154,0.9493448734283447,1,0.5025838458861029,943.468217666722,9148.643319462288
950001,51,uav_U1,uav_U2,False,0.9974383115768433,0.9808428287506104,0.9856784343719482,0.8684636354446411,0.9976843595504761,0.9496713876724243,0,-3.834597548384576,922.1427258096022,5459.649382771159
950001,52,uav_U1,uav_U2,False,0.9978747367858887,0.9875301122665405,0.9864009022712708,0.8812724351882935,0.9968737363815308,0.9500843286514282,1,1.371373523228844,230.077199433201,5834.1768307106795
950001,53,uav_U1,uav_U2,False,0.9975829124450684,0.9848271012306213,0.9886776208877563,0.881492555141449,0.9963301420211792,0.9567617774009705,0,-4.034878258487982,1456.5124413261583,32237.272349687762
950001,54,uav_U1,uav_U2,False,0.9974765777587891,0.9818358421325684,0.9891357421875,0.8740233182907104,0.9974195957183838,0.949656069278717,0,-3.511092274422727,575.2589219379702,4857.68833950206
950001,55,uav_U1,uav_U2,False,0.9976070523262024,0.9792231321334839,0.9775267839431763,0.8664327263832092,0.9981169700622559,0.9572091102600098,0,-4.056871634377822,1204.9476227732207,25995.76621164669
950001,56,uav_U1,uav_U2,False,0.9972470998764038,0.977790355682373,0.9744653701782227,0.8709337115287781,0.9985402822494507,0.9553706645965576,0,-7.500091974016664,7042.999393876736,88244.29896638937
950001,57,uav_U1,uav_U2,False,0.9965713024139404,0.9706762433052063,0.9772509932518005,0.8737384080886841,0.9982088804244995,0.9613770246505737,0,-4.745669345378186,1706.6389712467872,25800.229644422576
950001,58,uav_U1,uav_U2,False,0.9979574680328369,0.9847114086151123,0.9879903197288513,0.885765016078949,0.9964048862457275,0.9476338028907776,1,1.1390415862592405,493.30446850208125,8394.09413180745
950001,59,uav_U1,uav_U2,False,0.9981156587600708,0.9865881204605103,0.9872190952301025,0.8782250881195068,0.9975159168243408,0.9502073526382446,1,1.2826949484723151,395.762687293521,11209.990570103977
950001,60,uav_U1,uav_U2,False,0.9969691634178162,0.9804179072380066,0.9729815721511841,0.8620731830596924,0.9981493949890137,0.9684910774230957,0,-4.920670765456097,2662.6371774825493,75595.34038053938
950001,61,uav_U1,uav_U2,False,0.9979730844497681,0.9853099584579468,0.9866491556167603,0.8736307621002197,0.9973089694976807,0.9536717534065247,1,1.3279727031734918,93.53289502190316,2019.084098564035
950001,62,uav_U1,uav_U2,False,0.9973808526992798,0.9721449613571167,0.9754918813705444,0.8673725128173828,0.9986704587936401,0.95318603515625,0,-7.500092145258598,3304.001986535007,37815.88648616892
950001,63,uav_U1,uav_U2,False,0.9975160956382751,0.9797839522361755,0.9887812733650208,0.8976049423217773,0.9971531629562378,0.9490595459938049,1,0.7068316124245397,1125.3750043331545,11599.040382838537
950001,64,uav_U1,uav_U2,False,0.997869074344635,0.9804399013519287,0.985088586807251,0.8857528567314148,0.9969682097434998,0.9497787952423096,1,0.7947045073932839,377.9891632702757,6874.4554510913595
950001,65,uav_U1,uav_U2,False,0.9972752332687378,0.9850349426269531,0.9853566884994507,0.8774513006210327,0.9953631162643433,0.9624725580215454,1,0.5375903666206625,773.7037080670027,22746.148788356095
950001,66,uav_U1,uav_U2,False,0.9972816705703735,0.9807194471359253,0.9862163066864014,0.8847174048423767,0.9981018900871277,0.9592868685722351,0,-6.012944726186426,2437.9191015184633,14295.266971634108
950001,67,uav_U1,uav_U2,False,0.9974185228347778,0.9781219363212585,0.9834243059158325,0.8815485835075378,0.9981492757797241,0.9432066082954407,1,0.864069176365523,1165.4928900242746,21320.121950999986
950001,68,uav_U1,uav_U2,False,0.9962856769561768,0.9663111567497253,0.9795480370521545,0.8628899455070496,0.9983799457550049,0.9552218317985535,0,-3.520753088986143,1785.1368807143056,27689.458310015016
950001,69,uav_U1,uav_U2,False,0.9974665641784668,0.9824956655502319,0.9877413511276245,0.8856465220451355,0.9963212013244629,0.9603727459907532,0,-4.203097289305899,1493.5354664026074,16283.393450416388
950001,70,uav_U1,uav_U2,False,0.9973857402801514,0.9740167260169983,0.9752908945083618,0.8518698811531067,0.998541533946991,0.9615845084190369,0,-4.0881254270783565,2147.0216115564385,44359.07971951804
950001,71,uav_U1,uav_U2,False,0.9971115589141846,0.9882785081863403,0.9872242212295532,0.8946012258529663,0.9934763312339783,0.9555263519287109,0,-7.50009143301053,4853.644292329498,190497.6511351698
950001,72,uav_U1,uav_U2,False,0.996225118637085,0.9643591046333313,0.9680497646331787,0.8777234554290771,0.9980543851852417,0.9539772272109985,0,-5.88162390208311,3171.877429097105,72339.08500306924
950001,73,uav_U1,uav_U2,False,0.9979175329208374,0.9860630631446838,0.9873653650283813,0.8860305547714233,0.9959600567817688,0.9517443776130676,1,0.9184870475150195,29.075418254334036,729.1509139470502
950001,74,uav_U1,uav_U2,False,0.9979177713394165,0.9838462471961975,0.9883595705032349,0.8888589143753052,0.997087299823761,0.954810380935669,1,1.3106311367068495,178.8668956360292,4489.191994292346
950001,75,uav_U1,uav_U2,False,0.9972801208496094,0.9793829917907715,0.9850759506225586,0.890204906463623,0.997455894947052,0.9551507234573364,1,1.045460568330281,411.729445116298,6097.662283107285
950001,76,uav_U1,uav_U2,False,0.9977207779884338,0.9694560170173645,0.976173460483551,0.8604386448860168,0.998245358467102,0.9497400522232056,0,-4.55735487356111,1902.9683416529726,38514.22213019635
950001,77,uav_U1,uav_U2,False,0.9975001811981201,0.9729058146476746,0.9804807901382446,0.8489301800727844,0.9985302686691284,0.9559346437454224,0,-7.486433249659756,1181.7629004686255,18499.322498872058
950001,78,uav_U1,uav_U2,False,0.9978559017181396,0.982672929763794,0.9866191148757935,0.8923463225364685,0.9972731471061707,0.958339273929596,1,1.157374425951516,353.83735011521213,7302.702435648041
950001,79,uav_U1,uav_U2,False,0.9976280927658081,0.9852481484413147,0.9886069893836975,0.8738506436347961,0.9971519708633423,0.9488789439201355,1,1.2647425741561278,451.98816821681226,7711.017584165462
950001,80,uav_U1,uav_U2,False,0.9976511001586914,0.9856039881706238,0.9888846278190613,0.8995285630226135,0.995063066482544,0.9461221098899841,1,0.7400809711356116,398.9093105941484,8886.60818725206
950001,81,uav_U1,uav_U2,False,0.9968011379241943,0.9745659828186035,0.9804394841194153,0.8700042963027954,0.9982606768608093,0.9441001415252686,0,-7.500091602935296,1672.2811966741838,36328.25109339058
950001,82,uav_U1,uav_U2,False,0.9976325631141663,0.9831360578536987,0.9869499206542969,0.8750196099281311,0.9973350167274475,0.9562103748321533,0,-4.042450799955075,421.06403199570826,9635.523489485362
950001,83,uav_U1,uav_U2,False,0.9978097677230835,0.9754772186279297,0.9795477390289307,0.8695259094238281,0.9977999925613403,0.9426884055137634,0,-4.035462771625726,1398.7229125128447,28176.994585309632
950001,84,uav_U1,uav_U2,False,0.9975522756576538,0.9832645058631897,0.9868355989456177,0.8986098170280457,0.99619460105896,0.9533647894859314,1,0.725097087853857,623.7230344105539,16186.666810645254
950001,85,uav_U1,uav_U2,False,0.9970241785049438,0.97707200050354,0.9833569526672363,0.8794088363647461,0.9976122379302979,0.955957293510437,0,-5.375245549118185,1247.8167840790427,24822.666388701615
950001,86,uav_U1,uav_U2,False,0.9981492757797241,0.980186939239502,0.9847119450569153,0.8863598108291626,0.9957096576690674,0.9397238492965698,0,-3.5047546431175274,1209.614273945517,48234.53501569529
950001,87,uav_U1,uav_U2,False,0.9979785680770874,0.9810255169868469,0.9897840619087219,0.8920421600341797,0.9953967928886414,0.9390696883201599,0,-3.5299749624376524,2027.8404165495037,91119.80729735289
950001,88,uav_U1,uav_U2,False,0.9980825185775757,0.9788000583648682,0.9872403740882874,0.8896169662475586,0.9975334405899048,0.9367465376853943,1,1.3955495691725137,138.79699418867017,3332.5706033240294
950001,89,uav_U1,uav_U2,False,0.9980143904685974,0.9827533960342407,0.9842404723167419,0.8835117220878601,0.9978286623954773,0.958804190158844,1,0.9652972640497044,443.72711575376235,11564.90536818156
950001,90,uav_U1,uav_U2,False,0.9979522228240967,0.9828439950942993,0.9859296083450317,0.882597029209137,0.9974721074104309,0.9621236324310303,1,1.2540098899734908,318.19231179252415,5599.170873964121
950001,91,uav_U1,uav_U2,False,0.9969761371612549,0.9678619503974915,0.973650336265564,0.8535190224647522,0.9979571104049683,0.9584751725196838,0,-3.501000369981276,1939.761196286216,46367.51850208928
950001,92,uav_U1,uav_U2,False,0.9975329637527466,0.9749342203140259,0.9766665101051331,0.8508402705192566,0.9988453984260559,0.9534992575645447,0,-7.077073314845537,7625.248305255024,36526.1829977428
950001,93,uav_U1,uav_U2,False,0.9976128339767456,0.981097936630249,0.985932469367981,0.8884463906288147,0.9977524876594543,0.9587579965591431,1,1.353120962396904,233.39147399070882,3540.958745869984
950001,94,uav_U1,uav_U2,False,0.9976907968521118,0.9858583211898804,0.9859904050827026,0.8779619932174683,0.9958539009094238,0.9483559727668762,0,-5.094260255311275,2064.9582863642395,79623.46021249908
950001,95,uav_U1,uav_U2,False,0.9976862668991089,0.9811288118362427,0.9854637384414673,0.8873032331466675,0.9961657524108887,0.9510355591773987,1,0.9939289098370472,917.340823855911,30785.228716109716
950001,96,uav_U1,uav_U2,False,0.997922420501709,0.9837446212768555,0.9863382577896118,0.888033390045166,0.9945664405822754,0.9504545331001282,0,-4.272605713643887,1263.8025481495883,45612.78690698436
950001,97,uav_U1,uav_U2,False,0.9969819784164429,0.9656084775924683,0.9718464016914368,0.8599247932434082,0.9982872009277344,0.9490583539009094,0,-5.731354835797092,3476.838866404447,45518.39153918377
950001,98,uav_U1,uav_U2,False,0.996889591217041,0.9714446067810059,0.9761484265327454,0.8808525800704956,0.9976966977119446,0.9478774070739746,0,-4.77789610199076,3658.154366626192,148695.79399097268
950001,99,uav_U1,uav_U2,False,0.9980283379554749,0.9857538342475891,0.9870931506156921,0.8809928297996521,0.9976202249526978,0.9600318074226379,1,0.801398943197088,278.7051593219107,4912.972122197772
950002,0,uav_U1,uav_U2,False,0.9975557327270508,0.9856839776039124,0.9884056448936462,0.8901925086975098,0.9956455826759338,0.9670750498771667,1,0.8852523045623355,921.9842718652039,37120.142972416244
950002,1,uav_U1,uav_U2,False,0.9966548085212708,0.9764891862869263,0.9698959589004517,0.8614020347595215,0.9985581040382385,0.9725464582443237,0,-7.500091406033531,3602.014445290785,121604.3406417924
950002,2,uav_U1,uav_U2,False,0.9971392750740051,0.9834028482437134,0.984174370765686,0.8721663951873779,0.997177243232727,0.9608328342437744,1,1.3750014454426311,243.81837355281797,6045.303439614591
950002,3,uav_U1,uav_U2,False,0.9963673949241638,0.9794488549232483,0.9797086119651794,0.8548019528388977,0.9983419179916382,0.961566150188446,0,-4.654340392356518,3358.4734259692855,39143.2556161282
950002,4,uav_U1,uav_U2,False,0.9976630210876465,0.9852787852287292,0.9871653318405151,0.8745150566101074,0.9970218539237976,0.9583848118782043,0,-3.728697082403795,402.98246193155694,6016.822181668353
950002,5,uav_U1,uav_U2,False,0.9972225427627563,0.9829784631729126,0.9854750633239746,0.8799252510070801,0.997244119644165,0.9628426432609558,1,1.249545070831443,401.08188188349743,8156.663453475417
950002,6,uav_U1,uav_U2,False,0.9966760873794556,0.979845404624939,0.9758428335189819,0.8471542000770569,0.998828649520874,0.9662520289421082,0,-3.6097763908562372,2125.046144258822,34066.24201263894
950002,7,uav_U1,uav_U2,False,0.997539758682251,0.9847587943077087,0.985901415348053,0.8828150033950806,0.9960399866104126,0.9661256074905396,0,-4.376337974584118,521.5964380793064,11183.892049713953
950002,8,uav_U1,uav_U2,False,0.9967474937438965,0.9739856123924255,0.9757152199745178,0.8686202764511108,0.9985789060592651,0.96645587682724,1,0.6913187370405767,1571.898395778693,35734.21953657326
950002,9,uav_U1,uav_U2,False,0.9979538321495056,0.9857165813446045,0.9868773818016052,0.8645351529121399,0.9975019097328186,0.9579150676727295,0,-4.68026470000535,473.09752475718096,10513.005785055424
950002,10,uav_U1,uav_U2,False,0.9971756935119629,0.9855442047119141,0.9845645427703857,0.8647729754447937,0.9970466494560242,0.9635787010192871,1,1.4376185619507238,112.80672078093522,2283.232005324402
950002,11,uav_U1,uav_U2,False,0.9971720576286316,0.98499995470047,0.986951470375061,0.8812321424484253,0.9970986843109131,0.9647625088691711,0,-6.601378511602551,3153.889323267735,35008.70293141738
950002,12,uav_U1,uav_U2,False,0.9970735311508179,0.9787967205047607,0.9866629242897034,0.8513175845146179,0.9981997013092041,0.9574891924858093,1,1.0968365799252227,679.9811658434425,6375.265219757419
950002,13,uav_U1,uav_U2,False,0.9975038766860962,0.9791860580444336,0.9797067642211914,0.854935884475708,0.9987902641296387,0.9545193314552307,0,-4.318230315249871,2110.858901798933,46295.10903414422
950002,14,uav_U1,uav_U2,False,0.9975862503051758,0.9868338704109192,0.9854031801223755,0.8713683485984802,0.9971537590026855,0.9629055857658386,1,1.343977442716987,302.9739410966533,10747.71738468039
950002,15,uav_U1,uav_U2,False,0.9977720975875854,0.9864767789840698,0.9871610403060913,0.867406964302063,0.9977324604988098,0.956264317035675,1,0.9337904012797711,375.9018256661662,3380.340867208458
950002,16,uav_U1,uav_U2,False,0.9974968433380127,0.9805200099945068,0.9841867685317993,0.8830838203430176,0.9975529313087463,0.9500908255577087,1,1.0407046198922993,265.41950652692367,3590.410024362273
950002,17,uav_U1,uav_U2,False,0.9965883493423462,0.9813879132270813,0.9841166138648987,0.883529782295227,0.9960978627204895,0.9537498950958252,1,0.8749211972472002,1126.8508949546397,11197.409847669924
950002,18,uav_U1,uav_U2,False,0.9973052144050598,0.9833108186721802,0.9805634021759033,0.8626352548599243,0.998094379901886,0.9667890071868896,0,-4.356424321503368,1657.7051997028047,56112.46307342651
950002,19,uav_U1,uav_U2,False,0.9972662329673767,0.9852653741836548,0.9880664348602295,0.8988887667655945,0.9967149496078491,0.9620357155799866,1,0.9697700606762869,608.5985846735573,10600.78719082851
950002,20,uav_U1,uav_U2,False,0.9981886148452759,0.9858174920082092,0.985306978225708,0.8795123100280762,0.9967869520187378,0.9629528522491455,1,1.359561880204215,186.94148873214468,7112.678952210059
950002,21,uav_U1,uav_U2,False,0.9971009492874146,0.985588014125824,0.9846146106719971,0.8603385090827942,0.9973446726799011,0.9666101336479187,1,1.343288121377341,285.36182192557106,5523.928846451695
950002,22,uav_U1,uav_U2,False,0.9969233274459839,0.9798242449760437,0.9841280579566956,0.8852016925811768,0.9973523616790771,0.9660870432853699,1,0.8043031665346905,943.2405588539017,19062.823048126185
950002,23,uav_U1,uav_U2,False,0.9973787665367126,0.9859163761138916,0.9878084659576416,0.8810741901397705,0.9960272908210754,0.9633081555366516,0,-3.7161375323037187,1402.1010255036197,42808.36106134897
950002,24,uav_U1,uav_U2,False,0.9971437454223633,0.9848385453224182,0.9863818883895874,0.8755510449409485,0.9972203969955444,0.9511712789535522,0,-3.7565802161170607,2313.1953219322513,42083.11828971975
950002,25,uav_U1,uav_U2,False,0.9962881207466125,0.9819132089614868,0.986291766166687,0.8704882264137268,0.9955622553825378,0.9504395723342896,0,-4.2835795394384375,89.17874338257741,375.0527316640706
950002,26,uav_U1,uav_U2,False,0.9976561665534973,0.9789005517959595,0.9729661345481873,0.8580526113510132,0.9983850717544556,0.9657837152481079,0,-3.9170772761928605,1968.192912236231,45799.44815592635
950002,27,uav_U1,uav_U2,False,0.9966461658477783,0.9799642562866211,0.9837866425514221,0.8751394748687744,0.9970159530639648,0.9589318037033081,0,-7.500275778773703,3221.899280785839,40513.58214937688
950002,28,uav_U1,uav_U2,False,0.9964601993560791,0.976125955581665,0.9545109272003174,0.8721420168876648,0.9983933568000793,0.9637582898139954,0,-7.500091397599422,7795.436339699536,248841.14206776803
950002,29,uav_U1,uav_U2,False,0.9974309206008911,0.9839581251144409,0.9790127277374268,0.8618444204330444,0.9983709454536438,0.9607999920845032,0,-5.287786721115641,2757.0302060444646,43001.28832003651
950002,30,uav_U1,uav_U2,False,0.997501015663147,0.9837228059768677,0.9825433492660522,0.8699273467063904,0.9972403049468994,0.960590660572052,1,1.267722338195817,434.42020897731635,15126.365186481946
950002,31,uav_U1,uav_U2,False,0.9972217082977295,0.9760751724243164,0.9766051769256592,0.8619616031646729,0.9980783462524414,0.9679772853851318,0,-6.360484325998474,2181.1219356800925,71035.67145086588
950002,32,uav_U1,uav_U2,False,0.99716717004776,0.9819644689559937,0.9839205145835876,0.8678683638572693,0.9972372651100159,0.9650803804397583,1,1.380264048935099,86.98133666796379,1796.301281913472
950002,33,uav_U1,uav_U2,False,0.9977752566337585,0.9831323027610779,0.986089289188385,0.8771396279335022,0.997719943523407,0.9615991115570068,1,1.0386403652610876,720.9618388978633,19589.329838319536
950002,34,uav_U1,uav_U2,False,0.9960733652114868,0.9767899513244629,0.9705660343170166,0.8468972444534302,0.9978975653648376,0.9679197072982788,0,-5.357611459234985,2394.601820372601,67922.23490785428
950002,35,uav_U1,uav_U2,False,0.9969866275787354,0.9790845513343811,0.9735913872718811,0.8516934514045715,0.9986844658851624,0.9643166661262512,0,-7.500091852318716,2486.8025088890945,33639.6171155516
950002,36,uav_U1,uav_U2,False,0.9978283047676086,0.9836066961288452,0.9864089488983154,0.8822218179702759,0.9971462488174438,0.947846531867981,1,1.1494671074155471,462.2317012149531,7514.493286006851
950002,37,uav_U1,uav_U2,False,0.9977286458015442,0.9838638305664062,0.9859548807144165,0.8874019384384155,0.9963390827178955,0.9544276595115662,1,1.0861563971146488,614.83471279154,7805.36988579955
950002,38,uav_U1,uav_U2,False,0.9962348937988281,0.9706507325172424,0.9759327173233032,0.8728229403495789,0.9985106587409973,0.9634068608283997,0,-3.7771195517871217,1629.4875962580272,25965.247499551486
950002,39,uav_U1,uav_U2,False,0.9978930950164795,0.9836908578872681,0.985945463180542,0.8798496127128601,0.9978199005126953,0.9689438343048096,1,0.735034399391326,813.0609746526266,22928.72713271618
950002,40,uav_U1,uav_U2,False,0.9972057342529297,0.9797168374061584,0.9882475733757019,0.9031208753585815,0.9929795265197754,0.9349712133407593,1,1.0274825069371878,834.7756905070775,7512.882773616258
950002,41,uav_U1,uav_U2,False,0.9973614811897278,0.9828210473060608,0.9846295118331909,0.8756037354469299,0.9969232082366943,0.9579570889472961,1,1.3179762893021099,325.6583562563537,8296.181353809863
950002,42,uav_U1,uav_U2,False,0.9977799654006958,0.9846411347389221,0.9860947132110596,0.8763800859451294,0.996192455291748,0.9603850245475769,1,0.7116881843431835,855.218900141893,27894.677393749877
950002,43,uav_U1,uav_U2,False,0.99725741147995,0.9806736707687378,0.9755443930625916,0.8539497256278992,0.9984172582626343,0.9670814871788025,0,-6.4250428849980015,1440.4570699077165,30860.73644694135
950002,44,uav_U1,uav_U2,False,0.9967097043991089,0.9728875160217285,0.9784166812896729,0.8737510442733765,0.9985248446464539,0.960432767868042,0,-3.9981494228236123,2160.1995543537787,59028.14889525127
950002,45,uav_U1,uav_U2,False,0.9968156814575195,0.9827724695205688,0.9878019094467163,0.8766204118728638,0.9975377917289734,0.9606345891952515,1,0.7729931638435679,1006.050014699235,10766.094424932346
950002,46,uav_U1,uav_U2,False,0.9976049661636353,0.9869969487190247,0.9865167140960693,0.87137770652771,0.9973164200782776,0.95628422498703,1,1.1401882533481371,547.1337126712674,6943.882724414947
950002,47,uav_U1,uav_U2,False,0.996865451335907,0.977533221244812,0.97589111328125,0.8435628414154053,0.9981695413589478,0.9671460390090942,0,-3.7946686515167647,1752.8573592601854,43632.22654347616
950002,48,uav_U1,uav_U2,False,0.9973642826080322,0.9759329557418823,0.9783032536506653,0.8581101894378662,0.998275101184845,0.9584600329399109,0,-4.952023016572185,1809.5253270318628,38938.682458169606
950002,49,uav_U1,uav_U2,False,0.9975398182868958,0.9760150909423828,0.977881669998169,0.8532094955444336,0.9986479878425598,0.9365145564079285,0,-3.641144317923724,2231.8983345958254,30652.826442290705
950002,50,uav_U1,uav_U2,False,0.9976023435592651,0.9854397773742676,0.987788200378418,0.8959933519363403,0.9932016730308533,0.9613877534866333,1,1.0048244629497143,472.3100619172062,14351.200742081897
950002,51,uav_U1,uav_U2,False,0.9969305992126465,0.9816671013832092,0.9842132925987244,0.8817964792251587,0.9970865845680237,0.9570775628089905,0,-3.66754032265076,1612.2463630240102,24465.650639646843
950002,52,uav_U1,uav_U2,False,0.9978863000869751,0.9807900786399841,0.9832578301429749,0.8805283308029175,0.9973510503768921,0.9553396105766296,1,0.8047197521424869,315.6154797443176,5377.985260960912
950002,53,uav_U1,uav_U2,False,0.9970270395278931,0.9843305349349976,0.9872670769691467,0.8915459513664246,0.9971745610237122,0.9617442488670349,0,-3.513441175571799,869.4539074368208,17330.47994200569
950002,54,uav_U1,uav_U2,False,0.9975708723068237,0.9867343902587891,0.9855301380157471,0.8852900266647339,0.9956000447273254,0.9565923810005188,1,1.088231888590924,667.3273694278039,15071.240017156519
950002,55,uav_U1,uav_U2,False,0.9963423013687134,0.9727859497070312,0.9757968783378601,0.8750278353691101,0.9984209537506104,0.9529984593391418,0,-6.8799427222209495,2811.8644410202687,53269.37797169308
950002,56,uav_U1,uav_U2,False,0.9978801012039185,0.9842839241027832,0.9863816499710083,0.8959805965423584,0.9974652528762817,0.953805685043335,1,1.1425279807583002,627.9173516845544,20921.246111745353
950002,57,uav_U1,uav_U2,False,0.9975924491882324,0.986199140548706,0.9868171215057373,0.8837336897850037,0.9961998462677002,0.960244357585907,0,-5.119050581809317,2875.617076601566,128201.92658462432
950002,58,uav_U1,uav_U2,False,0.9978339672088623,0.9843956828117371,0.986376166343689,0.8773560523986816,0.9979347586631775,0.9513977766036987,0,-7.500092206678183,2206.342029472799,21200.311841582326
950002,59,uav_U1,uav_U2,False,0.997525691986084,0.9824786186218262,0.9826507568359375,0.8725156784057617,0.9978338479995728,0.9618738889694214,1,0.6874510043234794,751.5230729106415,21776.19807596926
950002,60,uav_U1,uav_U2,False,0.9969679117202759,0.9742110967636108,0.9763273596763611,0.8570488691329956,0.9986129403114319,0.9536373615264893,0,-5.121646278925056,3187.810076683549,43627.45307302668
950002,61,uav_U1,uav_U2,False,0.9973901510238647,0.9735276699066162,0.9798322916030884,0.853368878364563,0.9983920454978943,0.9486309289932251,0,-3.984153009915766,2435.344624975545,44432.56957036126
950002,62,uav_U1,uav_U2,False,0.9979348182678223,0.9794763326644897,0.9850949048995972,0.8774885535240173,0.9977871179580688,0.9467576146125793,1,1.0847498630961414,682.9343654236907,6672.707290702695
950002,63,uav_U1,uav_U2,False,0.9975034594535828,0.9851630330085754,0.9859609603881836,0.8806909918785095,0.9966223239898682,0.9511809945106506,1,0.9638566786130749,957.3882386216455,22713.799719228562
950002,64,uav_U1,uav_U2,False,0.998238205909729,0.9849614500999451,0.9868676662445068,0.8790161609649658,0.9968728423118591,0.947843611240387,0,-4.16272367727229,628.474890932435,20925.274017901687
950002,65,uav_U1,uav_U2,False,0.9977232217788696,0.9815207719802856,0.9868505001068115,0.8932675123214722,0.9981143474578857,0.9498465657234192,1,0.9292753029389542,845.6775113076908,9685.111396907378
950002,66,uav_U1,uav_U2,False,0.9972617030143738,0.974353551864624,0.9712231159210205,0.8638513684272766,0.9985565543174744,0.9484277367591858,0,-5.57862649020119,4577.780542839653,44739.605711238815
950002,67,uav_U1,uav_U2,False,0.9975260496139526,0.9698704481124878,0.9734737277030945,0.8763777613639832,0.9983806610107422,0.9511711001396179,0,-7.500091654609822,1912.7744211364832,48901.1239986083
950002,68,uav_U1,uav_U2,False,0.9976198077201843,0.9820082187652588,0.9899076819419861,0.9095153212547302,0.9954010248184204,0.9418157339096069,0,-5.571235999706897,2469.200125168992,83642.71775961852
950002,69,uav_U1,uav_U2,False,0.9975427389144897,0.9845491051673889,0.9852303266525269,0.8538985252380371,0.9982540011405945,0.9653441905975342,0,-4.41637650183165,454.15950052595247,11128.856655404345
950002,70,uav_U1,uav_U2,False,0.9977399706840515,0.9820537567138672,0.9860893487930298,0.894062876701355,0.9960391521453857,0.9485166668891907,0,-4.376207905949229,1684.752408922745,51071.7910979144
950002,71,uav_U1,uav_U2,False,0.9976785182952881,0.9814243912696838,0.9839736223220825,0.8777923583984375,0.9978231191635132,0.9482674598693848,0,-6.725423215951877,3997.1634262302928,72386.06788779874
950002,72,uav_U1,uav_U2,False,0.9974126815795898,0.9816150069236755,0.985985279083252,0.877740204334259,0.9974807500839233,0.9460033774375916,1,1.1244554998920138,512.492259668222,4908.845971869826
950002,73,uav_U1,uav_U2,False,0.9976148009300232,0.9825445413589478,0.9893826246261597,0.8837062120437622,0.9970399737358093,0.944819986820221,0,-4.434142153482049,1908.907699061669,33205.45447175663
950002,74,uav_U1,uav_U2,False,0.9979307651519775,0.9811990261077881,0.9867088794708252,0.8790287971496582,0.9973220825195312,0.9406923055648804,1,1.1539512765402777,590.8936075886462,5814.419825261019
950002,75,uav_U1,uav_U2,False,0.9975450038909912,0.985809326171875,0.9869868755340576,0.8803308010101318,0.9967478513717651,0.9518669843673706,1,1.1649909416950532,379.12638890741425,7713.740866027702
950002,76,uav_U1,uav_U2,False,0.9977892637252808,0.982467532157898,0.9865508675575256,0.8835984468460083,0.9968019723892212,0.9437572956085205,1,1.032942528692453,699.0471916476279,8569.37790187745
950002,77,uav_U1,uav_U2,False,0.9977591037750244,0.9818674325942993,0.985200822353363,0.8742622137069702,0.9976662397384644,0.9544112682342529,1,1.3842575752738737,138.89617405223436,1985.720929563472
950002,78,uav_U1,uav_U2,False,0.997484564781189,0.9847329258918762,0.9872982501983643,0.8727734684944153,0.9976021647453308,0.9607818126678467,0,-3.5958505301374704,975.2251000548429,13944.867223724197
950002,79,uav_U1,uav_U2,False,0.9977434873580933,0.9833056926727295,0.9863057136535645,0.8899205327033997,0.9955987930297852,0.9496481418609619,0,-4.741830396204116,869.7946103859316,23062.092550660305
950002,80,uav_U1,uav_U2,False,0.9967849254608154,0.9822080731391907,0.9871441125869751,0.8838053345680237,0.9972615242004395,0.9383452534675598,1,1.3847487908272718,1149.7645971237334,27076.545838784783
950002,81,uav_U1,uav_U2,False,0.9976895451545715,0.981101393699646,0.9891173839569092,0.8619958162307739,0.9978674054145813,0.936124324798584,1,1.2728622063004977,398.6925153838043,5972.253666303124
950002,82,uav_U1,uav_U2,False,0.9976913928985596,0.9791227579116821,0.9865736961364746,0.8821386098861694,0.9979748129844666,0.9488304257392883,1,1.4681346561511806,60.78277506809345,1139.3767494235078
950002,83,uav_U1,uav_U2,False,0.9976893663406372,0.9843555688858032,0.9849094152450562,0.8875014781951904,0.9961841702461243,0.9561058878898621,1,1.0165756902387018,695.9990652301503,21529.918326875566
950002,84,uav_U1,uav_U2,False,0.9977515935897827,0.9726495742797852,0.9727836847305298,0.8581944108009338,0.9986862540245056,0.9546692371368408,0,-3.7394721575351517,1657.0515147160081,34522.90140820816
950002,85,uav_U1,uav_U2,False,0.9977654218673706,0.973562479019165,0.9761871099472046,0.864473819732666,0.9985687732696533,0.9513543844223022,0,-3.5401764461048293,1640.213548090399,37810.92720663768
950002,86,uav_U1,uav_U2,False,0.9976631999015808,0.9813319444656372,0.9829760789871216,0.877662181854248,0.9978007674217224,0.9565078616142273,1,1.3777121946881454,161.29856944915977,2587.4413600250787
950002,87,uav_U1,uav_U2,False,0.9974195957183838,0.984942615032196,0.9897032976150513,0.8889521956443787,0.9970260858535767,0.9477218389511108,1,1.2220170349910042,542.7209550441914,6488.721040300844
950002,88,uav_U1,uav_U2,False,0.9972187280654907,0.9806798100471497,0.9865900278091431,0.8740056753158569,0.9976657629013062,0.9598186612129211,1,0.963289113098758,583.3044356981636,4890.402046657403
950002,89,uav_U1,uav_U2,False,0.9976767301559448,0.9855613708496094,0.988153874874115,0.8796091079711914,0.9974586367607117,0.9457575082778931,1,1.2030874181520101,441.07552879188626,7307.29285449696
950002,90,uav_U1,uav_U2,False,0.9973568916320801,0.9836949110031128,0.9838129281997681,0.8865184783935547,0.9965755343437195,0.9498029947280884,0,-4.1374143120891125,2333.184934431278,70284.78106256793
950002,91,uav_U1,uav_U2,False,0.9975453019142151,0.9826856851577759,0.9868535995483398,0.9034056067466736,0.9953387379646301,0.9453269243240356,0,-4.618789763141301,1019.0935989101429,12873.079189886648
950002,92,uav_U1,uav_U2,False,0.9982730150222778,0.9830182194709778,0.986077606678009,0.8869918584823608,0.9963499307632446,0.9526277780532837,0,-3.718850147033292,934.787781398993,39975.17055393533
950002,93,uav_U1,uav_U2,False,0.9978088140487671,0.9756214618682861,0.9845013618469238,0.8959836959838867,0.9970032572746277,0.9473779201507568,1,1.4220539652168482,102.06714308211342,3557.5342998410306
950002,94,uav_U1,uav_U2,False,0.9972714185714722,0.9721149802207947,0.9771347045898438,0.8556169271469116,0.9986595511436462,0.9504528045654297,0,-4.08917219418827,2526.6366346007267,20565.04550858992
950002,95,uav_U1,uav_U2,False,0.9980301856994629,0.9811440110206604,0.9857602119445801,0.8780847787857056,0.9978728294372559,0.9498111605644226,1,1.3904543396785494,138.6778551487462,2333.1145439015218
950002,96,uav_U1,uav_U2,False,0.9972460865974426,0.9804137349128723,0.9880693554878235,0.8970986604690552,0.996656596660614,0.949303388595581,0,-4.139862031948116,2628.5518689775527,53626.91762073839
950002,97,uav_U1,uav_U2,False,0.9978018403053284,0.9826695919036865,0.9857884049415588,0.8835801482200623,0.9974282383918762,0.9570940136909485,1,1.367878469375684,157.90736882476767,2343.8168231149593
950002,98,uav_U1,uav_U2,False,0.9969774484634399,0.9708554148674011,0.9771555662155151,0.8517131209373474,0.9984104633331299,0.9464570879936218,0,-4.470183171048243,3041.8214004324195,68990.35329188935
950002,99,uav_U1,uav_U2,False,0.9979180097579956,0.9833799600601196,0.9850989580154419,0.8797913193702698,0.9979467988014221,0.9611058235168457,1,1.4540682004614995,69.90604907014452,1623.631614027978
950003,0,uav_U1,uav_U2,False,0.9979127049446106,0.9839358329772949,0.9848531484603882,0.8816416263580322,0.9974101185798645,0.9642840027809143,0,-7.128907359716555,2402.3553282251005,66168.47013773465
950003,1,uav_U1,uav_U2,False,0.9945089817047119,0.9720147848129272,0.9642030000686646,0.8636877536773682,0.9986489415168762,0.9679485559463501,0,-7.500091249912196,8117.1924162065425,145316.31881027904
950003,2,uav_U1,uav_U2,False,0.9975076913833618,0.9862805008888245,0.9852522611618042,0.8756749033927917,0.9970803260803223,0.95743328332901,1,1.0991062650918308,792.7861872080085,15297.160105391504
950003,3,uav_U1,uav_U2,False,0.9966135025024414,0.9770475625991821,0.9673261046409607,0.8596522212028503,0.9984997510910034,0.960883617401123,0,-5.4635673914418135,3585.8047610711465,26734.213607186335
950003,4,uav_U1,uav_U2,False,0.9976730346679688,0.9860795736312866,0.9846587777137756,0.866786539554596,0.9979440569877625,0.9623697996139526,1,0.6475743437289048,236.94873198025329,2652.3927528858085
950003,5,uav_U1,uav_U2,False,0.9969600439071655,0.9810760617256165,0.9764246940612793,0.8758593201637268,0.9982691407203674,0.957456111907959,1,0.916869427844097,1165.4948305095247,24176.352163689877
950003,6,uav_U1,uav_U2,False,0.9976811408996582,0.9883005619049072,0.9870893955230713,0.886315643787384,0.9967427849769592,0.9649426341056824,1,0.6990384374008509,225.0443838493867,3944.2901705995714
950003,7,uav_U1,uav_U2,False,0.9975338578224182,0.9793011546134949,0.9713917970657349,0.8562557697296143,0.998848557472229,0.9556785225868225,0,-4.7143709754778875,2816.5624450408163,27103.937548639242
950003,8,uav_U1,uav_U2,False,0.9969007968902588,0.9799187183380127,0.9616602659225464,0.8539143204689026,0.9987667202949524,0.960695743560791,0,-7.487103577820153,8303.374670657025,131911.8838358437
950003,9,uav_U1,uav_U2,False,0.9977149963378906,0.9811832904815674,0.9713395833969116,0.8578413724899292,0.9981847405433655,0.9394552111625671,0,-4.125260031025695,3175.579174329867,119801.76258177873
950003,10,uav_U1,uav_U2,False,0.9972997903823853,0.985413670539856,0.9854021072387695,0.8737252950668335,0.9962449669837952,0.9555924534797668,0,-4.415185798316229,578.3583250998194,7612.404517376651
950003,11,uav_U1,uav_U2,False,0.9970535039901733,0.9845131039619446,0.9830050468444824,0.8739239573478699,0.9967779517173767,0.9615073204040527,1,1.3511251651262548,270.4877621470977,5488.431198998824
950003,12,uav_U1,uav_U2,False,0.9977577924728394,0.9813823699951172,0.9827191233634949,0.8662089705467224,0.997974157333374,0.9556520581245422,1,0.8862116047092681,706.9782326047365,8972.387709036393
950003,13,uav_U1,uav_U2,False,0.9919989705085754,0.9668653607368469,0.9145441055297852,0.8328461647033691,0.9988601207733154,0.9718947410583496,0,-7.500271946535878,10000.188359799575,258647.08052258636
950003,14,uav_U1,uav_U2,False,0.9977263808250427,0.9852698445320129,0.9842936396598816,0.8856474161148071,0.9978637099266052,0.9538229703903198,1,0.9847088136078068,624.4215105496086,10935.831020122816
950003,15,uav_U1,uav_U2,False,0.9970012903213501,0.9849840998649597,0.9848753809928894,0.885246992111206,0.996624231338501,0.96965092420578,1,0.8392159757492061,1179.3361642420691,37094.63004968481
950003,16,uav_U1,uav_U2,False,0.9971935153007507,0.9793965816497803,0.983434796333313,0.8852217197418213,0.9962912797927856,0.9562318921089172,1,1.0814215758454646,362.4095149235081,6802.428833709821
950003,17,uav_U1,uav_U2,False,0.9977408647537231,0.9862455725669861,0.9863647222518921,0.8872721195220947,0.9968289732933044,0.9557879567146301,1,0.9003012337000651,945.5800420897538,16635.192476830365
950003,18,uav_U1,uav_U2,False,0.9975221157073975,0.9770898222923279,0.9816552400588989,0.8841670751571655,0.998031497001648,0.9603109359741211,1,1.436840636542173,102.73719656947593,2402.195180859071
950003,19,uav_U1,uav_U2,False,0.9975802898406982,0.9769879579544067,0.9772918224334717,0.8759753108024597,0.9983039498329163,0.9326435923576355,0,-4.913892803021365,1414.4873294956496,21504.27276074093
950003,20,uav_U1,uav_U2,False,0.9972301125526428,0.9830449223518372,0.978308916091919,0.860994815826416,0.998389720916748,0.9645683765411377,0,-5.26887348263959,3424.982974635935,52027.550323931566
950003,21,uav_U1,uav_U2,False,0.9968492388725281,0.9726558327674866,0.9669383764266968,0.8645714521408081,0.9989666938781738,0.9566155076026917,0,-7.122618635568921,6337.484078158656,72514.3339473701
950003,22,uav_U1,uav_U2,False,0.9975911378860474,0.9874333739280701,0.9865586757659912,0.8801620006561279,0.99571692943573,0.9357802271842957,1,1.0433326050070781,428.26781190023524,7178.974921577382
950003,23,uav_U1,uav_U2,False,0.9970884919166565,0.9834041595458984,0.9880599975585938,0.8876115083694458,0.9957427382469177,0.9548013806343079,0,-4.313826427583665,1329.467636334914,29283.136537140115
950003,24,uav_U1,uav_U2,False,0.9974227547645569,0.9850187301635742,0.9866521954536438,0.9033249020576477,0.9974367618560791,0.9555392265319824,1,0.6865808233728403,1397.2966597075197,33010.693054574454
950003,25,uav_U1,uav_U2,False,0.997916579246521,0.9831531047821045,0.9798215627670288,0.8691036701202393,0.9973763227462769,0.9532075524330139,1,1.4364112465032826,99.11882770365193,2715.421286924663
950003,26,uav_U1,uav_U2,False,0.9975448846817017,0.9864089488983154,0.9868355989456177,0.9044623374938965,0.9946635961532593,0.9448359608650208,0,-3.8172885021362752,505.80354089194566,10720.436036765845
950003,27,uav_U1,uav_U2,False,0.997971773147583,0.98696368932724,0.9838656187057495,0.8711380362510681,0.9972913861274719,0.9553594589233398,1,1.106878083608688,398.92569519694763,12093.206392246388
950003,28,uav_U1,uav_U2,False,0.9973435401916504,0.9818210005760193,0.9837134480476379,0.8746364712715149,0.9975557923316956,0.9585208296775818,1,0.6953888965683412,924.392372864048,11520.570596528169
950003,29,uav_U1,uav_U2,False,0.9969086647033691,0.9758048057556152,0.9700244665145874,0.8600417375564575,0.9984976053237915,0.9681732058525085,0,-6.008035095048622,4128.849025989928,48819.57657052967
950003,30,uav_U1,uav_U2,False,0.9973677396774292,0.971592903137207,0.9622955322265625,0.8622553944587708,0.9985462427139282,0.9355071187019348,0,-7.500091602519264,6797.093985751159,178112.41738837727
950003,31,uav_U1,uav_U2,False,0.9978839159011841,0.9859065413475037,0.9823622107505798,0.8743736743927002,0.9977723360061646,0.9647912383079529,1,0.8580825698502361,1087.2530222780317,45879.08480952753
950003,32,uav_U1,uav_U2,False,0.9970651865005493,0.9722058773040771,0.957669198513031,0.8534111976623535,0.9982737898826599,0.9650132656097412,0,-3.85266332316378,2628.0469760755846,74491.73603612308
950003,33,uav_U1,uav_U2,False,0.9976151585578918,0.9850335717201233,0.9858856201171875,0.877275824546814,0.9974684715270996,0.9529472589492798,0,-4.661238238611187,778.0126476473885,10183.812633702735
950003,34,uav_U1,uav_U2,False,0.9972367286682129,0.9786957502365112,0.9850473403930664,0.8646202683448792,0.9977487921714783,0.9578203558921814,1,1.2069052121346857,348.38039397534106,4432.803300671093
950003,35,uav_U1,uav_U2,False,0.997989296913147,0.985424280166626,0.9830739498138428,0.8783984780311584,0.9972425103187561,0.9389590620994568,1,0.8265116080828037,33.67418954018413,549.2405940378246
950003,36,uav_U1,uav_U2,False,0.9973950982093811,0.978202223777771,0.9812356233596802,0.884486734867096,0.9974263310432434,0.9592517614364624,1,1.452812876728288,67.817533090272,1925.0151583617753
950003,37,uav_U1,uav_U2,False,0.9969954490661621,0.9819868803024292,0.9863466024398804,0.9076311588287354,0.9935209155082703,0.9369211196899414,1,0.6251343940476839,394.52291093773965,5267.298771467776
950003,38,uav_U1,uav_U2,False,0.9982448816299438,0.9777430295944214,0.9815556406974792,0.8739995360374451,0.9980958104133606,0.9394351243972778,0,-3.9247169381570535,826.2823828493579,12450.410506589029
950003,39,uav_U1,uav_U2,False,0.9966067671775818,0.9792017936706543,0.9866513013839722,0.8973237872123718,0.9956218600273132,0.9506300091743469,0,-6.329126641605733,4273.20330446431,129010.36120130321
950003,40,uav_U1,uav_U2,False,0.9980013370513916,0.9837104082107544,0.9831975698471069,0.8881033658981323,0.997054934501648,0.9472374320030212,1,0.7769713697236262,695.4649803049275,10426.48636898779
950003,41,uav_U1,uav_U2,False,0.9964157938957214,0.9666454195976257,0.9653179049491882,0.8561736941337585,0.9979698061943054,0.961280107498169,0,-4.030439776927558,2929.0865128885807,62531.50244050054
950003,42,uav_U1,uav_U2,False,0.9981255531311035,0.9825541377067566,0.9824174642562866,0.8829731345176697,0.9973181486129761,0.9482727646827698,0,-4.267829154243453,358.850635597124,5665.52770457629
950003,43,uav_U1,uav_U2,False,0.997856080532074,0.9896039366722107,0.9862479567527771,0.8727583289146423,0.9974744915962219,0.948372483253479,1,1.392544199362712,178.33140377120512,3019.5295452544183
950003,44,uav_U1,uav_U2,False,0.9983371496200562,0.9817125797271729,0.9827148914337158,0.8816959857940674,0.9975128769874573,0.9348706007003784,1,1.382870079359397,97.60968773929136,2066.106445362838
950003,45,uav_U1,uav_U2,False,0.9971717000007629,0.9731771945953369,0.9701815843582153,0.8389666676521301,0.9988792538642883,0.9501985907554626,0,-4.5112861381428,3360.704897921171,30913.624012714343
950003,46,uav_U1,uav_U2,False,0.9974706768989563,0.9813181161880493,0.9827166795730591,0.8669716119766235,0.9980150461196899,0.9611294269561768,1,1.2322672390863012,446.42442412100047,4470.061767548317
950003,47,uav_U1,uav_U2,False,0.9979879856109619,0.9830455780029297,0.9846073389053345,0.8741304278373718,0.9971686005592346,0.9577763676643372,1,1.4172267161805128,150.315102699983,4082.571452796507
950003,48,uav_U1,uav_U2,False,0.997046709060669,0.9757885336875916,0.9616000652313232,0.8611188530921936,0.998228132724762,0.9619588851928711,0,-3.9127251972748938,2203.7084652195126,59730.292080073144
950003,49,uav_U1,uav_U2,False,0.9979443550109863,0.9785199761390686,0.9761350154876709,0.8522838950157166,0.9985856413841248,0.9346082210540771,1,0.6101314321269664,1436.0997392527413,31540.090728862953
950003,50,uav_U1,uav_U2,False,0.9978480935096741,0.9839467406272888,0.982642412185669,0.882343590259552,0.9970847964286804,0.9504240155220032,1,0.8183267001835528,1288.1880150148604,14338.144117845664
950003,51,uav_U1,uav_U2,False,0.9978092908859253,0.9693138599395752,0.9726600646972656,0.8703165054321289,0.9982256293296814,0.9294053912162781,1,0.5488607321005106,1651.9693539331536,32150.07685221265
950003,52,uav_U1,uav_U2,False,0.9972319602966309,0.981180727481842,0.984004020690918,0.8803019523620605,0.9963899850845337,0.9601585865020752,1,0.851942940688942,1150.138481012232,24117.121260029005
950003,53,uav_U1,uav_U2,False,0.9980535507202148,0.9872360229492188,0.9859905242919922,0.8864893317222595,0.9973627924919128,0.9475997686386108,0,-3.6468731700169013,1533.2467960129836,39826.62936766815
950003,54,uav_U1,uav_U2,False,0.9977478384971619,0.9812756776809692,0.9833557605743408,0.8795928955078125,0.9976557493209839,0.9565877318382263,0,-5.131839997278608,2076.449219202811,30630.768217262856
950003,55,uav_U1,uav_U2,False,0.9982582926750183,0.983648955821991,0.9811776280403137,0.8673935532569885,0.9983382225036621,0.9531154036521912,1,1.310300348021994,370.8725397187838,6387.049195796187
950003,56,uav_U1,uav_U2,False,0.9976717233657837,0.9798036217689514,0.9886727333068848,0.9131556749343872,0.9945937991142273,0.9151939749717712,1,1.1844237549532721,589.0099865811701,24897.627223461383
950003,57,uav_U1,uav_U2,False,0.9978976249694824,0.9825788736343384,0.9833101034164429,0.8781657218933105,0.997455894947052,0.9510886073112488,1,1.135191924575515,461.730223160335,5173.322625246324
950003,58,uav_U1,uav_U2,False,0.9973832964897156,0.9662672877311707,0.9651461839675903,0.8655485510826111,0.998307466506958,0.9366655349731445,0,-7.085954234595275,3948.42724471672,41502.61607934186
950003,59,uav_U1,uav_U2,False,0.9979622960090637,0.981658935546875,0.987663745880127,0.8759204745292664,0.9982189536094666,0.9479484558105469,1,1.273293925454047,281.6803752602567,1758.0898553286825
950003,60,uav_U1,uav_U2,False,0.9975422620773315,0.9810190200805664,0.9810082912445068,0.8784892559051514,0.9963963627815247,0.9552562832832336,0,-7.500274573028268,900.7405855104827,35041.11743971716
950003,61,uav_U1,uav_U2,False,0.9966868162155151,0.9791752099990845,0.9769455194473267,0.8476390242576599,0.9982563853263855,0.9525389671325684,0,-4.464369727665027,3288.2006343551157,26140.54016822536
950003,62,uav_U1,uav_U2,False,0.9977723360061646,0.9799662828445435,0.9832596778869629,0.8833511471748352,0.9965429902076721,0.9380079507827759,0,-3.6149138550490694,944.2537431902892,8850.999973293016
950003,63,uav_U1,uav_U2,False,0.9971912503242493,0.9703133702278137,0.9718201160430908,0.8595937490463257,0.9984233975410461,0.9629318714141846,0,-3.626439101737269,1814.5454873031183,27532.352054991636
950003,64,uav_U1,uav_U2,False,0.9968749284744263,0.9788676500320435,0.9689990282058716,0.8483889102935791,0.9980395436286926,0.9601879119873047,0,-7.500091419227303,3452.447728458451,122588.71781524766
950003,65,uav_U1,uav_U2,False,0.9976968765258789,0.9810711741447449,0.9834632873535156,0.8852982521057129,0.9968660473823547,0.9616556167602539,0,-3.6910533760508972,969.4428100468258,25264.47698783886
950003,66,uav_U1,uav_U2,False,0.9981100559234619,0.9832483530044556,0.9854147434234619,0.8865936994552612,0.9970501661300659,0.9339447617530823,0,-3.5292179625502165,1563.2429133751064,61766.560902513345
950003,67,uav_U1,uav_U2,False,0.99754798412323,0.981237530708313,0.9823445081710815,0.875554621219635,0.9977419376373291,0.9585346579551697,0,-4.081583273952736,618.3629697837438,6804.160927550483
950003,68,uav_U1,uav_U2,False,0.9980021715164185,0.9866369962692261,0.9865880012512207,0.8942208290100098,0.9962945580482483,0.9535184502601624,1,1.2765844483025754,204.78796836186356,5482.815267551786
950003,69,uav_U1,uav_U2,False,0.9970788359642029,0.9635464549064636,0.9617670774459839,0.8668426275253296,0.9984184503555298,0.9471896886825562,0,-4.683962637340578,2413.177283603677,39687.08310706816
950003,70,uav_U1,uav_U2,False,0.9982033967971802,0.9793013334274292,0.983249306678772,0.8665081858634949,0.9976129531860352,0.9373447895050049,1,0.852686716626224,394.1578602545525,9090.747416712231
950003,71,uav_U1,uav_U2,False,0.9975426197052002,0.97758948802948,0.9733535051345825,0.8571974635124207,0.9979903697967529,0.9455072283744812,0,-6.28978473083073,2110.859084958735,67874.8273728307
950003,72,uav_U1,uav_U2,False,0.9975645542144775,0.9748525023460388,0.9687990546226501,0.859284520149231,0.9982895255088806,0.9451699256896973,0,-7.500091744720222,2576.9725334357486,56127.5407969276
950003,73,uav_U1,uav_U2,False,0.9980401992797852,0.9781904816627502,0.9841738939285278,0.8618627786636353,0.9976141452789307,0.9446586966514587,1,0.9323549783336764,586.8498140676411,8438.142543663305
950003,74,uav_U1,uav_U2,False,0.9972790479660034,0.9674276113510132,0.9740151166915894,0.8490539789199829,0.9981285333633423,0.9395450949668884,0,-7.5000917845084185,1336.1157957821301,24681.56767760686
950003,75,uav_U1,uav_U2,False,0.9981462955474854,0.9891170263290405,0.9876689910888672,0.8801218271255493,0.9973440766334534,0.9390486478805542,1,1.2542877069766305,290.56900034481833,6685.5132496651295
950003,76,uav_U1,uav_U2,False,0.9979973435401917,0.9804442524909973,0.9857220649719238,0.8642714619636536,0.9980777502059937,0.9380634427070618,1,1.1605367252048808,566.4111721188266,15932.717893275918
950003,77,uav_U1,uav_U2,False,0.9976007342338562,0.9759387969970703,0.9814138412475586,0.8861311078071594,0.996448814868927,0.9400168657302856,1,0.906599254080573,478.2070887976996,11395.334215632793
950003,78,uav_U1,uav_U2,False,0.9976577758789062,0.9877941608428955,0.9879610538482666,0.8877217173576355,0.9959458708763123,0.9414026141166687,0,-4.1140320480522545,2115.8760339821742,88935.80363801276
950003,79,uav_U1,uav_U2,False,0.9974672794342041,0.9663606286048889,0.9721375107765198,0.8505213856697083,0.9986868500709534,0.9295481443405151,0,-7.50009242424299,5873.396182063365,47161.93473134864
950003,80,uav_U1,uav_U2,False,0.9978207349777222,0.9833030700683594,0.9864506721496582,0.8888286352157593,0.9962198138237,0.9409054517745972,1,0.9172375757989009,724.842073577052,12380.243942711319
950003,81,uav_U1,uav_U2,False,0.9975664615631104,0.9807226061820984,0.9790014624595642,0.859664797782898,0.9979792237281799,0.9561953544616699,1,1.1185078071070853,692.2413463029948,10013.512515469945
950003,82,uav_U1,uav_U2,False,0.9973649382591248,0.9798048734664917,0.9878636598587036,0.8975778818130493,0.9943408966064453,0.9288089275360107,0,-6.776867993512136,1436.9968615714306,33191.75637082477
950003,83,uav_U1,uav_U2,False,0.9952202439308167,0.9639605283737183,0.9593773484230042,0.8746730089187622,0.9979133009910583,0.9487423300743103,0,-4.110287853448202,2033.6780130653883,33071.96546655318
950003,84,uav_U1,uav_U2,False,0.9975356459617615,0.9865946173667908,0.9855374097824097,0.868972659111023,0.9971369504928589,0.9493651986122131,1,1.2581505872681769,463.2077314496969,10551.649809349965
950003,85,uav_U1,uav_U2,False,0.9968098402023315,0.9722594022750854,0.9597530364990234,0.8571295142173767,0.9982821345329285,0.9519152641296387,0,-7.500091459046227,5204.647148593443,160243.72197697114
950003,86,uav_U1,uav_U2,False,0.9963768720626831,0.9574181437492371,0.9646406173706055,0.8658745288848877,0.9985461235046387,0.943875253200531,0,-7.5000920795805746,3326.8606812164253,29409.237999405446
950003,87,uav_U1,uav_U2,False,0.9976522326469421,0.9844785928726196,0.985396146774292,0.8920430541038513,0.9967288970947266,0.9576985836029053,1,0.7668768184618127,962.4704291900662,28246.627922397725
950003,88,uav_U1,uav_U2,False,0.9978682398796082,0.9728100299835205,0.9840951561927795,0.9005836844444275,0.9967551827430725,0.9195744395256042,1,0.9315731946948118,441.027830198957,6791.664489810271
950003,89,uav_U1,uav_U2,False,0.9975135326385498,0.9796856641769409,0.9789221286773682,0.8714199066162109,0.9974018335342407,0.9579856395721436,1,1.3848185968126163,209.693352297527,4405.410597005596
950003,90,uav_U1,uav_U2,False,0.9977291822433472,0.975895881652832,0.9826513528823853,0.89472496509552,0.9963290095329285,0.9462208151817322,1,1.2813094581168412,435.0112440480994,7339.459690753691
950003,91,uav_U1,uav_U2,False,0.9979539513587952,0.9826873540878296,0.9832441806793213,0.8715111613273621,0.9978681802749634,0.9514825344085693,1,1.1950216550666202,481.41604526328797,14510.95903136174
950003,92,uav_U1,uav_U2,False,0.9974533319473267,0.9799175262451172,0.9859578609466553,0.8893327713012695,0.9963600039482117,0.9564032554626465,0,-4.121231504377337,1540.0828591595102,37691.21421408999
950003,93,uav_U1,uav_U2,False,0.9977656602859497,0.9690804481506348,0.9800082445144653,0.879558265209198,0.9972579479217529,0.9155371785163879,1,1.4946752484364834,53.20172182310598,1827.4460949557
950003,94,uav_U1,uav_U2,False,0.9978939294815063,0.9722247123718262,0.9726688861846924,0.8605837821960449,0.9979714751243591,0.9395757913589478,0,-4.365419284381989,1514.6460501354868,47593.27389787944
950003,95,uav_U1,uav_U2,False,0.9980431199073792,0.9832378625869751,0.9822514653205872,0.8802520632743835,0.9970236420631409,0.9430990815162659,1,1.058655156423922,248.42545366357677,5642.767791217579
950003,96,uav_U1,uav_U2,False,0.9969578981399536,0.9578965902328491,0.9563137888908386,0.8531416654586792,0.9981043338775635,0.9417704343795776,0,-4.950732614749223,2582.9756181455405,56501.680807919176
950003,97,uav_U1,uav_U2,False,0.997382640838623,0.9758235216140747,0.9843055605888367,0.9023473262786865,0.9965709447860718,0.9427006244659424,1,0.5695814229618112,1531.317405641322,20019.188873308784
950003,98,uav_U1,uav_U2,False,0.9972887635231018,0.9767445921897888,0.975915789604187,0.8721532821655273,0.997402012348175,0.9378259181976318,0,-7.500275085828446,2567.6020824289662,56981.05560771288
950003,99,uav_U1,uav_U2,False,0.998100757598877,0.9780416488647461,0.9833788871765137,0.875463604927063,0.9974786639213562,0.9417957067489624,1,0.944190149358042,270.07896358903866,6070.603730537834
950004,0,uav_U1,uav_U2,False,0.9984180331230164,0.9815785884857178,0.9817638993263245,0.8648855090141296,0.9977816939353943,0.9504871368408203,0,-4.2904087119580625,1360.6407186384197,25379.220305228784
950004,1,uav_U1,uav_U2,False,0.9975652694702148,0.9858112931251526,0.9878146648406982,0.876587450504303,0.9970915913581848,0.9605869650840759,1,0.8325783776126139,1255.2465026864677,10810.954102849735
950004,2,uav_U1,uav_U2,False,0.9977008700370789,0.9840475916862488,0.9776803255081177,0.8752583265304565,0.9979085922241211,0.9655166268348694,0,-7.500091536479092,4376.631336613976,174265.688138716
950004,3,uav_U1,uav_U2,False,0.9979749321937561,0.9860963821411133,0.9874144792556763,0.8794912695884705,0.9963791966438293,0.9672706127166748,1,1.2471088701764603,437.09016962507184,11128.123270870015
950004,4,uav_U1,uav_U2,False,0.9970425367355347,0.9818518161773682,0.9767003059387207,0.8722500205039978,0.9972530007362366,0.9690150022506714,0,-4.51627063214309,2812.5699013017493,91285.56893888088
950004,5,uav_U1,uav_U2,False,0.9972438812255859,0.9825292825698853,0.986129105091095,0.884661078453064,0.995222270488739,0.9554861783981323,1,0.971794800523949,320.5647275173226,4336.581314025031
950004,6,uav_U1,uav_U2,False,0.9977544546127319,0.9832975268363953,0.9854253530502319,0.88887619972229,0.9956971406936646,0.9564282298088074,1,0.9301028328263818,415.9579801006613,11169.856767130883
950004,7,uav_U1,uav_U2,False,0.9966081380844116,0.9777190685272217,0.9761431217193604,0.8551316857337952,0.998187243938446,0.9614335894584656,0,-7.500092751200192,7847.402987642345,44861.255468822106
950004,8,uav_U1,uav_U2,False,0.997532844543457,0.9838077425956726,0.9834558963775635,0.8673067688941956,0.9975518584251404,0.9490811824798584,0,-3.617634326264453,1614.8488658330582,27450.75833335186
950004,9,uav_U1,uav_U2,False,0.9972845911979675,0.9843741059303284,0.9863682389259338,0.8819753527641296,0.9950982928276062,0.9575914144515991,1,1.207113575239792,471.98539515281243,16198.875560495473
950004,10,uav_U1,uav_U2,False,0.9977891445159912,0.9849300980567932,0.9881789684295654,0.8964879512786865,0.996370792388916,0.9489049315452576,1,1.0151854071272697,360.63368891405366,6207.041839398642
950004,11,uav_U1,uav_U2,False,0.996708333492279,0.9825509786605835,0.9717156887054443,0.8603031635284424,0.9980180859565735,0.9636796116828918,0,-7.500091420680725,9442.113323573187,300899.62101122626
950004,12,uav_U1,uav_U2,False,0.9975426197052002,0.9812233448028564,0.9794671535491943,0.8626869916915894,0.9983058571815491,0.960800051689148,0,-3.5288724481273337,1924.848300118474,29450.48918183238
950004,13,uav_U1,uav_U2,False,0.9978154897689819,0.9824780821800232,0.9864757657051086,0.8830425143241882,0.9969595670700073,0.9624728560447693,1,1.3177358810374975,307.87075908335146,3840.672330780549
950004,14,uav_U1,uav_U2,False,0.9975239038467407,0.98957359790802,0.98856121301651,0.8873270153999329,0.9945114254951477,0.9572523832321167,0,-4.412501453999385,849.1099933543078,28809.492066196515
950004,15,uav_U1,uav_U2,False,0.9969399571418762,0.9782943725585938,0.9791411757469177,0.8633944392204285,0.9977935552597046,0.9631945490837097,0,-5.028971009874267,4273.8059741468805,70088.46806097084
950004,16,uav_U1,uav_U2,False,0.9972386360168457,0.9804859757423401,0.978724479675293,0.8548445105552673,0.9980127811431885,0.9684363007545471,0,-7.500091710353977,1960.022898112357,42032.51234006503
950004,17,uav_U1,uav_U2,False,0.9971377849578857,0.9793359041213989,0.9808218479156494,0.8745796084403992,0.9976112246513367,0.9693021774291992,0,-3.746640604153561,1942.1234187051139,54094.700444344315
950004,18,uav_U1,uav_U2,False,0.9972611665725708,0.9838963747024536,0.9879663586616516,0.8809332847595215,0.9962352514266968,0.959980845451355,1,1.2137319404051996,445.2904283670248,8330.648854763347
950004,19,uav_U1,uav_U2,False,0.9980895519256592,0.9835455417633057,0.9875941276550293,0.894212007522583,0.9960644245147705,0.9600911736488342,1,1.2917922240597375,159.8328162770095,2251.0072986184755
950004,20,uav_U1,uav_U2,False,0.9976669549942017,0.9866037368774414,0.9878274202346802,0.8822335004806519,0.9963902831077576,0.9563780426979065,1,0.7172640727875124,618.2889636046872,15298.13952687158
950004,21,uav_U1,uav_U2,False,0.9977980852127075,0.9872606992721558,0.9867650270462036,0.8835279941558838,0.9963591694831848,0.9538576602935791,0,-4.092965747897371,895.1952514878478,28081.377654994616
950004,22,uav_U1,uav_U2,False,0.9972960948944092,0.9816036224365234,0.9849255084991455,0.884824812412262,0.9966512322425842,0.9590612053871155,1,0.9300767820594456,760.7251228494082,16399.441014147265
950004,23,uav_U1,uav_U2,False,0.9969749450683594,0.9839389324188232,0.9859111309051514,0.8818886280059814,0.9947828650474548,0.9602938294410706,0,-3.797366167139494,1683.8626377695953,69373.86419578822
950004,24,uav_U1,uav_U2,False,0.9975136518478394,0.9857181310653687,0.9851089715957642,0.8918014168739319,0.9944000244140625,0.9551522135734558,0,-4.0849205160757105,3161.7338880512402,135340.33302003576
950004,25,uav_U1,uav_U2,False,0.9979758262634277,0.984998881816864,0.9876505732536316,0.8921042680740356,0.9932096600532532,0.9526793956756592,1,1.3053313987334985,366.38835040215736,11329.347989321397
950004,26,uav_U1,uav_U2,False,0.9980566501617432,0.9833624362945557,0.9848052859306335,0.8908126950263977,0.9965065121650696,0.9584575891494751,1,1.1857910456905207,506.3569738296837,14816.340100936713
950004,27,uav_U1,uav_U2,False,0.9971227645874023,0.9842522740364075,0.9787701368331909,0.8662495613098145,0.9969822764396667,0.965432345867157,0,-5.775976404087836,4982.621042242556,203204.18166269196
950004,28,uav_U1,uav_U2,False,0.9980289936065674,0.9858441352844238,0.9873749613761902,0.8914376497268677,0.9972713589668274,0.9591517448425293,1,1.0715888667560522,703.7288403104488,22174.395684769126
950004,29,uav_U1,uav_U2,False,0.9978717565536499,0.9868457317352295,0.9869232177734375,0.8774483799934387,0.9965236783027649,0.9617673754692078,1,0.688982124620205,325.1813345610929,6806.746385029572
950004,30,uav_U1,uav_U2,False,0.9968132972717285,0.9744588136672974,0.9709700345993042,0.8767301440238953,0.9982365965843201,0.9629963636398315,0,-5.3788948856993155,3676.23168358155,66237.38391996583
950004,31,uav_U1,uav_U2,False,0.9980376958847046,0.9857720136642456,0.9878835678100586,0.9045632481575012,0.9949097037315369,0.9560112953186035,0,-3.682097185170748,725.7513981969715,24693.85112488539
950004,32,uav_U1,uav_U2,False,0.9973982572555542,0.983555793762207,0.9829716682434082,0.8723683953285217,0.9968754053115845,0.955154299736023,0,-4.275911147013456,2109.6734909850065,45515.28228680458
950004,33,uav_U1,uav_U2,False,0.9972356557846069,0.9863235950469971,0.9898926019668579,0.9104463458061218,0.9911236763000488,0.9552231431007385,1,0.6419824655521875,636.5808762987022,10306.575385181546
950004,34,uav_U1,uav_U2,False,0.9970592856407166,0.983073353767395,0.9883201718330383,0.8919209241867065,0.9953633546829224,0.9649533629417419,0,-7.500092083946675,1676.603958599786,17493.024895361345
950004,35,uav_U1,uav_U2,False,0.9973903894424438,0.9835355281829834,0.9888170957565308,0.8918375372886658,0.9945951700210571,0.9657732248306274,1,0.7266120249419961,743.910727332482,9593.787404432962
950004,36,uav_U1,uav_U2,False,0.9972459673881531,0.9807375073432922,0.9772915840148926,0.8737079501152039,0.9966135621070862,0.9634698033332825,0,-4.653008095356759,3332.714855795693,111894.72384995763
950004,37,uav_U1,uav_U2,False,0.9975689649581909,0.9814469218254089,0.9863916635513306,0.8888881802558899,0.9957126379013062,0.9521529674530029,0,-3.899813047885723,1009.1987629515639,11038.65459439863
950004,38,uav_U1,uav_U2,False,0.9977387189865112,0.9836047887802124,0.9867156147956848,0.8910537958145142,0.9966562390327454,0.9663719534873962,1,1.3745414364698547,179.52533183526344,4704.416386966093
950004,39,uav_U1,uav_U2,False,0.9975082874298096,0.9738502502441406,0.9769991636276245,0.8546646237373352,0.9985460638999939,0.9633448719978333,0,-7.500092796922493,3232.1965978604103,23589.026817049096
950004,40,uav_U1,uav_U2,False,0.9976940155029297,0.98236483335495,0.9853957295417786,0.8657698035240173,0.9980953335762024,0.9491776823997498,0,-7.500091911640422,5161.480782483912,64408.72859867389
950004,41,uav_U1,uav_U2,False,0.9977144598960876,0.9840592741966248,0.9855132102966309,0.8745743632316589,0.9975472092628479,0.9578971266746521,1,0.895360973273037,377.23699852347306,3192.3364344393253
950004,42,uav_U1,uav_U2,False,0.997856080532074,0.9858505725860596,0.9878065586090088,0.8916943073272705,0.9947264194488525,0.9619708061218262,1,1.120396886947748,391.276329294702,12622.154810643606
950004,43,uav_U1,uav_U2,False,0.9971286058425903,0.9837962985038757,0.987846851348877,0.8874698877334595,0.9955282211303711,0.9678463339805603,0,-7.500275162659118,1578.6647465761318,30486.58611615993
950004,44,uav_U1,uav_U2,False,0.9972517490386963,0.9855791330337524,0.9848974943161011,0.887656033039093,0.9934319853782654,0.9514896273612976,0,-5.369304585085077,1962.5417672544254,73942.8584840533
950004,45,uav_U1,uav_U2,False,0.9974209070205688,0.983981728553772,0.9878374338150024,0.9050843119621277,0.9952276945114136,0.9543482065200806,1,1.0751222078370721,751.8714033990626,17659.032209194258
950004,46,uav_U1,uav_U2,False,0.997467041015625,0.9832677245140076,0.9877051711082458,0.8758044242858887,0.9964842796325684,0.9553031325340271,1,0.6125286391996816,465.87425130050457,8032.400725744533
950004,47,uav_U1,uav_U2,False,0.9976489543914795,0.9870337247848511,0.9875715970993042,0.8911561965942383,0.9952729344367981,0.9600052833557129,1,0.5564699226842555,1404.7799205219212,50256.75548829891
950004,48,uav_U1,uav_U2,False,0.9976105690002441,0.973886251449585,0.9802930355072021,0.8714514970779419,0.9985213875770569,0.9559414386749268,0,-5.857064706683424,2349.881001280579,43456.63003359153
950004,49,uav_U1,uav_U2,False,0.9980331659317017,0.9804190397262573,0.9846693277359009,0.884392499923706,0.9969937205314636,0.953277051448822,1,1.4861176539898466,136.06957462326633,3300.0476456849083
950004,50,uav_U1,uav_U2,False,0.9977877736091614,0.9744167327880859,0.9750901460647583,0.8611016869544983,0.9983687996864319,0.9575689435005188,0,-5.515714594622208,5346.698973232363,86224.8719669275
950004,51,uav_U1,uav_U2,False,0.9967427253723145,0.9802907109260559,0.9582895636558533,0.8607662916183472,0.9981301426887512,0.9585502743721008,0,-7.500274915035932,9029.874396476203,188984.50778181117
950004,52,uav_U1,uav_U2,False,0.9980111122131348,0.9848200082778931,0.9860426187515259,0.8832636475563049,0.9971675872802734,0.9680976867675781,1,1.3084124017647067,263.49805697588994,5220.84165758586
950004,53,uav_U1,uav_U2,False,0.9980604648590088,0.9871646761894226,0.9873223304748535,0.8748658299446106,0.9971802234649658,0.9545238018035889,1,0.5652965806017489,46.73493956457366,420.499345822377
950004,54,uav_U1,uav_U2,False,0.9976497292518616,0.9826416969299316,0.9857056736946106,0.8839184045791626,0.9969320297241211,0.9556437730789185,0,-4.228428212944335,2293.502338626257,39001.53771646945
950004,55,uav_U1,uav_U2,False,0.9978339672088623,0.9842913150787354,0.9841252565383911,0.8762043118476868,0.9967820644378662,0.9574632048606873,1,0.9268504746019239,643.5437241179392,11796.04493735468
950004,56,uav_U1,uav_U2,False,0.9970022439956665,0.9745690822601318,0.9786350727081299,0.8524301052093506,0.9978284239768982,0.9693102240562439,0,-7.348386428615673,2870.1904683441408,49303.44186560152
950004,57,uav_U1,uav_U2,False,0.9982643127441406,0.9859676361083984,0.9874505996704102,0.898672342300415,0.9967047572135925,0.9522011876106262,1,1.2382666288562034,299.57964827911763,8427.591376397357
950004,58,uav_U1,uav_U2,False,0.9978778958320618,0.9832592606544495,0.988007664680481,0.8948326110839844,0.9964742660522461,0.9568586349487305,1,1.4166247714072389,72.28997456226097,1329.8713426607617
950004,59,uav_U1,uav_U2,False,0.9974178075790405,0.985561728477478,0.9891325235366821,0.9054973721504211,0.995154619216919,0.9572581052780151,0,-3.579935157444016,1399.4770403505281,26195.99886893505
950004,60,uav_U1,uav_U2,False,0.997907280921936,0.986457347869873,0.9883056879043579,0.8887951374053955,0.9965149164199829,0.9537670016288757,0,-3.5557117660156012,952.1689798559348,12847.039727953854
950004,61,uav_U1,uav_U2,False,0.9973369836807251,0.9762081503868103,0.9777340292930603,0.8845380544662476,0.9967966675758362,0.9555134177207947,0,-7.5000915009239515,5972.536056557082,208826.5777335181
950004,62,uav_U1,uav_U2,False,0.9975299835205078,0.9808398485183716,0.9835069179534912,0.8781622052192688,0.9966620206832886,0.9584376811981201,1,0.9100645140653334,1051.6915271320381,29099.41652568055
950004,63,uav_U1,uav_U2,False,0.9976086616516113,0.9774398803710938,0.977789044380188,0.8631511926651001,0.9964714050292969,0.9555212259292603,0,-3.868206829382472,2390.0972740048583,71524.25038161194
950004,64,uav_U1,uav_U2,False,0.9980612993240356,0.9865796566009521,0.9844807386398315,0.875307559967041,0.9966952800750732,0.9577857255935669,0,-4.541146286408566,679.6711715976733,20678.073126250598
950004,65,uav_U1,uav_U2,False,0.9978433847427368,0.982073962688446,0.987870454788208,0.8984515070915222,0.9968397617340088,0.9529196619987488,1,1.2597919078703228,287.8993210892934,5080.085307004852
950004,66,uav_U1,uav_U2,False,0.9970407485961914,0.9867337942123413,0.9884731769561768,0.8892154693603516,0.9938096404075623,0.9608067870140076,1,1.0771016095675674,714.5435414761315,18205.49250199261
950004,67,uav_U1,uav_U2,False,0.9970324039459229,0.9819096326828003,0.9782775640487671,0.8619866371154785,0.9979649782180786,0.96551513671875,0,-5.398467777201798,4147.57633880084,94106.98501232218
950004,68,uav_U1,uav_U2,False,0.9980807304382324,0.9755846858024597,0.9802086353302002,0.8739530444145203,0.9983259439468384,0.9522530436515808,0,-7.500091960944412,2107.996485038082,36032.91736275754
950004,69,uav_U1,uav_U2,False,0.9978558421134949,0.9831593036651611,0.986474335193634,0.8785897493362427,0.9971821308135986,0.9619063138961792,1,1.1232282337385302,304.73418926791817,9329.932864011427
950004,70,uav_U1,uav_U2,False,0.9978671073913574,0.9745000004768372,0.9802831411361694,0.8724325299263,0.9969202280044556,0.9524389505386353,0,-3.900777255577399,2071.614008034421,61525.152446953914
950004,71,uav_U1,uav_U2,False,0.998003363609314,0.9834502339363098,0.9880949258804321,0.8885858058929443,0.9962913990020752,0.9496752023696899,0,-5.974006762336218,1379.1441980975048,25862.733580208424
950004,72,uav_U1,uav_U2,False,0.9979277849197388,0.9827734231948853,0.9860079288482666,0.873361349105835,0.9976173043251038,0.9617237448692322,1,0.8708379429625561,815.9038367592406,12227.359487164427
950004,73,uav_U1,uav_U2,False,0.9979826807975769,0.9851779937744141,0.9833718538284302,0.8711301684379578,0.9976314902305603,0.9583943486213684,0,-7.500091693800937,1644.966764575096,46802.98415867395
950004,74,uav_U1,uav_U2,False,0.9976907968521118,0.9792205095291138,0.9851323366165161,0.8865450024604797,0.9964452981948853,0.9448984861373901,1,1.3089289358455136,222.2989526667697,1622.5364977063912
950004,75,uav_U1,uav_U2,False,0.9977940917015076,0.9834786653518677,0.9899910688400269,0.9127510786056519,0.9947503209114075,0.9415586590766907,1,1.1559940703097442,397.2210876196667,15344.665993297993
950004,76,uav_U1,uav_U2,False,0.9975605010986328,0.9826929569244385,0.9877907633781433,0.9096893072128296,0.9935693740844727,0.9513464570045471,0,-4.941120701932432,1943.0591812422704,63163.60762166144
950004,77,uav_U1,uav_U2,False,0.9980769157409668,0.9819839596748352,0.985123872756958,0.8879611492156982,0.9966926574707031,0.9614794254302979,1,1.4596306484234987,62.22858853338103,1138.5569920462572
950004,78,uav_U1,uav_U2,False,0.9975419044494629,0.9837609529495239,0.9860182404518127,0.8796718120574951,0.9959985017776489,0.9554842710494995,1,1.3889873819844587,198.54870298181135,6763.375502528739
950004,79,uav_U1,uav_U2,False,0.997429370880127,0.978585422039032,0.988506019115448,0.9122362732887268,0.9930158853530884,0.9366103410720825,0,-4.675307775652041,1574.8565126332194,42091.0099508299
950004,80,uav_U1,uav_U2,False,0.99784916639328,0.9831228852272034,0.9861007928848267,0.8773055076599121,0.9970371723175049,0.9604225158691406,1,1.3068590242092324,249.6126096212863,5813.259746789526
950004,81,uav_U1,uav_U2,False,0.9980420470237732,0.979336142539978,0.9884900450706482,0.8974419236183167,0.9963973164558411,0.9498789310455322,1,1.3675866941645252,233.54762705507443,6695.271087409119
950004,82,uav_U1,uav_U2,False,0.99763023853302,0.9793538451194763,0.988045334815979,0.9013330340385437,0.9961174726486206,0.9512159824371338,1,1.004206484962493,262.72192260469507,5550.766725638178
950004,83,uav_U1,uav_U2,False,0.9976611137390137,0.9828553199768066,0.9781603813171387,0.8623799085617065,0.9980688095092773,0.9574480056762695,0,-4.646278775165815,2528.208303945802,53207.562710939106
950004,84,uav_U1,uav_U2,False,0.9973522424697876,0.9844458103179932,0.9856427311897278,0.8932972550392151,0.9940254092216492,0.9526318311691284,1,0.5949934026221873,1759.1549049755042,63564.919040328314
950004,85,uav_U1,uav_U2,False,0.9978852272033691,0.9812462329864502,0.9884576797485352,0.8794304728507996,0.9971023201942444,0.9537611603736877,1,1.0415040994726048,754.9909596902751,8261.517000408625
950004,86,uav_U1,uav_U2,False,0.9971988797187805,0.9856684803962708,0.9869956970214844,0.8903145790100098,0.9917420148849487,0.957447350025177,0,-4.16922904114431,2088.0911392831813,87250.72291186218
950004,87,uav_U1,uav_U2,False,0.9981268644332886,0.9830663204193115,0.9893460273742676,0.9028048515319824,0.9966809749603271,0.9400373101234436,1,0.6333982062574492,1223.5123486299876,47040.89180782613
950004,88,uav_U1,uav_U2,False,0.9978870153427124,0.9837843775749207,0.9869803786277771,0.885219395160675,0.9966778755187988,0.951556384563446,1,1.344118751105104,218.2609838671689,4291.924271262949
950004,89,uav_U1,uav_U2,False,0.9977128505706787,0.9801374673843384,0.9826697111129761,0.870721697807312,0.9979625940322876,0.960960865020752,0,-7.500092248663097,2335.591505143282,23780.498361137325
950004,90,uav_U1,uav_U2,False,0.9976247549057007,0.9839812517166138,0.9858909845352173,0.8915361166000366,0.9948835372924805,0.9490752816200256,1,0.968448810571251,813.6646596009997,27396.834753187533
950004,91,uav_U1,uav_U2,False,0.9980348944664001,0.9825445413589478,0.9878847599029541,0.8835627436637878,0.9972298741340637,0.956125020980835,1,1.284677652602383,427.23247120762744,8369.32198087319
950004,92,uav_U1,uav_U2,False,0.9971523284912109,0.9852722883224487,0.9868481159210205,0.8841931819915771,0.9949786067008972,0.9611338376998901,1,0.7608749953493492,727.2088345273264,17917.262471187296
950004,93,uav_U1,uav_U2,False,0.9958081245422363,0.9809019565582275,0.9725131392478943,0.8853102326393127,0.9942139983177185,0.9553938508033752,0,-7.500091169146891,9252.0256314173,403689.21366435854
950004,94,uav_U1,uav_U2,False,0.9977471828460693,0.9826244115829468,0.9861152172088623,0.8813611268997192,0.9962652325630188,0.9529509544372559,1,0.9684884706800061,549.4881490578855,16333.809847540428
950004,95,uav_U1,uav_U2,False,0.9976943731307983,0.9791582822799683,0.9887122511863708,0.9024105668067932,0.9957875609397888,0.9466641545295715,1,0.9713903734337637,1035.366352909168,18256.591234624808
950004,96,uav_U1,uav_U2,False,0.9978379011154175,0.9730028510093689,0.9746987819671631,0.8719868659973145,0.9981226325035095,0.9481298923492432,0,-6.150605151091279,5143.573054035199,79844.27400992626
950004,97,uav_U1,uav_U2,False,0.9975143671035767,0.9790344834327698,0.9767846465110779,0.8663337826728821,0.9970551133155823,0.9611303210258484,1,0.5182602427643732,1389.0320428246605,36893.23032076184
950004,98,uav_U1,uav_U2,False,0.9970834255218506,0.973353385925293,0.9826110601425171,0.8635374307632446,0.9976040720939636,0.9494358897209167,0,-4.644662465113547,3864.5158899490516,36470.27414488832
950004,99,uav_U1,uav_U2,False,0.9979788064956665,0.9814995527267456,0.9828546643257141,0.8693298697471619,0.9979540109634399,0.948571503162384,0,-4.007606271238604,979.8843821862108,21910.708181180402
950005,0,uav_U1,uav_U2,False,0.998113214969635,0.9846574664115906,0.9874704480171204,0.8703356981277466,0.9962145686149597,0.9629037976264954,1,0.9283698025155225,890.4570409828892,30128.12263712897
950005,1,uav_U1,uav_U2,False,0.9974740147590637,0.9859846830368042,0.9882566928863525,0.8946987986564636,0.9920545816421509,0.963513970375061,1,1.036179000385826,829.6119222110481,25498.38064962334
950005,2,uav_U1,uav_U2,False,0.9976270794868469,0.9848562479019165,0.9868575930595398,0.8720355033874512,0.9963849782943726,0.963528037071228,0,-7.500275702985277,1743.0956791370957,29649.737046519433
950005,3,uav_U1,uav_U2,False,0.9972904920578003,0.9841799139976501,0.9862571954727173,0.886721134185791,0.9946520924568176,0.9600716829299927,1,1.2087166333467023,392.23530435792867,10507.31119835231
950005,4,uav_U1,uav_U2,False,0.9980391263961792,0.9854003190994263,0.9869118928909302,0.8740698099136353,0.99737548828125,0.9571263790130615,1,1.3816562336407505,224.67881112049795,5680.652135878832
950005,5,uav_U1,uav_U2,False,0.9974677562713623,0.985364556312561,0.9865130186080933,0.8780425786972046,0.996759831905365,0.9669227004051208,0,-4.329710917497666,872.7284074406717,23624.747719020383
950005,6,uav_U1,uav_U2,False,0.9971880316734314,0.9830196499824524,0.9879144430160522,0.8881558775901794,0.9955264925956726,0.9557633399963379,1,1.0660556898922677,798.7220822872678,9543.287345927214
950005,7,uav_U1,uav_U2,False,0.997189998626709,0.9820031523704529,0.9854986071586609,0.888500452041626,0.9961177110671997,0.9573659300804138,0,-4.688861466412696,2053.0661461700993,50783.67206751587
950005,8,uav_U1,uav_U2,False,0.9971809983253479,0.9848097562789917,0.9803097248077393,0.8501536250114441,0.998166561126709,0.9679015874862671,0,-7.500091577578112,3050.7686629254063,79683.32646005404
950005,9,uav_U1,uav_U2,False,0.9977784156799316,0.9843974113464355,0.9866458177566528,0.8891786336898804,0.9945759773254395,0.9537187218666077,1,0.7573339378428836,496.0396483178312,11595.455524471086
950005,10,uav_U1,uav_U2,False,0.9977376461029053,0.9899438619613647,0.9882127046585083,0.8871864080429077,0.995317816734314,0.9587891101837158,0,-3.5398334757361027,1547.1360206102195,67027.55910426294
950005,11,uav_U1,uav_U2,False,0.9974668025970459,0.9847612977027893,0.988669216632843,0.8901712894439697,0.9929272532463074,0.9487494230270386,0,-3.7079670838793106,634.1340707188244,3961.916233959749
950005,12,uav_U1,uav_U2,False,0.9968913793563843,0.9614186882972717,0.9857333898544312,0.8741438984870911,0.9982360005378723,0.9309379458427429,1,1.4788590849211145,211.36306008121116,2184.5849944177994
950005,13,uav_U1,uav_U2,False,0.9975074529647827,0.984694242477417,0.9888008236885071,0.904143214225769,0.995728075504303,0.9555225372314453,1,0.9592878265294447,917.4326492763004,14865.748978181964
950005,14,uav_U1,uav_U2,False,0.9974850416183472,0.9870135188102722,0.9871493577957153,0.8862638473510742,0.9937303066253662,0.9566770195960999,0,-3.83523811905974,567.4371794630586,12042.193304059741
950005,15,uav_U1,uav_U2,False,0.9977757930755615,0.984195351600647,0.9820407629013062,0.8716704249382019,0.9976765513420105,0.9697222113609314,1,0.9332716289773013,927.5839584393758,18180.65296640274
950005,16,uav_U1,uav_U2,False,0.9964851140975952,0.9799052476882935,0.9733684062957764,0.8746381998062134,0.9965963959693909,0.9636719226837158,0,-7.500091328108692,9629.239331134906,373565.84557067684
950005,17,uav_U1,uav_U2,False,0.997421383857727,0.981589138507843,0.9870799779891968,0.8955011963844299,0.9955486059188843,0.9599509239196777,0,-4.263063933732871,597.6474261902972,6803.28965594838
950005,18,uav_U1,uav_U2,False,0.9973337054252625,0.9841320514678955,0.9890914559364319,0.8989282250404358,0.9963252544403076,0.9536349773406982,0,-4.064546490206545,1722.463051939819,8274.46159830988
950005,19,uav_U1,uav_U2,False,0.9971119165420532,0.9863898158073425,0.9888383150100708,0.9054650664329529,0.9937953948974609,0.9617470502853394,1,0.9056279931906768,799.9015466585797,24612.615163411996
950005,20,uav_U1,uav_U2,False,0.9979782104492188,0.9870070219039917,0.9879153966903687,0.8965612649917603,0.9962738156318665,0.9605921506881714,1,1.346289716437914,113.06329472591129,3594.371121531075
950005,21,uav_U1,uav_U2,False,0.997512936592102,0.9836867451667786,0.9799187183380127,0.851508378982544,0.9977825284004211,0.9639072418212891,0,-7.500091525928006,3380.2291193514466,129546.37611312726
950005,22,uav_U1,uav_U2,False,0.9976257085800171,0.9862976670265198,0.9891324043273926,0.888502836227417,0.9955803751945496,0.9563443660736084,1,1.4426827757116043,97.79809511751628,1614.7732988670998
950005,23,uav_U1,uav_U2,False,0.9978134036064148,0.9876114130020142,0.9893757104873657,0.8852842450141907,0.9966779947280884,0.9688021540641785,1,0.8418067508113414,1239.2054750655448,48118.58706705049
950005,24,uav_U1,uav_U2,False,0.99754798412323,0.9837782382965088,0.9843882322311401,0.8689558506011963,0.9971259236335754,0.9541919827461243,1,0.7637225998877886,1465.745709983412,32695.629686124645
950005,25,uav_U1,uav_U2,False,0.9976428747177124,0.9876600503921509,0.9882078170776367,0.8914813995361328,0.9955480098724365,0.9620143175125122,1,0.8267465785469634,1296.5097286613757,46445.199241559174
950005,26,uav_U1,uav_U2,False,0.9961534738540649,0.9803669452667236,0.9825671911239624,0.8585924506187439,0.9976181983947754,0.9633206129074097,0,-6.514013132530531,5555.2677936630635,159002.65259335077
950005,27,uav_U1,uav_U2,False,0.9981118440628052,0.9832204580307007,0.9871636629104614,0.8831570148468018,0.9963805079460144,0.9509989023208618,0,-7.500275281435427,1577.762580782087,39533.62879784723
950005,28,uav_U1,uav_U2,False,0.9978727102279663,0.9850215911865234,0.9882231950759888,0.8996740579605103,0.993600606918335,0.9577597975730896,1,1.25175263091622,444.44685644865524,13066.589745498586
950005,29,uav_U1,uav_U2,False,0.9976285696029663,0.9830577373504639,0.9849683046340942,0.8784086108207703,0.9965329170227051,0.9632841348648071,0,-3.6633382696694285,1523.8531760587114,53951.28713337925
950005,30,uav_U1,uav_U2,False,0.9974311590194702,0.9828633069992065,0.9740427732467651,0.861600399017334,0.9981201887130737,0.9608152508735657,0,-7.500274724115356,4578.402339008908,146500.07524645707
950005,31,uav_U1,uav_U2,False,0.9979937076568604,0.9839543104171753,0.9833474159240723,0.8628514409065247,0.9981334805488586,0.9497066140174866,1,0.6256619755491024,1589.3798060658098,45923.55924903351
950005,32,uav_U1,uav_U2,False,0.9974483251571655,0.9861032962799072,0.9869802594184875,0.8651173114776611,0.9966368079185486,0.9601600170135498,1,1.2593237473472507,422.947575612007,9034.396971292459
950005,33,uav_U1,uav_U2,False,0.9978920221328735,0.984666645526886,0.9812765121459961,0.8666622638702393,0.9975789785385132,0.9538217782974243,0,-4.635338103749888,1671.8978227614716,33925.95154478065
950005,34,uav_U1,uav_U2,False,0.9976138472557068,0.9847729206085205,0.9872870445251465,0.8853737711906433,0.995827317237854,0.9527739882469177,1,0.9629782769140685,821.5029230420797,18176.26269402347
950005,35,uav_U1,uav_U2,False,0.9974665641784668,0.9812910556793213,0.9826115369796753,0.8687057495117188,0.9982080459594727,0.9676069021224976,0,-7.500091779487942,1454.8374279554348,28866.350160440623
950005,36,uav_U1,uav_U2,False,0.9977490901947021,0.9858406186103821,0.9885310530662537,0.8745408654212952,0.9976556301116943,0.9577256441116333,1,0.5500989622672852,1017.2448044786821,6979.157914669716
950005,37,uav_U1,uav_U2,False,0.9969066977500916,0.9826492071151733,0.979422926902771,0.8882139921188354,0.9964261054992676,0.9603155851364136,0,-7.337890874825016,7038.9982625955345,287819.94663908106
950005,38,uav_U1,uav_U2,False,0.9979376792907715,0.9798986911773682,0.9852821230888367,0.8928894400596619,0.997174084186554,0.9613365530967712,1,1.4249377093804751,128.19921279782685,2251.6405420313877
950005,39,uav_U1,uav_U2,False,0.9976961016654968,0.9823424220085144,0.9866033792495728,0.8833368420600891,0.9961799383163452,0.9586089849472046,1,0.575311308566308,917.2000043610279,15948.296299777356
950005,40,uav_U1,uav_U2,False,0.9980560541152954,0.9855165481567383,0.9879348874092102,0.8811477422714233,0.9974954724311829,0.956420361995697,1,1.0550512160657533,511.5854783348126,10386.001957370925
950005,41,uav_U1,uav_U2,False,0.9971780776977539,0.9852584600448608,0.9894353151321411,0.9021859169006348,0.9954135417938232,0.953242838382721,0,-3.7458216399836903,453.44568941668444,8313.7995038621
950005,42,uav_U1,uav_U2,False,0.9977357983589172,0.9834152460098267,0.9883036613464355,0.8956632614135742,0.9954230189323425,0.9611655473709106,1,1.083673359538071,618.9410486792023,11202.623662518768
950005,43,uav_U1,uav_U2,False,0.9973947405815125,0.9789829254150391,0.979231595993042,0.8613321185112,0.9981486201286316,0.9639929533004761,0,-6.73199693384155,3673.293703723931,71589.4882508743
950005,44,uav_U1,uav_U2,False,0.9970866441726685,0.9865630269050598,0.9869083166122437,0.8907702565193176,0.9947254061698914,0.9517905712127686,0,-7.5002742507913895,5363.708326242242,219629.42036774376
950005,45,uav_U1,uav_U2,False,0.9974501132965088,0.9831947088241577,0.9886985421180725,0.8900100588798523,0.9950281977653503,0.9535515904426575,0,-3.7698195467721334,2020.136186217114,19189.495945306244
950005,46,uav_U1,uav_U2,False,0.9973889589309692,0.9824581742286682,0.9781835079193115,0.8623944520950317,0.9979244470596313,0.9597711563110352,0,-5.690847305838501,2383.494445569979,53155.97836020436
950005,47,uav_U1,uav_U2,False,0.9979645013809204,0.9779658317565918,0.9770907759666443,0.8694310784339905,0.998085618019104,0.9485583305358887,0,-3.7025975704949903,2252.2929534361224,34719.81823565324
950005,48,uav_U1,uav_U2,False,0.9973758459091187,0.982239842414856,0.9879144430160522,0.8998607993125916,0.9954261779785156,0.9638373851776123,1,0.7052246696797109,1193.6151152370815,44784.44297104744
950005,49,uav_U1,uav_U2,False,0.9965048432350159,0.978500247001648,0.9745534658432007,0.8594486117362976,0.9981986880302429,0.9633482694625854,0,-7.029733405718975,3922.669486225668,42904.831577401885
950005,50,uav_U1,uav_U2,False,0.997774064540863,0.983718991279602,0.986939549446106,0.8876472115516663,0.99432373046875,0.9522310495376587,1,1.0649685385891563,374.4830956282594,8676.096645498497
950005,51,uav_U1,uav_U2,False,0.9968641996383667,0.9825732707977295,0.9826468229293823,0.8633401393890381,0.9975910186767578,0.9709776639938354,0,-7.078993859310379,1359.9339722495442,28952.019295988168
950005,52,uav_U1,uav_U2,False,0.9979926347732544,0.9857826232910156,0.9885368347167969,0.8829571008682251,0.9974109530448914,0.9541191458702087,1,1.1146785273738258,263.49709766346945,5473.301755706122
950005,53,uav_U1,uav_U2,False,0.9965924024581909,0.9649901390075684,0.9636704921722412,0.8329753279685974,0.9988922476768494,0.9491331577301025,0,-7.500275379638748,8589.266826892765,122738.70753995248
950005,54,uav_U1,uav_U2,False,0.9976736307144165,0.9797909259796143,0.9801949858665466,0.8720294237136841,0.9975905418395996,0.9605470895767212,0,-4.926211513070785,1530.881599670072,37624.98470282544
950005,55,uav_U1,uav_U2,False,0.9975075721740723,0.9845806360244751,0.9872990846633911,0.8912383317947388,0.9949756860733032,0.9442101716995239,0,-6.072723351027909,2079.271585343893,40148.10716903687
950005,56,uav_U1,uav_U2,False,0.9982404708862305,0.9849110841751099,0.9863355755805969,0.8816500902175903,0.9974017143249512,0.9535640478134155,1,1.0768955638322684,518.6131182570767,7914.376083559794
950005,57,uav_U1,uav_U2,False,0.9977115392684937,0.9840511083602905,0.9894117116928101,0.8924782276153564,0.9964544773101807,0.9521225690841675,0,-4.3857850755331995,1380.326567602596,7253.051376374686
950005,58,uav_U1,uav_U2,False,0.9974678754806519,0.9842332005500793,0.9882395267486572,0.9018082022666931,0.9946854114532471,0.9538013339042664,1,1.0129921766457255,913.9413033602053,15032.519739659314
950005,59,uav_U1,uav_U2,False,0.9979289770126343,0.9846622943878174,0.986196756362915,0.888971745967865,0.9956703186035156,0.9605066776275635,1,1.1497499343525723,392.1774766196892,14959.501781251762
950005,60,uav_U1,uav_U2,False,0.9969493746757507,0.9788749814033508,0.9662885665893555,0.8740748167037964,0.9973364472389221,0.9635308980941772,0,-7.500091462602142,11032.102300490627,364165.0703040554
950005,61,uav_U1,uav_U2,False,0.9978946447372437,0.976824164390564,0.985336184501648,0.9034228324890137,0.9964017271995544,0.9402649998664856,0,-5.747145687679257,1269.5980676526665,25163.253626944483
950005,62,uav_U1,uav_U2,False,0.9978591203689575,0.9678662419319153,0.9780148267745972,0.8478236198425293,0.9984272718429565,0.9462301135063171,0,-7.500092116229219,4453.681917521408,58883.25293934113
950005,63,uav_U1,uav_U2,False,0.9980446100234985,0.9730454683303833,0.9763936400413513,0.8580819368362427,0.9977062940597534,0.9445980787277222,0,-3.571841699622175,1806.9703219921175,44279.05200607055
950005,64,uav_U1,uav_U2,False,0.9971718192100525,0.9817194938659668,0.9893498420715332,0.8829514980316162,0.9966654777526855,0.9530635476112366,1,1.138952444645667,486.20679446822373,4052.350988305465
950005,65,uav_U1,uav_U2,False,0.9977391958236694,0.9844937324523926,0.9884471893310547,0.8871131539344788,0.9966913461685181,0.9573894143104553,1,1.2415536665913636,228.90165847253064,2168.8288749276403
950005,66,uav_U1,uav_U2,False,0.9977551698684692,0.9855495691299438,0.9872256517410278,0.877733588218689,0.9965031743049622,0.9542444944381714,1,0.9491894020653675,820.5709318159235,16491.490836770176
950005,67,uav_U1,uav_U2,False,0.9977551102638245,0.9838536977767944,0.9818949103355408,0.8838603496551514,0.9965996146202087,0.9627467393875122,0,-3.6926517648780433,2013.0415658873137,68768.91191318957
950005,68,uav_U1,uav_U2,False,0.9982091188430786,0.9857390522956848,0.9867641925811768,0.8867645859718323,0.9960198998451233,0.9545137882232666,1,1.3938535446376903,117.61467325605528,3332.3951766330106
950005,69,uav_U1,uav_U2,False,0.9972736239433289,0.9670572280883789,0.9714009761810303,0.8508567810058594,0.9983657002449036,0.9587348103523254,0,-4.567983944980746,3312.763268286125,60571.3496390845
950005,70,uav_U1,uav_U2,False,0.9976943731307983,0.9820500612258911,0.9879692792892456,0.8887110948562622,0.9948333501815796,0.9452841877937317,0,-6.945545602011217,1324.7451053112713,14055.963842194004
950005,71,uav_U1,uav_U2,False,0.9975365400314331,0.9842206835746765,0.9868710041046143,0.883341908454895,0.9963979125022888,0.9606008529663086,0,-6.890351944325761,1966.836661648434,74300.34778533845
950005,72,uav_U1,uav_U2,False,0.997217059135437,0.9832558631896973,0.9889686107635498,0.8920947313308716,0.9956539273262024,0.9519887566566467,0,-4.699979267124246,1885.3037478526205,49423.8901687025
950005,73,uav_U1,uav_U2,False,0.998022198677063,0.9847783446311951,0.9875014424324036,0.8723041415214539,0.997218132019043,0.9642590284347534,1,1.071777811094294,706.8434618787682,19835.01306802621
950005,74,uav_U1,uav_U2,False,0.9979289770126343,0.9861061573028564,0.9860866069793701,0.8873691558837891,0.9962518811225891,0.9586766362190247,1,1.1502064431676486,483.98733179344845,12120.884681695543
950005,75,uav_U1,uav_U2,False,0.997792661190033,0.9778684973716736,0.9811051487922668,0.8662731647491455,0.9977917671203613,0.9487826824188232,1,0.5612720184674165,1257.7722613595881,18559.052511746897
950005,76,uav_U1,uav_U2,False,0.9977774620056152,0.9828677177429199,0.9902111291885376,0.8954217433929443,0.9967561960220337,0.9505777955055237,0,-4.593967885278913,956.9013024184845,13861.303641101988
950005,77,uav_U1,uav_U2,False,0.9978605508804321,0.9828024506568909,0.9888949990272522,0.8978875875473022,0.9964057803153992,0.943905770778656,0,-6.009045063641917,1277.258827763834,11231.35468629264
950005,78,uav_U1,uav_U2,False,0.9975826740264893,0.9730504751205444,0.9812530875205994,0.8499866127967834,0.9977738261222839,0.9576950669288635,0,-4.057328682870635,1100.9664585182716,20720.16162896497
950005,79,uav_U1,uav_U2,False,0.9977153539657593,0.9861643314361572,0.9876863360404968,0.8954461812973022,0.9948456287384033,0.9541329145431519,0,-4.215146171959906,833.5164597675464,19039.992908614462
950005,80,uav_U1,uav_U2,False,0.9977052211761475,0.9806361198425293,0.9879622459411621,0.8971635699272156,0.9967490434646606,0.9482959508895874,0,-4.194542205794286,1411.4770168471753,19958.129567999677
950005,81,uav_U1,uav_U2,False,0.9976317882537842,0.9852559566497803,0.9884308576583862,0.8878859877586365,0.9951101541519165,0.9555522799491882,0,-7.500091554843646,2805.6157587360326,99027.01495651544
950005,82,uav_U1,uav_U2,False,0.9977988004684448,0.9844242334365845,0.987323522567749,0.883682906627655,0.9965855479240417,0.9514047503471375,1,1.436284842869165,78.12958644293597,1946.5201021916741
950005,83,uav_U1,uav_U2,False,0.9979722499847412,0.9837684631347656,0.9855204820632935,0.8856693506240845,0.9955381751060486,0.9569690227508545,1,1.22308987205941,503.80951066319847,14229.68259600926
950005,84,uav_U1,uav_U2,False,0.9972525835037231,0.9742436408996582,0.9768772125244141,0.8593900203704834,0.9980384111404419,0.9588915705680847,0,-7.074813837652515,3929.6864155756616,106786.31930008242
950005,85,uav_U1,uav_U2,False,0.9976238012313843,0.985252320766449,0.9868813753128052,0.8883717656135559,0.9958527088165283,0.9571114778518677,1,0.824080746010017,636.6295680995577,15366.997708571791
950005,86,uav_U1,uav_U2,False,0.9975351691246033,0.9710773229598999,0.9741966724395752,0.8611791729927063,0.9971683621406555,0.9617682695388794,0,-4.303830338595816,3021.2624547471282,104250.3194243079
950005,87,uav_U1,uav_U2,False,0.9978516101837158,0.9705926775932312,0.9773229956626892,0.8565188050270081,0.9977704286575317,0.946688175201416,0,-5.278513651590894,2039.3616538811461,48101.98532281536
950005,88,uav_U1,uav_U2,False,0.997037947177887,0.9742213487625122,0.9821801781654358,0.8590301871299744,0.9978237152099609,0.9571187496185303,0,-7.500091624688799,2631.340083402367,55334.711276662114
950005,89,uav_U1,uav_U2,False,0.9977967739105225,0.9851138591766357,0.9883430004119873,0.9005919694900513,0.9955045580863953,0.9498113393783569,1,0.9363159168162649,1096.7504563907835,20039.11325210597
950005,90,uav_U1,uav_U2,False,0.9976515173912048,0.9802349209785461,0.988182544708252,0.900511622428894,0.9968848824501038,0.9504855275154114,1,1.184582905440175,556.8644100831041,10369.234234552756
950005,91,uav_U1,uav_U2,False,0.9981310367584229,0.9737432599067688,0.9816029071807861,0.8854612112045288,0.9969825148582458,0.9378921389579773,0,-4.322688283880473,1704.127800722239,50972.65172814523
950005,92,uav_U1,uav_U2,False,0.9976214170455933,0.9776936173439026,0.9799866080284119,0.8694572448730469,0.997416615486145,0.9502070546150208,0,-6.027494228967502,2790.175487118152,88355.98788676754
950005,93,uav_U1,uav_U2,False,0.9974173903465271,0.9833797812461853,0.9880589246749878,0.8968491554260254,0.9926226139068604,0.9478945732116699,1,0.9464132026427305,27.67910980410919,380.5974145399669
950005,94,uav_U1,uav_U2,False,0.9977705478668213,0.9769107103347778,0.9840285778045654,0.8593345284461975,0.9983737468719482,0.9507289528846741,1,0.844769281940849,1291.933574480534,18734.753233914733
950005,95,uav_U1,uav_U2,False,0.9976608753204346,0.9676558375358582,0.9771398305892944,0.8737832903862,0.998042643070221,0.9490868449211121,0,-5.196315562723711,3941.879288878542,98917.39664384595
950005,96,uav_U1,uav_U2,False,0.9978377819061279,0.9862585663795471,0.9868611097335815,0.8892941474914551,0.9954258799552917,0.9515448212623596,0,-3.6288552048176363,555.3515891668424,12000.10203206226
950005,97,uav_U1,uav_U2,False,0.997368335723877,0.984076738357544,0.9886425733566284,0.8753968477249146,0.9971391558647156,0.9611700773239136,1,1.3301957268748408,222.83255199115226,4195.272190645818
950005,98,uav_U1,uav_U2,False,0.9970026016235352,0.9753208756446838,0.9868306517601013,0.8983625173568726,0.9953740239143372,0.9390625357627869,1,1.004040153736222,816.6932288143361,5204.369803237937
950005,99,uav_U1,uav_U2,False,0.9971859455108643,0.9777730703353882,0.9730672240257263,0.8648905754089355,0.9973740577697754,0.955653727054596,0,-7.500091455451734,6886.949384242487,257827.21341390008
950006,0,uav_U1,uav_U2,False,0.9976681470870972,0.9898714423179626,0.9899064302444458,0.8944488763809204,0.9905186295509338,0.9498637914657593,0,-3.8761367355987897,1559.0592181523323,60613.197541081114
950006,1,uav_U1,uav_U2,False,0.9981249570846558,0.9866300225257874,0.9877147078514099,0.8809004426002502,0.996944010257721,0.9501985311508179,1,0.9801507247033285,721.9428250337718,10402.236388870135
950006,2,uav_U1,uav_U2,False,0.9973305463790894,0.9793308973312378,0.9807020425796509,0.856875479221344,0.997718334197998,0.96274733543396,1,0.6705024846372107,1609.8765163638623,29255.6040821865
950006,3,uav_U1,uav_U2,False,0.9977244138717651,0.9815048575401306,0.9795849919319153,0.8759630918502808,0.9979428648948669,0.9562658667564392,0,-4.754764203281007,2344.8588366977865,26047.320393196587
950006,4,uav_U1,uav_U2,False,0.997814416885376,0.984470546245575,0.9838873147964478,0.8736301064491272,0.9959455728530884,0.9571272730827332,0,-7.500275307465373,952.3142982118608,22434.141454838267
950006,5,uav_U1,uav_U2,False,0.9970622062683105,0.9852256178855896,0.9875482320785522,0.883906364440918,0.9956191778182983,0.9586446285247803,1,1.0872958469011464,813.2593728444467,19472.230399720465
950006,6,uav_U1,uav_U2,False,0.9975293874740601,0.9783776998519897,0.9739150404930115,0.8652297258377075,0.9974490404129028,0.9603583216667175,0,-4.362808245789244,3194.558522051848,56090.876818796474
950006,7,uav_U1,uav_U2,False,0.9971358776092529,0.9866666793823242,0.9869018793106079,0.8842294216156006,0.9944372773170471,0.9578518271446228,1,0.9542587092300527,927.0584240556474,14476.580535177716
950006,8,uav_U1,uav_U2,False,0.997799813747406,0.9779630899429321,0.9808186292648315,0.8585343360900879,0.9976414442062378,0.9642878174781799,0,-7.500091624174639,2270.6577652559,74964.01613820028
950006,9,uav_U1,uav_U2,False,0.9976731538772583,0.9859827756881714,0.9862626791000366,0.8813969492912292,0.995198667049408,0.9565044045448303,1,1.061449943512301,369.6205206182458,14369.991685292782
950006,10,uav_U1,uav_U2,False,0.9975457787513733,0.980553150177002,0.9863998889923096,0.8861415982246399,0.996832549571991,0.9642410278320312,1,0.9671580440061398,646.7583721765685,8437.721057656234
950006,11,uav_U1,uav_U2,False,0.9981100559234619,0.987080454826355,0.9874742031097412,0.8696225881576538,0.9967520236968994,0.9569453597068787,1,1.297223007195909,250.51872488042648,4890.376048670373
950006,12,uav_U1,uav_U2,False,0.9974625706672668,0.9817348718643188,0.9874487519264221,0.891335129737854,0.9943767189979553,0.9606485366821289,1,1.438661821094508,113.55117264419512,3333.8375373194567
950006,13,uav_U1,uav_U2,False,0.9981667399406433,0.9865690469741821,0.9870697259902954,0.8868204951286316,0.9969018697738647,0.958297073841095,1,1.3514063459981778,190.23087106230423,4404.367212939144
950006,14,uav_U1,uav_U2,False,0.9977731704711914,0.9852313995361328,0.9863043427467346,0.8798457980155945,0.9962005019187927,0.9621190428733826,1,1.1505488407372553,600.8981547227469,14184.79132673248
950006,15,uav_U1,uav_U2,False,0.9976799488067627,0.981210470199585,0.979573130607605,0.8688176870346069,0.9976274371147156,0.9597207307815552,0,-7.500091593409575,3598.9775097195143,113547.92421581228
950006,16,uav_U1,uav_U2,False,0.9968593716621399,0.9787485599517822,0.9847474098205566,0.894084632396698,0.9966323971748352,0.9615020155906677,0,-4.119145764830831,3131.2507207036488,72056.09249319903
950006,17,uav_U1,uav_U2,False,0.9976171255111694,0.9865118861198425,0.9860352277755737,0.886040985584259,0.9948908686637878,0.9660897850990295,1,0.5259194715344284,924.3155696474178,38850.640462683674
950006,18,uav_U1,uav_U2,False,0.9977996349334717,0.9815238118171692,0.9798121452331543,0.8562034964561462,0.998102605342865,0.9601278305053711,1,0.5514420331817558,1822.003356511461,34939.4209582701
950006,19,uav_U1,uav_U2,False,0.9967794418334961,0.9819850921630859,0.9696879982948303,0.8669367432594299,0.9970722794532776,0.9645963907241821,0,-7.500091376630499,6651.494389953094,269741.47211757035
950006,20,uav_U1,uav_U2,False,0.9974760413169861,0.981721043586731,0.9711534976959229,0.866647481918335,0.9976382255554199,0.9659841060638428,0,-6.224900878315536,5356.275866457681,201044.1470551688
950006,21,uav_U1,uav_U2,False,0.9979424476623535,0.9892165660858154,0.9882380962371826,0.8886513113975525,0.994579553604126,0.9524556994438171,0,-4.746273619348224,2030.5485794082304,89390.27913637155
950006,22,uav_U1,uav_U2,False,0.9972717761993408,0.9802536964416504,0.9809943437576294,0.8528361916542053,0.9981087446212769,0.9664193987846375,0,-3.875837124762758,1652.2703051770532,36733.19921051243
950006,23,uav_U1,uav_U2,False,0.9982906579971313,0.9870476722717285,0.9866514205932617,0.8861211538314819,0.995755672454834,0.9494448900222778,1,1.3436168825662622,268.50851830220387,7312.725245982467
950006,24,uav_U1,uav_U2,False,0.9974145889282227,0.984283447265625,0.9868074655532837,0.8840973973274231,0.995804488658905,0.9569684863090515,0,-4.305389757201293,1826.961699845682,45618.25408510451
950006,25,uav_U1,uav_U2,False,0.997707188129425,0.9841241240501404,0.9892704486846924,0.8954731822013855,0.9953168630599976,0.9604424834251404,0,-4.6243229025283865,947.4070967150016,21098.672238828967
950006,26,uav_U1,uav_U2,False,0.9976017475128174,0.9782960414886475,0.9809176325798035,0.8768547177314758,0.9979920387268066,0.9596183896064758,0,-4.459853647553441,2322.3178045104632,47390.16359549539
950006,27,uav_U1,uav_U2,False,0.997001051902771,0.9700907468795776,0.9755572080612183,0.8940384984016418,0.9962820410728455,0.9429961442947388,0,-5.753948400351063,5411.163926982306,141959.71077678568
950006,28,uav_U1,uav_U2,False,0.9970737099647522,0.9734579920768738,0.9750778675079346,0.8620773553848267,0.9971691966056824,0.9699189066886902,0,-7.500091562615756,3621.918153449964,100891.97568787899
950006,29,uav_U1,uav_U2,False,0.997904896736145,0.9855945110321045,0.9875301718711853,0.8981139659881592,0.9941874742507935,0.9523621797561646,1,1.0264614218679036,547.304599965818,15250.353473630877
950006,30,uav_U1,uav_U2,False,0.9977227449417114,0.9869524836540222,0.9877136945724487,0.8809903860092163,0.9958195686340332,0.95954430103302,1,1.1418026985910041,309.045035369703,6288.003877812938
950006,31,uav_U1,uav_U2,False,0.9978759288787842,0.9836722612380981,0.9877727031707764,0.88522869348526,0.9950945973396301,0.9622814655303955,0,-3.698841977103153,873.8889146575027,21713.857450947075
950006,32,uav_U1,uav_U2,False,0.9970608949661255,0.9832340478897095,0.9871260523796082,0.8922576904296875,0.9920926094055176,0.9593117833137512,1,1.0176275363984666,153.84755960280413,2849.6022183111463
950006,33,uav_U1,uav_U2,False,0.9975204467773438,0.9839092493057251,0.9778417348861694,0.8715090155601501,0.9976251721382141,0.9555652141571045,0,-7.500091617729059,6704.568988530485,178162.44157250403
950006,34,uav_U1,uav_U2,False,0.9975192546844482,0.9837924838066101,0.9873629808425903,0.8932886123657227,0.9930493235588074,0.9533658623695374,1,1.0703457607945768,658.519567291659,21640.2582007309
950006,35,uav_U1,uav_U2,False,0.9972729682922363,0.9801945090293884,0.9767869710922241,0.8632508516311646,0.9975717067718506,0.9634702801704407,0,-5.663813018468431,4049.5634853692895,112199.757936616
950006,36,uav_U1,uav_U2,False,0.997774600982666,0.9854210615158081,0.9856164455413818,0.8787989020347595,0.9967321157455444,0.9552894830703735,1,1.0222602640119052,508.2172265118956,7872.82356842282
950006,37,uav_U1,uav_U2,False,0.9981687068939209,0.9798359870910645,0.981061577796936,0.8930705189704895,0.9974262714385986,0.9448436498641968,0,-4.003008965484661,2705.2511777532122,101853.52027720434
950006,38,uav_U1,uav_U2,False,0.9978518486022949,0.9769219160079956,0.9801963567733765,0.856744110584259,0.9975176453590393,0.9602777361869812,0,-3.6384279085637683,1675.630966187247,51811.35600757292
950006,39,uav_U1,uav_U2,False,0.9982249736785889,0.9851923584938049,0.9872956275939941,0.8909206986427307,0.9958404302597046,0.9554159045219421,1,1.2605718833244817,359.0045074490618,9489.053076778453
950006,40,uav_U1,uav_U2,False,0.9978691339492798,0.9843182563781738,0.9880422353744507,0.8837016820907593,0.9963294267654419,0.9519456028938293,1,0.863220357884718,852.5245855600499,11223.085218995333
950006,41,uav_U1,uav_U2,False,0.998324990272522,0.9869643449783325,0.9877234697341919,0.8917706608772278,0.9967357516288757,0.9563116431236267,1,1.3315943065999527,156.8685474500471,4059.5362010638623
950006,42,uav_U1,uav_U2,False,0.9974650144577026,0.9848620891571045,0.9879421591758728,0.9080954194068909,0.9929746389389038,0.9541909098625183,1,1.2916530271216695,408.1801854119842,7848.510451345357
950006,43,uav_U1,uav_U2,False,0.9978026151657104,0.9794615507125854,0.9789155721664429,0.865189254283905,0.9972124695777893,0.9607304334640503,0,-4.564708931581277,2153.3958428147143,71114.98630165702
950006,44,uav_U1,uav_U2,False,0.9976895451545715,0.9826822876930237,0.9870076775550842,0.8839043974876404,0.9955320358276367,0.9578155875205994,0,-4.195604002197561,825.7144053240169,14653.980524459144
950006,45,uav_U1,uav_U2,False,0.997322142124176,0.9805663228034973,0.9871786832809448,0.8725480437278748,0.9959190487861633,0.9557088017463684,1,1.290144399422397,381.55950314298906,3643.6768609142296
950006,46,uav_U1,uav_U2,False,0.9973915815353394,0.9867781400680542,0.9881042242050171,0.8900271654129028,0.994567334651947,0.9572688341140747,0,-4.247807754505001,3006.0717837644024,79106.94784848299
950006,47,uav_U1,uav_U2,False,0.9979132413864136,0.9760809540748596,0.980457067489624,0.8612298369407654,0.9977752566337585,0.950976550579071,0,-3.939850302939522,2158.1981064163115,58149.80761467509
950006,48,uav_U1,uav_U2,False,0.9977321624755859,0.9810105562210083,0.9849787950515747,0.8935469388961792,0.9969862103462219,0.962017834186554,1,1.28604315139322,269.4699126075556,5155.070993192974
950006,49,uav_U1,uav_U2,False,0.9976624846458435,0.9851329326629639,0.9886113405227661,0.9023487567901611,0.9931332468986511,0.9544037580490112,1,0.8231542178773781,749.843316067495,12681.129240354048
950006,50,uav_U1,uav_U2,False,0.99757981300354,0.9858168363571167,0.9870449304580688,0.8943808674812317,0.9941459894180298,0.9626813530921936,1,0.7394442735160651,1251.7239923629577,41486.87637529714
950006,51,uav_U1,uav_U2,False,0.9972930550575256,0.980434775352478,0.9788506031036377,0.869327962398529,0.9973387122154236,0.9680122137069702,0,-7.500091860217475,1649.8451054242225,27593.705579432426
950006,52,uav_U1,uav_U2,False,0.9979045391082764,0.9845988750457764,0.98872971534729,0.8793175220489502,0.9954190254211426,0.9508121013641357,1,0.7147682596420426,792.9910734264944,9856.451874575978
950006,53,uav_U1,uav_U2,False,0.9966799020767212,0.975275993347168,0.9700477123260498,0.8789560794830322,0.9957295656204224,0.943838894367218,0,-7.5000914494697986,11255.443074444027,312020.4088806915
950006,54,uav_U1,uav_U2,False,0.9972290396690369,0.9837359189987183,0.9881539344787598,0.9071121215820312,0.9946363568305969,0.9601157307624817,0,-4.041732225918494,1205.5629064046702,24765.72793049077
950006,55,uav_U1,uav_U2,False,0.9977226257324219,0.9847732186317444,0.9875544309616089,0.8918036818504333,0.9942682981491089,0.9503611922264099,1,1.2491122264496655,388.2321626271478,7862.922126789338
950006,56,uav_U1,uav_U2,False,0.9977370500564575,0.986899733543396,0.9875451326370239,0.8962202668190002,0.993686854839325,0.956589937210083,1,0.6912270167999082,1445.9222534954765,45516.94629116183
950006,57,uav_U1,uav_U2,False,0.9967033267021179,0.9743391871452332,0.97730553150177,0.8797807097434998,0.9972637295722961,0.9627468585968018,0,-4.676872528253172,2616.490816519935,72719.0679511379
950006,58,uav_U1,uav_U2,False,0.9979054927825928,0.9808781147003174,0.9792484641075134,0.8641186952590942,0.9975283145904541,0.9568513631820679,0,-7.500091751312731,2809.640159336615,68202.90033857364
950006,59,uav_U1,uav_U2,False,0.9980490803718567,0.9848023056983948,0.9876432418823242,0.9028635621070862,0.9938018918037415,0.9464663863182068,1,1.2792370889059268,241.4141722616417,5296.673562440983
950006,60,uav_U1,uav_U2,False,0.9975734949111938,0.9763050079345703,0.974277138710022,0.8528149127960205,0.9982263445854187,0.9603515267372131,0,-7.500092375235683,3886.622922473636,36967.54956434103
950006,61,uav_U1,uav_U2,False,0.9976840019226074,0.9865437150001526,0.9890066385269165,0.9108411073684692,0.994709312915802,0.955991804599762,1,0.9922535009271503,869.6128070637149,26651.20554153756
950006,62,uav_U1,uav_U2,False,0.9978418946266174,0.9841829538345337,0.9869306087493896,0.889958918094635,0.9950796365737915,0.9588650465011597,1,1.2849681357004767,287.16009768893576,7942.377714293914
950006,63,uav_U1,uav_U2,False,0.998073935508728,0.9829730987548828,0.9871029257774353,0.8938194513320923,0.9961928129196167,0.9579980969429016,1,1.2119997038345662,342.3230940835051,6951.701812445014
950006,64,uav_U1,uav_U2,False,0.9978342056274414,0.9843548536300659,0.9866926670074463,0.879442036151886,0.9962297081947327,0.9582454562187195,1,1.3477061736300529,152.81086863825075,3648.448259852704
950006,65,uav_U1,uav_U2,False,0.9975905418395996,0.9826884269714355,0.9752570986747742,0.8783760070800781,0.9970621466636658,0.9509075880050659,0,-7.500091562458583,7090.868072595503,243367.00702927398
950006,66,uav_U1,uav_U2,False,0.9975064992904663,0.9822416305541992,0.9881782531738281,0.9015613794326782,0.9945238828659058,0.9545392990112305,1,1.015254806808597,736.6733800455152,19190.767032386437
950006,67,uav_U1,uav_U2,False,0.9976894855499268,0.9840621948242188,0.9877249002456665,0.9124165773391724,0.9906631708145142,0.9496095776557922,1,0.6872378209207102,441.28012363988483,15386.017961126905
950006,68,uav_U1,uav_U2,False,0.9973223209381104,0.9751834869384766,0.9784431457519531,0.8750027418136597,0.996923565864563,0.9579864144325256,0,-7.500091864677226,4227.63786610876,62485.89439568701
950006,69,uav_U1,uav_U2,False,0.9978518486022949,0.9777929186820984,0.9861148595809937,0.8989377617835999,0.9956448078155518,0.9489942193031311,1,0.8541990460968787,1002.1401772389958,13239.38600679952
950006,70,uav_U1,uav_U2,False,0.997696042060852,0.9836010932922363,0.9883726835250854,0.8934674859046936,0.9950812458992004,0.9522215723991394,1,1.1904310504130995,463.90611789369694,8528.476644354376
950006,71,uav_U1,uav_U2,False,0.9974514842033386,0.9830609560012817,0.986900269985199,0.893837034702301,0.9922282695770264,0.9553900957107544,0,-6.4162863012715885,2702.174416565403,109849.67594092434
950006,72,uav_U1,uav_U2,False,0.9979610443115234,0.9825731515884399,0.9850156307220459,0.8738576769828796,0.9962970018386841,0.9572255611419678,1,1.2705955049584283,351.53579364322076,4598.445914265759
950006,73,uav_U1,uav_U2,False,0.997523307800293,0.9802052974700928,0.975554347038269,0.8717407584190369,0.9977038502693176,0.9567756652832031,0,-5.187358318049894,3345.646877094857,68739.22869911195
950006,74,uav_U1,uav_U2,False,0.9978819489479065,0.9845131039619446,0.9802771806716919,0.8663862943649292,0.9974159002304077,0.9600680470466614,0,-5.618616415576096,2061.3448806688248,68294.31433881288
950006,75,uav_U1,uav_U2,False,0.997489333152771,0.9818273782730103,0.9897539615631104,0.898259162902832,0.9921861290931702,0.9431105852127075,1,0.9478878409621372,734.1869654832094,10622.737750758817
950006,76,uav_U1,uav_U2,False,0.9977138042449951,0.9727290272712708,0.9737131595611572,0.8621373176574707,0.9981712102890015,0.9505605697631836,0,-5.394715541662341,4081.417305094378,19744.300067796794
950006,77,uav_U1,uav_U2,False,0.9978654384613037,0.9816125631332397,0.9787412285804749,0.8748127818107605,0.9969483017921448,0.9622233510017395,0,-4.131639405783418,2142.2220536020664,48786.56782101098
950006,78,uav_U1,uav_U2,False,0.9978693127632141,0.984898567199707,0.9886201620101929,0.8947499990463257,0.9950852990150452,0.9459352493286133,1,1.2287998711521537,479.86172842155514,10265.456187002881
950006,79,uav_U1,uav_U2,False,0.9976810216903687,0.9774363040924072,0.9703720808029175,0.8571532368659973,0.9978777170181274,0.9599511027336121,0,-6.967344662275936,2072.8052392000645,33211.450866605905
950006,80,uav_U1,uav_U2,False,0.9976999759674072,0.9814279675483704,0.9792686700820923,0.8826016187667847,0.9967553019523621,0.9604530334472656,0,-7.500091560930983,4058.469943332994,141415.78284314336
950006,81,uav_U1,uav_U2,False,0.9976667165756226,0.9737393856048584,0.9741945266723633,0.8697930574417114,0.9971469044685364,0.9649752974510193,0,-5.314231301185944,2490.513614501547,78999.7744835622
950006,82,uav_U1,uav_U2,False,0.9978649616241455,0.9820178151130676,0.9870718121528625,0.8928960561752319,0.9951432943344116,0.9453118443489075,0,-5.405773047478994,2702.2830559569757,25990.498593352553
950006,83,uav_U1,uav_U2,False,0.9980707168579102,0.9828197360038757,0.9856301546096802,0.8921455144882202,0.9939150810241699,0.9474567770957947,1,0.8869135972421995,969.1444991280138,24875.02891010187
950006,84,uav_U1,uav_U2,False,0.9969487190246582,0.9810505509376526,0.9890204668045044,0.9080861806869507,0.9933244585990906,0.9488181471824646,1,0.6546888853503676,1670.9988529219065,28680.202209261948
950006,85,uav_U1,uav_U2,False,0.9980969429016113,0.9795756936073303,0.9878063201904297,0.9103261828422546,0.9951704144477844,0.929456353187561,1,1.3898428980173156,172.362327945692,4464.041955542329
950006,86,uav_U1,uav_U2,False,0.9983144998550415,0.9814395308494568,0.9853820204734802,0.8823865652084351,0.996788501739502,0.9462911486625671,1,1.3961115057422862,183.82372600944063,3479.730495876505
950006,87,uav_U1,uav_U2,False,0.997026801109314,0.9664694666862488,0.9807907938957214,0.8789212703704834,0.9970255494117737,0.947249174118042,0,-4.02857068842861,2847.5556888072288,29876.38111728437
950006,88,uav_U1,uav_U2,False,0.9977437257766724,0.9818355441093445,0.9864643812179565,0.8712837100028992,0.9968380331993103,0.9520172476768494,1,0.5251225653256526,200.8057756636692,2356.301684268745
950006,89,uav_U1,uav_U2,False,0.997565746307373,0.9767621159553528,0.9855283498764038,0.8887437582015991,0.9965037107467651,0.9487277865409851,1,1.381976013506841,231.49898304594103,1479.2939362766715
950006,90,uav_U1,uav_U2,False,0.997932493686676,0.9690586924552917,0.980138897895813,0.8837741017341614,0.9965429902076721,0.9306136965751648,0,-3.885243018114765,1664.951321297275,18292.87430953164
950006,91,uav_U1,uav_U2,False,0.9973838925361633,0.9816340804100037,0.9880161881446838,0.8895562291145325,0.9937047362327576,0.9557464122772217,0,-3.6592212054961903,673.4543170786363,18787.178567328472
950006,92,uav_U1,uav_U2,False,0.9980274438858032,0.9832360148429871,0.9868903756141663,0.906808078289032,0.9949994087219238,0.9382740259170532,1,0.5569485561271497,402.6437493299868,9151.217644747743
950006,93,uav_U1,uav_U2,False,0.99835205078125,0.9827089309692383,0.9871973991394043,0.8838537931442261,0.996697187423706,0.9396286606788635,1,1.2274064653750258,359.7021210153889,7709.38383792167
950006,94,uav_U1,uav_U2,False,0.9978467226028442,0.9828928709030151,0.9882816076278687,0.8985615372657776,0.9961744546890259,0.9464260935783386,0,-6.6336208229234295,1624.4769996038049,63722.99643715691
950006,95,uav_U1,uav_U2,False,0.9972261190414429,0.9816489815711975,0.9779592752456665,0.8934973478317261,0.9954718947410583,0.945722222328186,0,-7.246479202886603,9473.789941111017,358660.5472027392
950006,96,uav_U1,uav_U2,False,0.9979726076126099,0.9831138253211975,0.9861518144607544,0.8901369571685791,0.9943295121192932,0.9541280269622803,1,0.9140780934450012,709.4402455406328,15981.282171496969
950006,97,uav_U1,uav_U2,False,0.9957708120346069,0.9587794542312622,0.9698277711868286,0.891623854637146,0.9958682060241699,0.9408503174781799,0,-5.738751017483258,5907.315134194155,119722.10482229189
950006,98,uav_U1,uav_U2,False,0.9978129863739014,0.9738551378250122,0.98248690366745,0.8646335005760193,0.9972442388534546,0.9520902633666992,0,-7.500091787957173,1178.8739747535324,24932.139482977895
950006,99,uav_U1,uav_U2,False,0.9980560541152954,0.984453022480011,0.9883736371994019,0.884566068649292,0.9964200258255005,0.947654664516449,1,1.0796591727475835,602.6372798782169,19285.095170500877
950007,0,uav_U1,uav_U2,False,0.9975166916847229,0.977485179901123,0.984795331954956,0.8954176902770996,0.9946297407150269,0.9473446011543274,1,0.7041122440087833,748.8436878805765,8333.885467071736
950007,1,uav_U1,uav_U2,False,0.9973428845405579,0.982710599899292,0.9730844497680664,0.8624204993247986,0.9974873065948486,0.9695916175842285,0,-7.500091497450931,4097.741905387889,152751.45993103652
950007,2,uav_U1,uav_U2,False,0.9975576996803284,0.9848480224609375,0.9789651036262512,0.8585259914398193,0.998388409614563,0.966467559337616,0,-6.861230542105388,3929.385894689962,59458.35877930289
950007,3,uav_U1,uav_U2,False,0.9979674816131592,0.9856832027435303,0.9877190589904785,0.887576699256897,0.9963996410369873,0.950897216796875,0,-3.6985264189542573,680.7105609467503,5530.065634696953
950007,4,uav_U1,uav_U2,False,0.9970436096191406,0.9815902709960938,0.9873616695404053,0.8847239017486572,0.9962863922119141,0.9679263234138489,1,1.0104876782125534,653.3761382232665,7481.506220760199
950007,5,uav_U1,uav_U2,False,0.9979763627052307,0.9844419360160828,0.9855079650878906,0.8914591073989868,0.9969934225082397,0.9562402367591858,1,1.2207150638172273,198.50622281388175,3378.61386750208
950007,6,uav_U1,uav_U2,False,0.9980199337005615,0.9878488779067993,0.9872243404388428,0.8772946000099182,0.9967995882034302,0.9592093229293823,1,1.2621468492555572,140.04141288680412,3048.611509857321
950007,7,uav_U1,uav_U2,False,0.9974066019058228,0.9851487278938293,0.9876576662063599,0.8943222761154175,0.9944632053375244,0.9604288339614868,0,-3.610051295684504,1087.76041795186,23358.13537488715
950007,8,uav_U1,uav_U2,False,0.9971879124641418,0.9825801849365234,0.9865384101867676,0.8951210975646973,0.9916346073150635,0.9363260865211487,1,0.640789519588888,42.96029460957117,775.6957212553516
950007,9,uav_U1,uav_U2,False,0.9969344139099121,0.9819161891937256,0.9723353385925293,0.8641492128372192,0.9978209733963013,0.9594961404800415,0,-6.244444466437325,6814.722206264785,154074.31161357882
950007,10,uav_U1,uav_U2,False,0.9983317852020264,0.9859256148338318,0.9864639043807983,0.8873875141143799,0.9971439242362976,0.9490358829498291,1,0.7895665889346832,310.4192426488573,6163.394642859309
950007,11,uav_U1,uav_U2,False,0.997870683670044,0.9846383333206177,0.9867601990699768,0.8967764377593994,0.9930699467658997,0.9551804661750793,1,1.1986850766609114,226.82102321967082,5082.970246164895
950007,12,uav_U1,uav_U2,False,0.9964657425880432,0.9859173893928528,0.9718618392944336,0.8673925995826721,0.9969224333763123,0.9676129221916199,0,-7.013500541461504,7740.496824301863,315742.8784522168
950007,13,uav_U1,uav_U2,False,0.9983001947402954,0.9861634373664856,0.9864522218704224,0.8877716064453125,0.9962290525436401,0.9610036611557007,1,1.2273952832879929,409.0419329026122,11672.637593133508
950007,14,uav_U1,uav_U2,False,0.9980120062828064,0.9873309135437012,0.9853873252868652,0.8872434496879578,0.9959301948547363,0.951684296131134,1,1.303925923861649,338.65737985971657,7980.204055207004
950007,15,uav_U1,uav_U2,False,0.9978747367858887,0.9882976412773132,0.9858986139297485,0.8848775625228882,0.9949265122413635,0.9572945833206177,1,1.2103306118157577,458.11167422710514,9912.921197996659
950007,16,uav_U1,uav_U2,False,0.9977482557296753,0.9828415513038635,0.9877361059188843,0.885047197341919,0.9959787130355835,0.9518064260482788,0,-4.989226200607816,995.653850344586,34413.19292648616
950007,17,uav_U1,uav_U2,False,0.9978989362716675,0.9842942953109741,0.9855798482894897,0.8750935792922974,0.9981802701950073,0.9538004398345947,0,-3.707039391652884,2199.0586744701977,53125.903518825035
950007,18,uav_U1,uav_U2,False,0.9969016313552856,0.9815840125083923,0.9865158796310425,0.8798332810401917,0.9952585697174072,0.9513355493545532,1,0.8782151479449003,644.6956679280228,9199.463382236194
950007,19,uav_U1,uav_U2,False,0.9966336488723755,0.9808692932128906,0.987575113773346,0.9005008935928345,0.9942208528518677,0.9484474658966064,1,0.5179974470817883,1547.491208953121,17042.963456170834
950007,20,uav_U1,uav_U2,False,0.9974737167358398,0.9754353165626526,0.9820898771286011,0.8592426180839539,0.9978495836257935,0.953548789024353,0,-4.0764364865745275,2276.2407770448503,20518.52549934255
950007,21,uav_U1,uav_U2,False,0.9980123043060303,0.9877481460571289,0.986717939376831,0.8914670944213867,0.9955766201019287,0.9530484676361084,1,0.5217265115928973,1214.9017959757691,37457.96290233059
950007,22,uav_U1,uav_U2,False,0.9978965520858765,0.9826468825340271,0.9841923713684082,0.85809725522995,0.9980555772781372,0.9563701748847961,0,-3.727633740333237,1782.390313773191,19510.16635024661
950007,23,uav_U1,uav_U2,False,0.9978584051132202,0.9851322174072266,0.9887220859527588,0.9081297516822815,0.9942800998687744,0.944608211517334,1,1.052853456389371,311.5972446823281,8289.150874273073
950007,24,uav_U1,uav_U2,False,0.9961411952972412,0.9678491353988647,0.9663197994232178,0.8626062870025635,0.9988535642623901,0.947384238243103,1,0.9905613654137178,5091.6405268717635,91231.57755752931
950007,25,uav_U1,uav_U2,False,0.9978432059288025,0.9858487844467163,0.9874591827392578,0.8893005847930908,0.9954983592033386,0.9539663195610046,1,1.215826565149896,407.08919199818854,12120.590374900277
950007,26,uav_U1,uav_U2,False,0.9979360103607178,0.9881738424301147,0.9905768632888794,0.9008384346961975,0.9924343824386597,0.9421358108520508,1,0.5434301201342007,1219.5098571971216,53186.65672815636
950007,27,uav_U1,uav_U2,False,0.997356116771698,0.9857038259506226,0.990082323551178,0.9140183329582214,0.9919300079345703,0.9506237506866455,1,1.2244496485945924,513.4544877418148,6310.304180018729
950007,28,uav_U1,uav_U2,False,0.9978751540184021,0.9814498424530029,0.985034704208374,0.8890653848648071,0.9961748123168945,0.9562012553215027,0,-3.9891213430905026,1133.15117285003,13209.374789901563
950007,29,uav_U1,uav_U2,False,0.9981396198272705,0.9834597706794739,0.9842383861541748,0.8933807611465454,0.996009886264801,0.9526289701461792,1,1.2820756741329724,316.94644847593037,9729.620897053905
950007,30,uav_U1,uav_U2,False,0.998339831829071,0.9831520915031433,0.9803380370140076,0.8788226246833801,0.9976972937583923,0.9588885307312012,0,-3.5162347242452086,1083.2082391131476,22092.875317063783
950007,31,uav_U1,uav_U2,False,0.9979038238525391,0.9828281402587891,0.9872989654541016,0.8898884057998657,0.9977053999900818,0.9579103589057922,1,0.7993994372811444,1221.6858050170206,8133.103012927257
950007,32,uav_U1,uav_U2,False,0.9978138208389282,0.9787821769714355,0.9688675403594971,0.865200936794281,0.9981003403663635,0.9609066247940063,0,-4.627186377289943,3045.9995132374756,75551.1546554523
950007,33,uav_U1,uav_U2,False,0.9980543851852417,0.9834097027778625,0.9868676662445068,0.8840602040290833,0.9966123700141907,0.9669304490089417,1,0.8519915794188637,539.7142187756829,7083.030895098955
950007,34,uav_U1,uav_U2,False,0.9969993829727173,0.9823233485221863,0.988377571105957,0.8934468030929565,0.9958762526512146,0.9592391848564148,0,-5.234293749337953,1369.8347919624248,9373.203915619164
950007,35,uav_U1,uav_U2,False,0.9979749321937561,0.9877171516418457,0.9882749319076538,0.8881649971008301,0.9950485825538635,0.9457759261131287,1,1.1103719396426488,551.9730110557238,14083.433065923839
950007,36,uav_U1,uav_U2,False,0.9977779388427734,0.9835429787635803,0.9853758811950684,0.8870048522949219,0.9954425096511841,0.9503833651542664,0,-3.630154551588367,1706.3948867144404,41224.2958348759
950007,37,uav_U1,uav_U2,False,0.998175859451294,0.9878635406494141,0.9880629181861877,0.8960877060890198,0.995182991027832,0.9389339685440063,1,1.27254899544207,329.8982966004049,9052.179578150644
950007,38,uav_U1,uav_U2,False,0.997947633266449,0.9857997298240662,0.9792375564575195,0.8725990653038025,0.9980592131614685,0.9662831425666809,0,-5.923807086752065,2749.2434140647597,66434.78711174481
950007,39,uav_U1,uav_U2,False,0.9975507259368896,0.9859278798103333,0.9882556200027466,0.8866053819656372,0.9955959320068359,0.9557911157608032,0,-3.6201647271164203,1280.2430381546685,17134.481730140677
950007,40,uav_U1,uav_U2,False,0.9977637529373169,0.983128547668457,0.9868743419647217,0.8860299587249756,0.9963129162788391,0.9421125650405884,0,-3.643691037413215,2243.739335009424,13255.273770483038
950007,41,uav_U1,uav_U2,False,0.9976363182067871,0.9773880839347839,0.9850039482116699,0.8955928683280945,0.9966970682144165,0.9496824145317078,1,0.9520009022585412,297.51336696814167,2633.4975559846243
950007,42,uav_U1,uav_U2,False,0.997665524482727,0.9836460947990417,0.988418698310852,0.9096688032150269,0.9898799657821655,0.9386920928955078,1,0.6308575679142574,409.3228684432433,8787.647869535314
950007,43,uav_U1,uav_U2,False,0.9975076913833618,0.9858669638633728,0.9907379746437073,0.8939071893692017,0.9897878170013428,0.9446266889572144,0,-3.9899388449659314,1373.6392744954987,61486.376156267004
950007,44,uav_U1,uav_U2,False,0.9981918931007385,0.98390793800354,0.9881922006607056,0.8930036425590515,0.9962077140808105,0.9420421123504639,1,1.362035002882203,272.02355245220207,5153.29378868268
950007,45,uav_U1,uav_U2,False,0.9976356029510498,0.9802370071411133,0.9821533560752869,0.8744879961013794,0.9964581727981567,0.9637724757194519,0,-4.472932697439756,2872.4566984134426,103323.02144268896
950007,46,uav_U1,uav_U2,False,0.9965860843658447,0.9650720953941345,0.9758355021476746,0.8886556625366211,0.9967799782752991,0.9505878686904907,0,-5.2971185259870515,2998.4122587130723,29942.606509652433
950007,47,uav_U1,uav_U2,False,0.9978570342063904,0.9851344227790833,0.988349199295044,0.9026793241500854,0.996366024017334,0.9500221610069275,1,1.00435956834449,696.7411837330449,11819.22372772573
950007,48,uav_U1,uav_U2,False,0.998113214969635,0.9865967035293579,0.9878767132759094,0.8881140351295471,0.9954685568809509,0.9536027312278748,1,1.0330142875895096,420.2045093964027,8761.332127093674
950007,49,uav_U1,uav_U2,False,0.997821033000946,0.9851772785186768,0.9869219064712524,0.8636007308959961,0.9964597821235657,0.9596558213233948,1,1.0086889974172035,980.9652657947861,43722.856053428564
950007,50,uav_U1,uav_U2,False,0.9977464079856873,0.9819511771202087,0.9860603213310242,0.8902056217193604,0.9958410859107971,0.9556096196174622,1,0.7383394097839924,1394.431962014419,20426.414652256655
950007,51,uav_U1,uav_U2,False,0.9976812601089478,0.9838995933532715,0.9870249032974243,0.9020326733589172,0.9930976629257202,0.9517903923988342,1,0.9981229512800764,951.3849687158104,22411.87321317817
950007,52,uav_U1,uav_U2,False,0.9980800747871399,0.9877364635467529,0.9865086078643799,0.8866158723831177,0.9953888058662415,0.9552173018455505,1,0.855579437086561,972.2924113368723,41972.19833257436
950007,53,uav_U1,uav_U2,False,0.9970636367797852,0.9754184484481812,0.9852779507637024,0.8963848352432251,0.9951826930046082,0.9582456350326538,0,-3.5470295569003447,639.679123272517,17759.72034364903
950007,54,uav_U1,uav_U2,False,0.997637152671814,0.9825407266616821,0.9777631163597107,0.8466362953186035,0.9979424476623535,0.9551328420639038,0,-5.619934467695375,2860.895899013561,91603.24515458962
950007,55,uav_U1,uav_U2,False,0.9980506300926208,0.9814361333847046,0.9855157136917114,0.8895329833030701,0.9959002137184143,0.9518746137619019,1,0.9768985966874502,793.4050983621247,10185.760847958685
950007,56,uav_U1,uav_U2,False,0.9973828196525574,0.9867277145385742,0.9877750873565674,0.88692307472229,0.9933733940124512,0.9511740207672119,1,1.266004285615544,335.1845991152938,9008.273260806272
950007,57,uav_U1,uav_U2,False,0.9981757402420044,0.9847820401191711,0.9859219193458557,0.8787306547164917,0.9970093369483948,0.9547591209411621,1,0.8915414143037432,620.5338865430128,9761.705213396006
950007,58,uav_U1,uav_U2,False,0.9982472658157349,0.9872777462005615,0.9881596565246582,0.8909151554107666,0.9962981939315796,0.9458075761795044,1,1.0844649334874756,347.31063092345994,10461.489251811901
950007,59,uav_U1,uav_U2,False,0.9972124695777893,0.9717401266098022,0.9736907482147217,0.8646273612976074,0.9973621964454651,0.9511879682540894,0,-6.105281659280553,6399.212509749085,208644.33478762856
950007,60,uav_U1,uav_U2,False,0.9973756074905396,0.9707236289978027,0.9611814022064209,0.8473896384239197,0.9984594583511353,0.9614255428314209,0,-6.507513928884047,5987.088428534564,83462.55377929138
950007,61,uav_U1,uav_U2,False,0.9973328709602356,0.9785707592964172,0.983895480632782,0.8762874603271484,0.9969385862350464,0.9549909234046936,0,-7.500091788501401,1947.3550519553212,30994.75153135644
950007,62,uav_U1,uav_U2,False,0.9973869323730469,0.9858620762825012,0.9880015850067139,0.9018268585205078,0.9907846450805664,0.9546785950660706,0,-4.969639253625121,1145.8701236613201,32951.54584707351
950007,63,uav_U1,uav_U2,False,0.9974287748336792,0.9835967421531677,0.9863558411598206,0.8839051723480225,0.996241569519043,0.9486162662506104,1,0.9071203111202171,917.0427912092944,15796.238642019238
950007,64,uav_U1,uav_U2,False,0.997955322265625,0.9826462268829346,0.9894581437110901,0.8921540379524231,0.9966484904289246,0.9444963335990906,1,0.8581256254304679,713.019023566047,3421.234265384477
950007,65,uav_U1,uav_U2,False,0.998235285282135,0.980981707572937,0.9869888424873352,0.881454586982727,0.9946697354316711,0.9421764016151428,1,0.5652672920906106,739.3010687706826,27770.078100264873
950007,66,uav_U1,uav_U2,False,0.9978042840957642,0.9792766571044922,0.9831886291503906,0.887380838394165,0.9958239793777466,0.948931097984314,1,1.3285504006172177,159.19139308944816,3238.630301992402
950007,67,uav_U1,uav_U2,False,0.9979009628295898,0.984501838684082,0.9895538091659546,0.8874810934066772,0.9961171746253967,0.9442013502120972,1,1.19092203267053,414.34982603801967,3971.758672626224
950007,68,uav_U1,uav_U2,False,0.9982331991195679,0.9802723526954651,0.983448326587677,0.8719215393066406,0.9972840547561646,0.9327009320259094,0,-6.18738359576818,844.3898157693089,20062.227906417585
950007,69,uav_U1,uav_U2,False,0.9978746771812439,0.9736554622650146,0.9845319986343384,0.8690178394317627,0.9975740313529968,0.9423311948776245,1,0.5954749142818927,1315.0454487906661,14440.986583140848
950007,70,uav_U1,uav_U2,False,0.997755229473114,0.9751899242401123,0.9874876141548157,0.8981244564056396,0.9961399435997009,0.9405829906463623,1,1.430475244886567,108.17605438176838,1349.3232513815883
950007,71,uav_U1,uav_U2,False,0.997832179069519,0.9822360277175903,0.9865176677703857,0.8726223707199097,0.9962990880012512,0.9552788138389587,1,0.9921853829627065,734.6745768809271,10204.877101552556
950007,72,uav_U1,uav_U2,False,0.9968416690826416,0.9670605659484863,0.9771015644073486,0.8787581324577332,0.9974355101585388,0.9556171298027039,0,-7.046176997766593,3505.0319525866907,106598.17948709088
950007,73,uav_U1,uav_U2,False,0.9976570010185242,0.9818381667137146,0.9824174642562866,0.8649805188179016,0.9973726272583008,0.9547377228736877,0,-4.281777077658669,1523.3409735197777,34703.32260336658
950007,74,uav_U1,uav_U2,False,0.9973570108413696,0.9620036482810974,0.9753541946411133,0.8702394366264343,0.9970104694366455,0.9459116458892822,0,-7.500092109567098,3307.1935219932393,39221.23010540788
950007,75,uav_U1,uav_U2,False,0.9984173774719238,0.9847843050956726,0.9877277612686157,0.8845235109329224,0.9967441558837891,0.954592764377594,1,1.2278569527226681,495.13345210840436,17554.72350287608
950007,76,uav_U1,uav_U2,False,0.9976319670677185,0.9740443825721741,0.9787952899932861,0.8543784618377686,0.9980164170265198,0.9561949968338013,0,-5.512177458379263,3518.1159498527963,55445.741427783105
950007,77,uav_U1,uav_U2,False,0.9973758459091187,0.9851516485214233,0.9856825470924377,0.8739942312240601,0.9954524636268616,0.9543460011482239,1,0.6191149656911703,782.1444166892619,14750.380222421187
950007,78,uav_U1,uav_U2,False,0.997894287109375,0.9872179627418518,0.9877814054489136,0.8932837247848511,0.9936116337776184,0.9495221376419067,1,0.9448261330146079,782.1108466473206,24111.49450947953
950007,79,uav_U1,uav_U2,False,0.9978103637695312,0.983677864074707,0.987755298614502,0.9093723297119141,0.9940892457962036,0.9456658363342285,0,-4.045909661167574,539.4903902646122,9337.903331590995
950007,80,uav_U1,uav_U2,False,0.9982728958129883,0.9866078495979309,0.9871342778205872,0.8828612565994263,0.996364414691925,0.9534879326820374,1,1.2737386336848824,297.6390275339499,6302.422800069525
950007,81,uav_U1,uav_U2,False,0.9978547096252441,0.9809091091156006,0.9877309799194336,0.8793233036994934,0.9959843158721924,0.9432305693626404,1,1.347859938316197,297.55855434469913,7016.186451917093
950007,82,uav_U1,uav_U2,False,0.9980145692825317,0.9850277304649353,0.9885756373405457,0.8892570734024048,0.9955495595932007,0.9405296444892883,1,1.4057096137912055,74.60523144716491,1333.190070084996
950007,83,uav_U1,uav_U2,False,0.9974395632743835,0.9807255864143372,0.9888044595718384,0.9145383834838867,0.9926031231880188,0.94281405210495,1,1.1332521265442894,691.5135558197825,14219.44546408226
950007,84,uav_U1,uav_U2,False,0.9977428913116455,0.9786224961280823,0.9757795929908752,0.8613890409469604,0.9975143671035767,0.9600787162780762,0,-4.377646497935801,2311.2700259444287,69624.16015671755
950007,85,uav_U1,uav_U2,False,0.9978717565536499,0.9706566333770752,0.9789261817932129,0.8765923380851746,0.9967718124389648,0.9459284543991089,0,-4.940029827930966,1195.5696350943795,26136.35019945446
950007,86,uav_U1,uav_U2,False,0.9978013634681702,0.9876348376274109,0.9884315133094788,0.8933473825454712,0.9946363568305969,0.9447181224822998,1,0.969639558873,443.30469212392137,11918.613913480289
950007,87,uav_U1,uav_U2,False,0.9976109266281128,0.9784041047096252,0.9884897470474243,0.8960812091827393,0.9962069392204285,0.9483234286308289,1,0.8974548170971286,992.8417591111208,7307.218136602245
950007,88,uav_U1,uav_U2,False,0.9978880882263184,0.9833207130432129,0.9883179664611816,0.8938097953796387,0.994606614112854,0.9495557546615601,1,1.2310001881263015,276.97531530645216,7043.009388454794
950007,89,uav_U1,uav_U2,False,0.997749924659729,0.9766201376914978,0.9882169365882874,0.8922510147094727,0.9949207901954651,0.9352214336395264,1,0.8036369949549058,1202.4605644157732,29765.47550095541
950007,90,uav_U1,uav_U2,False,0.9975659251213074,0.9721479415893555,0.983160138130188,0.875588059425354,0.9960184693336487,0.9584371447563171,1,1.1679441515556162,657.6199510649719,8092.300345068984
950007,91,uav_U1,uav_U2,False,0.997206449508667,0.9807997345924377,0.9877459406852722,0.9119342565536499,0.9898123145103455,0.9410617351531982,0,-3.756793482958691,550.4352754581873,8008.389887820821
950007,92,uav_U1,uav_U2,False,0.9979803562164307,0.9804744720458984,0.9885448813438416,0.9021466374397278,0.9963712692260742,0.9403592944145203,1,1.176979846483399,528.9558795689959,5096.074986943584
950007,93,uav_U1,uav_U2,False,0.9978208541870117,0.9823338985443115,0.9858641028404236,0.8848246335983276,0.9945178031921387,0.9534733295440674,0,-4.120606462488599,426.19540003408287,14461.617674260771
950007,94,uav_U1,uav_U2,False,0.9977973699569702,0.9859464764595032,0.9874154329299927,0.8918826580047607,0.9950705170631409,0.9570363163948059,1,1.3827765201217055,213.8823845650578,4441.870094558872
950007,95,uav_U1,uav_U2,False,0.9979356527328491,0.9753542542457581,0.9771595001220703,0.8552963733673096,0.9974023699760437,0.9438998699188232,0,-3.7517023737910606,1987.557613748837,42532.56389478959
950007,96,uav_U1,uav_U2,False,0.9969758987426758,0.9662264585494995,0.9876965284347534,0.9000544548034668,0.994038462638855,0.9344269037246704,1,1.1067117849708974,235.9180311392688,6550.532927761203
950007,97,uav_U1,uav_U2,False,0.9980839490890503,0.9800835847854614,0.9863862991333008,0.9030075669288635,0.9958435893058777,0.9402136206626892,1,1.005524235716464,648.6318607450227,18820.873310743907
950007,98,uav_U1,uav_U2,False,0.9974334836006165,0.9751373529434204,0.9803938865661621,0.894173264503479,0.9962006211280823,0.9441372752189636,0,-4.395143134083058,3710.51111932897,145736.7216532637
950007,99,uav_U1,uav_U2,False,0.9974832534790039,0.974313497543335,0.9853177070617676,0.9106309413909912,0.9926789999008179,0.9306589961051941,1,0.8718461301187641,552.0667156270911,14828.402717458808
950008,0,uav_U1,uav_U2,False,0.9973374605178833,0.9788513779640198,0.9833199381828308,0.8835756778717041,0.9982413053512573,0.9546812772750854,0,-3.609272271913253,1880.0604904215656,21600.153260134182
950008,1,uav_U1,uav_U2,False,0.9968205690383911,0.9849754571914673,0.9837846755981445,0.8698694109916687,0.9984135627746582,0.9634667038917542,0,-7.500091779789257,2510.9326334590755,40290.87524963953
950008,2,uav_U1,uav_U2,False,0.9970428943634033,0.9840530157089233,0.9867734909057617,0.8802152872085571,0.9986156225204468,0.9630938172340393,0,-3.9589907459258464,1940.3347881033956,15525.512124102208
950008,3,uav_U1,uav_U2,False,0.9977030158042908,0.9821620583534241,0.9830735921859741,0.8692119121551514,0.9983528852462769,0.9556489586830139,1,0.7386615686694868,899.0320861198533,12207.5701850449
950008,4,uav_U1,uav_U2,False,0.9972422122955322,0.9843599796295166,0.9850397109985352,0.8657097816467285,0.9983351826667786,0.9614697694778442,0,-4.384425092796978,2036.963244420281,14100.605679500779
950008,5,uav_U1,uav_U2,False,0.9906021952629089,0.946056604385376,0.9479328393936157,0.8482300043106079,0.9990383386611938,0.9259462356567383,0,-4.019645844927108,15193.704796083595,85112.53047918848
950008,6,uav_U1,uav_U2,False,0.9967862963676453,0.9796763062477112,0.964472770690918,0.8495244383811951,0.9989327192306519,0.9583561420440674,0,-4.422200356162856,3036.9317429313974,57122.27927586064
950008,7,uav_U1,uav_U2,False,0.9968280792236328,0.9823232293128967,0.9855464696884155,0.8705846071243286,0.997477650642395,0.9645127058029175,1,1.1328517250238486,599.0358151743886,6480.5698717768855
950008,8,uav_U1,uav_U2,False,0.9968996047973633,0.9787416458129883,0.9778944849967957,0.8473178744316101,0.998833954334259,0.9480836391448975,0,-3.5226746311453176,1704.6458556939563,29405.082193835096
950008,9,uav_U1,uav_U2,False,0.9962056279182434,0.9750672578811646,0.9801322817802429,0.876333475112915,0.9986695051193237,0.9587646722793579,1,0.9762359265068621,894.9556798965571,8942.338020605192
950008,10,uav_U1,uav_U2,False,0.9975733757019043,0.9809176921844482,0.9775773286819458,0.8616129755973816,0.9988512992858887,0.9614120721817017,0,-4.119893773293336,523.196005998387,9068.62018319462
950008,11,uav_U1,uav_U2,False,0.9966480731964111,0.9757508039474487,0.9783504605293274,0.8789016008377075,0.9986396431922913,0.9552364945411682,0,-7.5000916765977985,2157.5813924076233,35090.49312983247
950008,12,uav_U1,uav_U2,False,0.9971194863319397,0.9827313423156738,0.9823212623596191,0.8465700745582581,0.9988535642623901,0.9668872952461243,1,1.2967607433234654,234.22888324252847,3402.7018265478405
950008,13,uav_U1,uav_U2,False,0.9974006414413452,0.983423113822937,0.9853992462158203,0.8725849986076355,0.9980575442314148,0.9601081609725952,0,-3.601100727901473,1073.4836615518102,19048.955956698606
950008,14,uav_U1,uav_U2,False,0.9970099329948425,0.980243444442749,0.9835797548294067,0.8669418692588806,0.9982602596282959,0.9724026918411255,1,0.977011347853354,714.7995282551105,8246.95007621385
950008,15,uav_U1,uav_U2,False,0.9968328475952148,0.9713388085365295,0.9661756753921509,0.8332549333572388,0.9991105794906616,0.9551857113838196,0,-5.734800206370884,2306.347206911195,49473.574597353945
950008,16,uav_U1,uav_U2,False,0.9975807666778564,0.980405330657959,0.9814706444740295,0.8793911933898926,0.9977741241455078,0.953521192073822,1,1.2821759262195955,231.66728788889992,5792.33081530923
950008,17,uav_U1,uav_U2,False,0.9972058534622192,0.9820038676261902,0.9857212901115417,0.8933794498443604,0.9978824257850647,0.9535151720046997,0,-7.500091631851424,2440.045011736469,52995.13953837876
950008,18,uav_U1,uav_U2,False,0.9969620704650879,0.9824260473251343,0.9834504127502441,0.8815059661865234,0.9978815913200378,0.957703173160553,0,-7.500091583420416,1987.7675488814143,47307.86939031163
950008,19,uav_U1,uav_U2,False,0.9975069761276245,0.9862221479415894,0.9859455823898315,0.8867942094802856,0.9973578453063965,0.958978533744812,1,1.0868987591725905,529.8914534906507,19182.315282688767
950008,20,uav_U1,uav_U2,False,0.9971120357513428,0.9838100671768188,0.9839714765548706,0.8584209680557251,0.998333752155304,0.9665252566337585,1,1.2432070310814325,507.49838874958954,10546.036755799058
950008,21,uav_U1,uav_U2,False,0.9975146055221558,0.9826506972312927,0.9868111610412598,0.8662641048431396,0.99822598695755,0.9515767693519592,1,0.7924696351839025,830.5325222243666,10369.817569376024
950008,22,uav_U1,uav_U2,False,0.9970259666442871,0.9843841195106506,0.9866564869880676,0.8791871666908264,0.9960059523582458,0.9581519365310669,0,-7.50009138589667,1863.118429224902,84273.72140730578
950008,23,uav_U1,uav_U2,False,0.9965862035751343,0.9817084074020386,0.9836035966873169,0.8645345568656921,0.9977107048034668,0.9626737236976624,1,1.097634571854147,545.4835539467963,17128.354746602647
950008,24,uav_U1,uav_U2,False,0.9973602890968323,0.980745255947113,0.9826239347457886,0.8696449398994446,0.9979696869850159,0.951478898525238,1,0.5795955036412417,1525.8783503671768,22531.885916437666
950008,25,uav_U1,uav_U2,False,0.9969969987869263,0.9817984104156494,0.9853761196136475,0.8699010610580444,0.9978064894676208,0.9483644366264343,0,-3.7373935287111006,2175.174972805782,14644.776142255849
950008,26,uav_U1,uav_U2,False,0.9968252182006836,0.9704232215881348,0.9657186269760132,0.8660207390785217,0.9990610480308533,0.9450486898422241,0,-7.500091656043915,5239.563981458436,86924.897786475
950008,27,uav_U1,uav_U2,False,0.9971528053283691,0.9822796583175659,0.9838917255401611,0.8734980225563049,0.9982630610466003,0.9582253098487854,1,0.5172146700831874,966.9702177349692,11178.101144677705
950008,28,uav_U1,uav_U2,False,0.9978210926055908,0.9821218252182007,0.9837477207183838,0.8532097935676575,0.9986602067947388,0.9536307454109192,0,-3.8432006067948166,488.89162817577045,11676.787172406212
950008,29,uav_U1,uav_U2,False,0.9974745512008667,0.9861518740653992,0.984828531742096,0.8739025592803955,0.9971789121627808,0.9532340168952942,1,1.0205370982480353,535.4576981706723,13759.486636075342
950008,30,uav_U1,uav_U2,False,0.9967931509017944,0.9835103750228882,0.9849281907081604,0.8883867263793945,0.9977051615715027,0.9623228311538696,0,-4.080793518455083,545.3422137028577,16409.2048824647
950008,31,uav_U1,uav_U2,False,0.9973426461219788,0.986045777797699,0.9852575063705444,0.8733865022659302,0.9971519112586975,0.9520811438560486,0,-4.132384181167957,466.8356489643772,10269.946497769923
950008,32,uav_U1,uav_U2,False,0.9981002807617188,0.9821272492408752,0.9839917421340942,0.8657160997390747,0.9985132217407227,0.9427975416183472,1,1.3666376517421297,179.11570593661227,5067.717466809311
950008,33,uav_U1,uav_U2,False,0.9975714683532715,0.9866209626197815,0.9844762086868286,0.8753281235694885,0.998328685760498,0.9643767476081848,1,1.2068709015593913,263.733622415359,5316.487608788957
950008,34,uav_U1,uav_U2,False,0.995848536491394,0.9788802862167358,0.9789022207260132,0.8692864775657654,0.9986991882324219,0.9702816009521484,1,1.1801744063412942,525.3230227489298,9109.074531358407
950008,35,uav_U1,uav_U2,False,0.9967881441116333,0.9788525104522705,0.972191333770752,0.864497721195221,0.9986588954925537,0.9638045430183411,0,-3.538042327436769,1961.72662398356,32744.343685424275
950008,36,uav_U1,uav_U2,False,0.9977595806121826,0.9817414283752441,0.9823493957519531,0.8719123601913452,0.9981410503387451,0.9449689984321594,0,-4.535181804841633,596.2813738386886,12920.418771323863
950008,37,uav_U1,uav_U2,False,0.997613787651062,0.9853622317314148,0.9872376918792725,0.8882063627243042,0.9971044659614563,0.9483630657196045,0,-4.082388481868408,726.2742388171988,18612.68698149931
950008,38,uav_U1,uav_U2,False,0.9973391890525818,0.9747138023376465,0.9747098684310913,0.8505083918571472,0.9990816116333008,0.9553108215332031,0,-4.1835929263161695,2072.3895129938605,22521.507981316725
950008,39,uav_U1,uav_U2,False,0.9971234798431396,0.976737380027771,0.9693271517753601,0.8356738090515137,0.9989393353462219,0.9488588571548462,0,-7.500091804482571,2680.7711873412086,44592.69266515563
950008,40,uav_U1,uav_U2,False,0.9967319965362549,0.9764498472213745,0.9676755666732788,0.8420639038085938,0.999085009098053,0.9666842222213745,0,-6.040099736376179,2063.8246906091535,36882.92375825411
950008,41,uav_U1,uav_U2,False,0.9974460005760193,0.981353759765625,0.9882131814956665,0.8852855563163757,0.998138427734375,0.9437146782875061,1,1.1886384320024255,435.46612971525974,6009.982024334183
950008,42,uav_U1,uav_U2,False,0.9975888729095459,0.9861031174659729,0.986943244934082,0.8771363496780396,0.9979398250579834,0.9558720588684082,0,-4.010134976985641,1226.1550926802583,25571.290954461732
950008,43,uav_U1,uav_U2,False,0.9960417747497559,0.9738008975982666,0.9618899822235107,0.8745035529136658,0.998245120048523,0.9318384528160095,0,-7.50009126577858,9410.487468439085,315432.9117467737
950008,44,uav_U1,uav_U2,False,0.9976489543914795,0.981604278087616,0.9826470613479614,0.8600935339927673,0.9985972046852112,0.9515818953514099,0,-4.295967352148519,1325.3561344267453,27414.20030695493
950008,45,uav_U1,uav_U2,False,0.991767406463623,0.9741275310516357,0.9448133707046509,0.8710432648658752,0.9966552257537842,0.9427927732467651,0,-7.500090443062528,16523.90687409074,648752.5671972453
950008,46,uav_U1,uav_U2,False,0.9960514307022095,0.9794914722442627,0.9605364799499512,0.8603489995002747,0.9986339211463928,0.9589409232139587,0,-6.66963815458959,5007.625697515105,132198.70590343696
950008,47,uav_U1,uav_U2,False,0.9969058036804199,0.986798882484436,0.9853817224502563,0.8782831430435181,0.9959643483161926,0.9570351243019104,0,-7.5000914073124765,1130.9338080933371,42078.61468368259
950008,48,uav_U1,uav_U2,False,0.9976785182952881,0.9857571125030518,0.9870076775550842,0.8718029260635376,0.998320996761322,0.9445967674255371,1,1.1372021146406794,406.2309741990048,10217.26036447638
950008,49,uav_U1,uav_U2,False,0.9954412579536438,0.9657290577888489,0.9650413393974304,0.8260447978973389,0.9991852641105652,0.9566774368286133,0,-4.843224083733752,2703.974770838866,32512.953878738757
950008,50,uav_U1,uav_U2,False,0.9975754618644714,0.980284571647644,0.9801981449127197,0.8596181273460388,0.9986118078231812,0.9638345837593079,1,0.9981273537325401,376.3357317137471,9920.044698873766
950008,51,uav_U1,uav_U2,False,0.9970353841781616,0.9848310351371765,0.9840316772460938,0.8702298998832703,0.9975563287734985,0.9609355330467224,0,-4.92190638441471,590.9228314499045,17166.57530874385
950008,52,uav_U1,uav_U2,False,0.9971094727516174,0.9858434200286865,0.9825267791748047,0.872981607913971,0.9975406527519226,0.9618768095970154,1,0.5876010811354575,1157.7180956669054,35193.97091518785
950008,53,uav_U1,uav_U2,False,0.9975765943527222,0.9839128255844116,0.984248161315918,0.8522586822509766,0.9985706210136414,0.9573152661323547,1,1.3651727383330938,258.69198533722806,4135.533603087264
950008,54,uav_U1,uav_U2,False,0.9973653554916382,0.9782381057739258,0.9816766977310181,0.8752156496047974,0.9988003969192505,0.9576166868209839,1,1.2867024099992632,250.94340309968848,5662.008472975339
950008,55,uav_U1,uav_U2,False,0.997411847114563,0.9852473735809326,0.9845929145812988,0.8760095834732056,0.9977003931999207,0.9597826600074768,1,1.3492916353088489,201.37434068526684,3918.3273625216425
950008,56,uav_U1,uav_U2,False,0.9975457191467285,0.9824382662773132,0.9877961874008179,0.8608572483062744,0.9984167814254761,0.9455409049987793,1,1.2624344597373118,438.3763220735097,6913.2751536043315
950008,57,uav_U1,uav_U2,False,0.9977835416793823,0.9833104610443115,0.9867494702339172,0.8769488334655762,0.9975315928459167,0.9469614028930664,0,-7.500091605009215,1632.3903977988268,54413.03050364856
950008,58,uav_U1,uav_U2,False,0.9979186654090881,0.9813565015792847,0.982792854309082,0.8644818663597107,0.998418390750885,0.9605535268783569,1,0.9983128668061085,277.8838802314403,7543.75143767735
950008,59,uav_U1,uav_U2,False,0.9977970123291016,0.9850378036499023,0.9823826551437378,0.8625779151916504,0.9983910322189331,0.9472310543060303,1,1.3736576840411523,229.3971845726083,4908.877811969835
950008,60,uav_U1,uav_U2,False,0.9973862171173096,0.9704877138137817,0.9723672270774841,0.8427941799163818,0.9991018176078796,0.9462472796440125,0,-4.491111910037733,3044.2693080173385,33805.328621927925
950008,61,uav_U1,uav_U2,False,0.9976627230644226,0.9710045456886292,0.970793604850769,0.8537961840629578,0.9988659620285034,0.9312815070152283,0,-4.390279744838319,2307.91960040573,55359.6351375286
950008,62,uav_U1,uav_U2,False,0.9958233833312988,0.9638078808784485,0.9622806310653687,0.8292808532714844,0.9989510178565979,0.9492496848106384,0,-5.720470145218892,1932.227191601549,38753.77028282658
950008,63,uav_U1,uav_U2,False,0.9976983070373535,0.9854429364204407,0.9833574295043945,0.8627800941467285,0.998570442199707,0.9667719006538391,1,1.430585832029122,100.03244034486654,3214.757718599725
950008,64,uav_U1,uav_U2,False,0.9976487159729004,0.9834467768669128,0.9852980375289917,0.8774130344390869,0.9982409477233887,0.9511434435844421,0,-7.500091773731763,1995.3753179405055,40237.57591729438
950008,65,uav_U1,uav_U2,False,0.9979069232940674,0.9826884269714355,0.9852577447891235,0.859856367111206,0.9983516931533813,0.9419173002243042,1,1.4008271564668664,103.93590502189753,1885.6126697732022
950008,66,uav_U1,uav_U2,False,0.9974878430366516,0.9795057773590088,0.9833913445472717,0.8648357391357422,0.997843861579895,0.9423059225082397,1,1.361241591038529,165.8451125885721,2619.630305152629
950008,67,uav_U1,uav_U2,False,0.9974257946014404,0.977978527545929,0.9843407273292542,0.8908310532569885,0.9977114200592041,0.9414675831794739,0,-7.500091951092686,1923.7953490768102,25748.296891865142
950008,68,uav_U1,uav_U2,False,0.9975096583366394,0.9806569814682007,0.9761087894439697,0.8565682172775269,0.9986907839775085,0.9409812688827515,0,-7.5000917137671435,1399.2960177186344,29885.106565606882
950008,69,uav_U1,uav_U2,False,0.996712863445282,0.958693265914917,0.9572840929031372,0.8639959096908569,0.9988497495651245,0.9354448318481445,0,-4.151287208405831,2815.288596140201,66680.6467150657
950008,70,uav_U1,uav_U2,False,0.9971563816070557,0.9693110585212708,0.9817115068435669,0.8623943328857422,0.9982762336730957,0.9250218868255615,1,1.4898788982635967,101.1653021315332,4212.720981438368
950008,71,uav_U1,uav_U2,False,0.9970542192459106,0.9755890965461731,0.9661206007003784,0.8417795300483704,0.9986532926559448,0.9441180229187012,0,-6.97087872989161,2034.20814636531,49596.99204485385
950008,72,uav_U1,uav_U2,False,0.9973168969154358,0.9732128977775574,0.9690819382667542,0.835785984992981,0.9987732768058777,0.9392014145851135,0,-7.234445560368312,1339.8221268811528,28824.51984854065
950008,73,uav_U1,uav_U2,False,0.9932093620300293,0.9526618719100952,0.9528875946998596,0.8487696051597595,0.9987138509750366,0.9174854159355164,0,-3.7666933442587776,12664.209887167106,379583.5854351295
950008,74,uav_U1,uav_U2,False,0.9968740344047546,0.9653558135032654,0.9641021490097046,0.8378568887710571,0.9987452030181885,0.9509874582290649,0,-3.8686663781022417,1593.020916864101,29963.746366581163
950008,75,uav_U1,uav_U2,False,0.9973406791687012,0.9782407283782959,0.9822683334350586,0.8840742707252502,0.998359739780426,0.9489524960517883,1,1.0650892734950956,522.2178560206222,17071.137657116466
950008,76,uav_U1,uav_U2,False,0.9971284866333008,0.9823958277702332,0.9826377034187317,0.8765368461608887,0.9987422823905945,0.9610008597373962,0,-4.6718349588073025,1266.12631816803,26597.78735721976
950008,77,uav_U1,uav_U2,False,0.997979998588562,0.9839462637901306,0.9832554459571838,0.8620264530181885,0.998521625995636,0.9419690370559692,1,1.3895927967117576,210.4817113320386,4172.740963970227
950008,78,uav_U1,uav_U2,False,0.9975959062576294,0.9867559671401978,0.9881571531295776,0.8825525045394897,0.997340738773346,0.9434961080551147,1,1.2562137418925916,382.843842318784,5986.778200727081
950008,79,uav_U1,uav_U2,False,0.995814323425293,0.9543561935424805,0.9517301321029663,0.8405572175979614,0.9986244440078735,0.9558051824569702,0,-7.500091294730325,3569.8123414954443,109075.04577536555
950008,80,uav_U1,uav_U2,False,0.9978728294372559,0.9811258912086487,0.9844160079956055,0.8568425178527832,0.9978775978088379,0.9370390772819519,1,1.4296963751357359,73.58195995279937,1532.0087837258468
950008,81,uav_U1,uav_U2,False,0.9975118041038513,0.9852305054664612,0.9840790629386902,0.8783141374588013,0.9974693059921265,0.945578396320343,0,-3.8516752511978605,2296.340671353609,74495.8971069855
950008,82,uav_U1,uav_U2,False,0.9970999360084534,0.9788723587989807,0.9857957363128662,0.8625421524047852,0.998420000076294,0.947901725769043,0,-4.0456391913597365,1083.4285161014257,12174.134501750455
950008,83,uav_U1,uav_U2,False,0.9975588321685791,0.9792486429214478,0.9872875809669495,0.8860712647438049,0.9975468516349792,0.9355869293212891,1,1.0497191833065653,648.2718136731771,7353.2299680222795
950008,84,uav_U1,uav_U2,False,0.9978564977645874,0.9842029809951782,0.9812302589416504,0.8815598487854004,0.9978926777839661,0.9512189626693726,1,0.8924711049183189,666.3586723142905,20483.7464743319
950008,85,uav_U1,uav_U2,False,0.991614818572998,0.9640991687774658,0.9127413034439087,0.8575132489204407,0.9983354806900024,0.9442697167396545,0,-7.500271276910518,16884.99949260159,649773.394452225
950008,86,uav_U1,uav_U2,False,0.9976224899291992,0.9838696122169495,0.9839277267456055,0.8885097503662109,0.99713134765625,0.9566305875778198,0,-3.9261791092366565,2318.8184183782864,92935.05380914039
950008,87,uav_U1,uav_U2,False,0.9975528717041016,0.9779201745986938,0.9841592311859131,0.8905019164085388,0.9977453351020813,0.939429521560669,0,-3.71397225176682,840.0053460666552,20105.349294716285
950008,88,uav_U1,uav_U2,False,0.9963581562042236,0.978385329246521,0.9793214201927185,0.881637454032898,0.9973082542419434,0.9561048746109009,0,-6.14408554473677,827.1866547970184,22317.525908624077
950008,89,uav_U1,uav_U2,False,0.9974923729896545,0.981216549873352,0.9799950122833252,0.8628404140472412,0.9986555576324463,0.9585552215576172,1,1.115240267043891,468.52540277179617,7562.352486776559
950008,90,uav_U1,uav_U2,False,0.9969611167907715,0.9827436208724976,0.9863868951797485,0.8870499134063721,0.9972419142723083,0.950350821018219,0,-3.9194607044611187,902.718805578475,23740.457062366066
950008,91,uav_U1,uav_U2,False,0.9972383975982666,0.979026198387146,0.9833319187164307,0.8652017116546631,0.9982561469078064,0.9542142152786255,0,-3.6138892881731315,1567.113270591821,34252.13526669744
950008,92,uav_U1,uav_U2,False,0.99547278881073,0.9560662508010864,0.9568849205970764,0.8570162653923035,0.9988981485366821,0.9387088418006897,0,-5.210199739706236,5298.262094463658,142789.73263756966
950008,93,uav_U1,uav_U2,False,0.9975608587265015,0.9730947613716125,0.9808208346366882,0.876209020614624,0.9980660080909729,0.9411903023719788,1,1.339548716142815,230.59685252237222,4125.655634594173
950008,94,uav_U1,uav_U2,False,0.9965658187866211,0.9811750650405884,0.9822227358818054,0.8699464797973633,0.9971288442611694,0.948903501033783,1,1.115124486927621,502.9125787577017,10191.317711671001
950008,95,uav_U1,uav_U2,False,0.9974396824836731,0.9828518629074097,0.9824436902999878,0.8742086887359619,0.9978846907615662,0.9587019681930542,1,0.6991927063890506,518.0630359313145,14015.420426243672
950008,96,uav_U1,uav_U2,False,0.9981523156166077,0.9778851270675659,0.9828139543533325,0.8687456846237183,0.9977750182151794,0.9298267960548401,0,-4.585149159161853,494.15862551858197,16866.96798758685
950008,97,uav_U1,uav_U2,False,0.9972246289253235,0.982342004776001,0.9853700995445251,0.8992748260498047,0.9970276951789856,0.9379409551620483,1,1.0849325494430944,819.1624367552266,24035.906874303466
950008,98,uav_U1,uav_U2,False,0.9969282150268555,0.9701311588287354,0.9701696038246155,0.8423053026199341,0.9986721277236938,0.9466773271560669,1,0.8901870261070932,1079.206726602131,21613.482310753185
950008,99,uav_U1,uav_U2,False,0.9962482452392578,0.9703325033187866,0.9728137254714966,0.8348293900489807,0.9989762902259827,0.9352320432662964,0,-5.606540171779914,4001.105289342383,38536.38865745984
950009,0,uav_U1,uav_U2,False,0.9980169534683228,0.980515718460083,0.9820518493652344,0.889225423336029,0.9970781803131104,0.9345282912254333,1,1.4882897497610674,117.05664452726391,3333.682626407818
950009,1,uav_U1,uav_U2,False,0.9975938200950623,0.9841222763061523,0.9890902638435364,0.8825616240501404,0.9957454800605774,0.959488034248352,1,1.4086743230442698,153.36407079271297,2119.9511474225837
950009,2,uav_U1,uav_U2,False,0.9981215000152588,0.9850566387176514,0.9867712259292603,0.8820105791091919,0.996945321559906,0.9532317519187927,1,0.9655168395825269,666.3859303332279,11723.32646326432
950009,3,uav_U1,uav_U2,False,0.9975466132164001,0.9846600294113159,0.9859691858291626,0.8735412359237671,0.9965456128120422,0.9641830325126648,1,0.8919465521989727,261.4235740772106,7265.774026397589
950009,4,uav_U1,uav_U2,False,0.9979097247123718,0.9820051789283752,0.9776357412338257,0.8724510669708252,0.9974806904792786,0.9514707326889038,0,-4.529642455111851,3287.872134702238,73212.76084141304
950009,5,uav_U1,uav_U2,False,0.9972193837165833,0.9878430366516113,0.9890352487564087,0.8889527320861816,0.9938941597938538,0.9562344551086426,1,0.9201801105850147,733.3561353513986,13826.736676577595
950009,6,uav_U1,uav_U2,False,0.9975343346595764,0.9850940108299255,0.9880213737487793,0.8835863471031189,0.9952912926673889,0.9527521729469299,1,0.9014337238109782,789.9861667909806,12281.334719162473
950009,7,uav_U1,uav_U2,False,0.9973171949386597,0.9813261032104492,0.9777294397354126,0.8682857751846313,0.997879683971405,0.9624778032302856,0,-7.500091530413475,7681.196756067867,235481.52711362025
950009,8,uav_U1,uav_U2,False,0.9968467950820923,0.9848407506942749,0.9887650012969971,0.8797633647918701,0.9942643046379089,0.9597324728965759,0,-5.4425893327407495,853.3242521786025,10296.764720704587
950009,9,uav_U1,uav_U2,False,0.9978123903274536,0.9821667671203613,0.9854941368103027,0.8833121657371521,0.9967414140701294,0.9465903043746948,1,0.6072967989188263,1517.4386468404236,16955.101268916023
950009,10,uav_U1,uav_U2,False,0.9974758625030518,0.9856805205345154,0.981804370880127,0.8726791143417358,0.9968239665031433,0.9631443619728088,0,-4.122805463683375,2885.1853264802276,94333.57439221842
950009,11,uav_U1,uav_U2,False,0.9978605508804321,0.9855791330337524,0.9839602708816528,0.8748146295547485,0.9968013763427734,0.9520492553710938,0,-4.558406536713155,2365.0038513248433,80924.43250108488
950009,12,uav_U1,uav_U2,False,0.9980508089065552,0.9845821857452393,0.9873218536376953,0.8865486979484558,0.9961380958557129,0.9491286873817444,1,1.2818474638217179,218.71470830868657,2950.044665948386
950009,13,uav_U1,uav_U2,False,0.9975247383117676,0.9780745506286621,0.9740140438079834,0.8715417981147766,0.9982950687408447,0.9663102626800537,0,-4.133928458985098,1722.0638553782717,36845.82708973922
950009,14,uav_U1,uav_U2,False,0.9971166849136353,0.9844635725021362,0.9883719086647034,0.8871878385543823,0.9953102469444275,0.9630259275436401,0,-7.500092227046243,3342.3332198891762,28057.360792321528
950009,15,uav_U1,uav_U2,False,0.9980812668800354,0.9841601848602295,0.9801357984542847,0.8606886863708496,0.9980083107948303,0.9531694650650024,0,-7.500091885342835,2821.02085367857,53694.98270925516
950009,16,uav_U1,uav_U2,False,0.9979026913642883,0.9821174144744873,0.9862555265426636,0.8904668092727661,0.9960939288139343,0.9568812251091003,1,1.1889043137106405,324.37620756005583,2538.0956254358102
950009,17,uav_U1,uav_U2,False,0.9979324340820312,0.9846697449684143,0.978329062461853,0.8664811849594116,0.9977245330810547,0.9581137895584106,0,-6.262883746482318,3683.7735286185844,148154.38961146763
950009,18,uav_U1,uav_U2,False,0.9976867437362671,0.9837406873703003,0.9859399795532227,0.8828999400138855,0.995752215385437,0.9560436606407166,1,1.1189046869248482,422.15175793596546,6914.873631031704
950009,19,uav_U1,uav_U2,False,0.997755765914917,0.9788123369216919,0.9870334267616272,0.8798210024833679,0.9974334836006165,0.9438180327415466,1,1.2935792522864695,2061.451556031903,35351.223740861205
950009,20,uav_U1,uav_U2,False,0.9976235628128052,0.9884477853775024,0.9888595342636108,0.8978264927864075,0.993349015712738,0.9534767270088196,1,0.9093300165288414,504.35384750308975,11190.573757027189
950009,21,uav_U1,uav_U2,False,0.9981981515884399,0.985295295715332,0.9889625310897827,0.878900408744812,0.9973340034484863,0.9521392583847046,1,1.3060980069140038,222.29981769165553,2669.785366501388
950009,22,uav_U1,uav_U2,False,0.9975878596305847,0.9822473526000977,0.985720694065094,0.9043358564376831,0.9943650960922241,0.9563608169555664,1,1.333078230485062,321.8151248181078,7067.803869260872
950009,23,uav_U1,uav_U2,False,0.9982321858406067,0.982897937297821,0.9860929846763611,0.8874139189720154,0.9967235922813416,0.9485488533973694,1,1.242361111174629,483.41555918257376,8990.314174260651
950009,24,uav_U1,uav_U2,False,0.9979581832885742,0.9827556610107422,0.9786924123764038,0.8566644191741943,0.9984182119369507,0.9634221196174622,1,0.6945047510729712,1142.8672101626232,20025.03812423816
950009,25,uav_U1,uav_U2,False,0.9972670674324036,0.9841259121894836,0.9882659316062927,0.8988586664199829,0.9898766279220581,0.947685956954956,0,-6.203368215858185,1792.3853430481734,12097.582334535484
950009,26,uav_U1,uav_U2,False,0.9978440999984741,0.9873742461204529,0.9884039163589478,0.9017672538757324,0.9951526522636414,0.9560458064079285,0,-4.659441836149396,811.9156182771551,17489.78292343333
950009,27,uav_U1,uav_U2,False,0.9971693754196167,0.9833322763442993,0.9788470268249512,0.8669610619544983,0.9972035884857178,0.9741719961166382,0,-4.377615223704206,2891.3865141254737,93258.53249621722
950009,28,uav_U1,uav_U2,False,0.9979798793792725,0.9866418838500977,0.9881497621536255,0.8817640542984009,0.9967023730278015,0.9455780982971191,1,0.5882200244466573,782.2282343306196,9830.568346620337
950009,29,uav_U1,uav_U2,False,0.9980584383010864,0.9803818464279175,0.9846205711364746,0.8998326063156128,0.9960021376609802,0.948674738407135,0,-3.5919710374655907,515.3669875205265,12050.976538867402
950009,30,uav_U1,uav_U2,False,0.9970071315765381,0.9817044734954834,0.9758800268173218,0.870182991027832,0.9966257810592651,0.9721355438232422,0,-4.456522977839079,3535.2717416812407,125351.54790963705
950009,31,uav_U1,uav_U2,False,0.9974955320358276,0.987177312374115,0.991430401802063,0.9103379249572754,0.9949407577514648,0.9500879645347595,1,1.498401861886752,15.935532963444656,329.17885103098035
950009,32,uav_U1,uav_U2,False,0.997748613357544,0.9799033999443054,0.9844495058059692,0.8872137665748596,0.9971259236335754,0.9617010354995728,1,1.393024478475271,180.95393257363662,3447.514972553683
950009,33,uav_U1,uav_U2,False,0.9977918863296509,0.9808838367462158,0.9769548177719116,0.8665614128112793,0.9984490871429443,0.9589524269104004,0,-7.500092409428015,8494.110651177163,74262.33398690983
950009,34,uav_U1,uav_U2,False,0.9976098537445068,0.9782828092575073,0.9802629947662354,0.8700409531593323,0.998431921005249,0.9634658098220825,0,-7.500091915305289,2422.8633595263086,37982.46571163829
950009,35,uav_U1,uav_U2,False,0.9979214668273926,0.9859573245048523,0.9890567660331726,0.8714630603790283,0.9944125413894653,0.9580668210983276,1,1.0211696631489962,465.8128389831986,21303.788310387838
950009,36,uav_U1,uav_U2,False,0.9978319406509399,0.9822099208831787,0.987699031829834,0.8764629364013672,0.9964042901992798,0.959145188331604,1,1.2895488031407476,281.2504493518847,5118.851579827601
950009,37,uav_U1,uav_U2,False,0.9978077411651611,0.9865819811820984,0.9893070459365845,0.8933103680610657,0.9936316013336182,0.964863121509552,1,1.2802191895403872,65.02798858809668,1843.8972083686162
950009,38,uav_U1,uav_U2,False,0.997947633266449,0.9824804663658142,0.9879088401794434,0.8607684373855591,0.9979789853096008,0.9492201805114746,0,-5.888173905560088,169.40846485725785,1974.2986853448458
950009,39,uav_U1,uav_U2,False,0.9972040057182312,0.9796782732009888,0.9865219593048096,0.9003560543060303,0.9955458045005798,0.9601792693138123,0,-4.283271177799554,1251.7920544164153,31333.92726117842
950009,40,uav_U1,uav_U2,False,0.9981662034988403,0.9843519330024719,0.98818439245224,0.8880458474159241,0.9956411123275757,0.9438520669937134,1,1.4223544656162304,108.10958123209083,1546.3303765369617
950009,41,uav_U1,uav_U2,False,0.9979766607284546,0.9819815158843994,0.9874683618545532,0.8872185349464417,0.9954901337623596,0.9451449513435364,0,-3.883800986630522,1011.4908285208475,7567.1363370580475
950009,42,uav_U1,uav_U2,False,0.997759222984314,0.981537938117981,0.9875288009643555,0.888797402381897,0.9942004680633545,0.9567219018936157,1,1.0785901601715555,195.0703008662492,5008.806233599851
950009,43,uav_U1,uav_U2,False,0.9978896975517273,0.9819858074188232,0.9849822521209717,0.88580322265625,0.9962922930717468,0.9560667872428894,1,0.9006325642434316,969.0282688210278,14166.217875832963
950009,44,uav_U1,uav_U2,False,0.9974705576896667,0.9858824014663696,0.9888101816177368,0.8822863698005676,0.9938135743141174,0.9584081172943115,1,0.8644523415835814,509.6357309747139,12086.046617004242
950009,45,uav_U1,uav_U2,False,0.9975306987762451,0.9819122552871704,0.9879266619682312,0.8809521794319153,0.9974766373634338,0.9436670541763306,1,1.2772309313312828,2224.9275899205045,25520.146505225326
950009,46,uav_U1,uav_U2,False,0.9973700046539307,0.9854812026023865,0.9882034063339233,0.8991959095001221,0.9907162189483643,0.9480854272842407,1,1.0908325575720332,382.48586566363133,8565.46658169049
950009,47,uav_U1,uav_U2,False,0.997776985168457,0.9853713512420654,0.9892007112503052,0.9082432389259338,0.9940484166145325,0.9460335373878479,1,1.0397653559140845,612.9105268335384,18469.63159297165
950009,48,uav_U1,uav_U2,False,0.998251736164093,0.9838566780090332,0.9863393306732178,0.8851624727249146,0.9971635937690735,0.9574663639068604,1,1.2306047151333575,240.21856745938567,4368.907172163396
950009,49,uav_U1,uav_U2,False,0.9977443218231201,0.9795569181442261,0.9769692420959473,0.8677605986595154,0.9978498220443726,0.9520864486694336,0,-3.514917901930441,1649.0923546196625,33976.17008018725
950009,50,uav_U1,uav_U2,False,0.997337818145752,0.9823986291885376,0.9880847334861755,0.8854179978370667,0.9936040043830872,0.957097053527832,0,-4.401038786171105,2376.183909948452,53580.503108289915
950009,51,uav_U1,uav_U2,False,0.9976590871810913,0.9804452657699585,0.9863234758377075,0.8879094123840332,0.9939412474632263,0.9532430768013,0,-4.454301164204453,793.4088560241958,9999.574814410073
950009,52,uav_U1,uav_U2,False,0.9983410835266113,0.9846115112304688,0.9871205687522888,0.883746862411499,0.9968222975730896,0.9415811896324158,1,1.1421630966897485,416.772985156971,9796.319854961483
950009,53,uav_U1,uav_U2,False,0.9972097873687744,0.9739875793457031,0.9801017045974731,0.8693647384643555,0.9972723126411438,0.9624635577201843,0,-7.500092686257257,3312.8515353320577,23847.950953821837
950009,54,uav_U1,uav_U2,False,0.998104453086853,0.9769895076751709,0.9822604656219482,0.8782939910888672,0.9977045655250549,0.9437000155448914,1,0.5815182041422411,1640.2441466288499,25830.815482030674
950009,55,uav_U1,uav_U2,False,0.9979593753814697,0.9788095355033875,0.9821622371673584,0.8725852370262146,0.9975854158401489,0.9475737810134888,1,0.6711896661465846,1436.1691247818128,28762.255318739608
950009,56,uav_U1,uav_U2,False,0.9974269866943359,0.9862222075462341,0.9886676073074341,0.9071550369262695,0.9881651401519775,0.9577680230140686,0,-4.7877058187251755,3346.779798235034,148456.81056698895
950009,57,uav_U1,uav_U2,False,0.9976543188095093,0.9858523607254028,0.9894023537635803,0.9082207679748535,0.9948252439498901,0.95132976770401,1,0.8807418018891024,612.35571961678,16449.783758478246
950009,58,uav_U1,uav_U2,False,0.9977864623069763,0.9863418936729431,0.988669753074646,0.9051756858825684,0.9952824711799622,0.9544804692268372,1,0.7797311927707804,627.9942084652636,11086.229132349437
950009,59,uav_U1,uav_U2,False,0.9974887371063232,0.9807091355323792,0.9886800050735474,0.9060154557228088,0.9952099919319153,0.9472829103469849,0,-5.376106846817185,2292.184115752795,53940.7564392768
950009,60,uav_U1,uav_U2,False,0.9981545209884644,0.9803594350814819,0.9839192032814026,0.8804119825363159,0.9954133629798889,0.9597961902618408,0,-3.5497376789497572,242.46820638121184,7106.710446437277
950009,61,uav_U1,uav_U2,False,0.9981189966201782,0.9861737489700317,0.9879269599914551,0.8925097584724426,0.9959819316864014,0.9573388695716858,1,1.473522239268055,49.97494388797533,1052.6428739537148
950009,62,uav_U1,uav_U2,False,0.9978907108306885,0.9866421818733215,0.9882129430770874,0.896632194519043,0.993212103843689,0.9556631445884705,0,-4.3929449012392965,1247.3903459635455,50713.810067803206
950009,63,uav_U1,uav_U2,False,0.9971965551376343,0.9772741794586182,0.9877889156341553,0.8985680937767029,0.9918432831764221,0.9388802647590637,1,1.4922622457121402,77.33163221729558,1121.5620697514983
950009,64,uav_U1,uav_U2,False,0.9980493783950806,0.9847948551177979,0.9881029725074768,0.8845937252044678,0.9970324039459229,0.9526394605636597,1,1.2495530591380646,437.6193902985098,3679.0563493024465
950009,65,uav_U1,uav_U2,False,0.9980771541595459,0.9827054738998413,0.9879312515258789,0.8871355652809143,0.9959012866020203,0.9531202912330627,1,1.1859676178148666,210.0261012288228,3461.624042357012
950009,66,uav_U1,uav_U2,False,0.9981844425201416,0.9887878894805908,0.9890338182449341,0.8920053839683533,0.9961825013160706,0.9445748925209045,1,1.4742199495020214,46.16165931847861,959.4543736666294
950009,67,uav_U1,uav_U2,False,0.9981478452682495,0.9850009679794312,0.9867024421691895,0.8832277059555054,0.9965448975563049,0.9532496929168701,1,1.102165517494392,558.0328393622739,10280.186884014325
950009,68,uav_U1,uav_U2,False,0.997974157333374,0.9859482049942017,0.9874850511550903,0.884365439414978,0.996482253074646,0.9577413201332092,1,1.087190510490148,412.3049799849823,9620.437293002451
950009,69,uav_U1,uav_U2,False,0.9981464147567749,0.9849884510040283,0.9894106984138489,0.9022929668426514,0.9949263334274292,0.9448293447494507,1,1.3104173377846646,193.2807793327593,6003.687919626638
950009,70,uav_U1,uav_U2,False,0.9972299933433533,0.9755826592445374,0.976193368434906,0.8852458596229553,0.9951736330986023,0.9448567032814026,0,-7.500091452594498,7290.350030611139,293610.01221606444
950009,71,uav_U1,uav_U2,False,0.9982746243476868,0.982027530670166,0.9873393774032593,0.8917295336723328,0.9963520765304565,0.9557544589042664,0,-5.834761282164221,987.0622096761189,39110.5881766426
950009,72,uav_U1,uav_U2,False,0.9977408051490784,0.987399160861969,0.9889552593231201,0.8948623538017273,0.9933170676231384,0.9587485790252686,1,1.0487505434960671,333.85668837476254,6970.641761521853
950009,73,uav_U1,uav_U2,False,0.9971086978912354,0.9837175011634827,0.9887034893035889,0.9079682230949402,0.993323028087616,0.9484771490097046,0,-5.6915148198537695,734.0273156623838,12616.561803562492
950009,74,uav_U1,uav_U2,False,0.997441291809082,0.9840032458305359,0.9870995879173279,0.8948794007301331,0.9924962520599365,0.9504591226577759,1,0.889377708764141,865.7322557698297,17255.146293981175
950009,75,uav_U1,uav_U2,False,0.9980661273002625,0.9853068590164185,0.9862357378005981,0.8927819132804871,0.9956997632980347,0.9539071917533875,1,1.213766994200755,271.2619382258032,7780.393829567491
950009,76,uav_U1,uav_U2,False,0.9975489377975464,0.9810728430747986,0.9837861061096191,0.876716136932373,0.9978249669075012,0.9564446806907654,0,-4.598348301673281,2740.3232435763402,70985.72245941115
950009,77,uav_U1,uav_U2,False,0.9976465702056885,0.9823639988899231,0.9861786365509033,0.8811516761779785,0.996781587600708,0.9531065225601196,0,-5.574182856460001,3532.1295922008276,25234.631207533745
950009,78,uav_U1,uav_U2,False,0.9977566003799438,0.9820725321769714,0.9870047569274902,0.8812052011489868,0.9961722493171692,0.9597744345664978,1,0.7520508370659373,555.6580498447079,12429.120198296803
950009,79,uav_U1,uav_U2,False,0.9975203275680542,0.9685577750205994,0.9841184616088867,0.8874789476394653,0.9964967370033264,0.9314520359039307,0,-5.175429932689429,1923.5680419580178,27722.704928091003
950009,80,uav_U1,uav_U2,False,0.9981127977371216,0.9769981503486633,0.9771054983139038,0.8753862380981445,0.9969425797462463,0.9431241154670715,0,-7.500091737065001,2303.2359497130246,62969.816826303206
950009,81,uav_U1,uav_U2,False,0.9978083372116089,0.9783030152320862,0.986218273639679,0.9013102054595947,0.9960988759994507,0.9391517639160156,1,0.9704517723641348,557.5174350539369,8000.967846740755
950009,82,uav_U1,uav_U2,False,0.9981863498687744,0.9852792620658875,0.987891435623169,0.893115758895874,0.9965360760688782,0.9441917538642883,0,-3.6491366538196237,638.868922343664,14564.72644908899
950009,83,uav_U1,uav_U2,False,0.9971888065338135,0.9735755920410156,0.971961498260498,0.8851374387741089,0.9970452189445496,0.9514678120613098,0,-6.292340634310159,7201.48113825582,257443.3803469033
950009,84,uav_U1,uav_U2,False,0.9971514344215393,0.9796782732009888,0.9880443811416626,0.9105064868927002,0.9891334176063538,0.9470994472503662,0,-3.66879700294883,365.8047635452337,7324.435669085193
950009,85,uav_U1,uav_U2,False,0.9977081418037415,0.9711378216743469,0.9785719513893127,0.861437976360321,0.9978588819503784,0.9489145874977112,0,-7.500091829913159,3891.906626219147,66680.77227413724
950009,86,uav_U1,uav_U2,False,0.998081386089325,0.9855307340621948,0.9871543049812317,0.8967653512954712,0.9956799149513245,0.9552764892578125,1,1.2774217862237676,254.96953790365933,7609.443426186415
950009,87,uav_U1,uav_U2,False,0.9975147247314453,0.986372172832489,0.9870752096176147,0.8873412013053894,0.9947891235351562,0.947006344795227,1,1.2307173157868694,419.1303356453762,10252.337186266737
950009,88,uav_U1,uav_U2,False,0.9976309537887573,0.9730819463729858,0.974915623664856,0.8714268803596497,0.9969615936279297,0.9621307253837585,0,-4.078192434579504,2906.8617837782504,99573.43748530124
950009,89,uav_U1,uav_U2,False,0.9976940155029297,0.9807880520820618,0.9882714748382568,0.8983919620513916,0.994114100933075,0.9554290771484375,1,0.8936203515142482,163.09143668439438,3336.066350685768
950009,90,uav_U1,uav_U2,False,0.997981607913971,0.9851986765861511,0.9887049198150635,0.9066058993339539,0.9951068162918091,0.9456536769866943,1,1.1378287552010076,259.6109376405323,5280.980760032528
950009,91,uav_U1,uav_U2,False,0.9978420734405518,0.9743793606758118,0.9858716726303101,0.8642274737358093,0.9976305961608887,0.9322462677955627,0,-4.086353491204971,2991.6867702995505,14206.175747310213
950009,92,uav_U1,uav_U2,False,0.9969839453697205,0.9722117185592651,0.9807389974594116,0.8837698698043823,0.9975020289421082,0.9515358805656433,0,-4.055061283815065,2046.339946062914,35234.19612327367
950009,93,uav_U1,uav_U2,False,0.9975436925888062,0.9731264114379883,0.9784371852874756,0.8869644403457642,0.9971152544021606,0.9468024373054504,0,-6.434876460420279,4048.8935667310493,99107.18588639899
950009,94,uav_U1,uav_U2,False,0.9975930452346802,0.9874298572540283,0.9885416626930237,0.8971464037895203,0.9938805103302002,0.9479411244392395,0,-4.503630159124725,723.277396898744,19681.166186254675
950009,95,uav_U1,uav_U2,False,0.9972800016403198,0.9631808996200562,0.9772467017173767,0.8762965798377991,0.9969860315322876,0.9473294615745544,0,-6.608854779460207,4108.762456355504,40155.35545430629
950009,96,uav_U1,uav_U2,False,0.9976537227630615,0.9821736812591553,0.9866514205932617,0.8922144174575806,0.9941154718399048,0.9489694237709045,1,0.5799073853272965,1402.0815731889277,47533.48554914602
950009,97,uav_U1,uav_U2,False,0.9966095685958862,0.9605593085289001,0.9726778864860535,0.882518470287323,0.9972624778747559,0.945655882358551,0,-5.4567189223659724,3583.4317182274212,37123.20494829218
950009,98,uav_U1,uav_U2,False,0.992807149887085,0.9589285850524902,0.9493932723999023,0.8714337348937988,0.9967681169509888,0.9240530133247375,0,-4.5756005443218495,20753.285996149178,801316.8092753683
950009,99,uav_U1,uav_U2,False,0.9979957342147827,0.9783358573913574,0.9795739650726318,0.8565835952758789,0.9982144832611084,0.950802206993103,1,0.7601886736543975,1407.686104617352,28283.352491363163
950010,0,uav_U1,uav_U2,False,0.9982923269271851,0.9865347146987915,0.9865179657936096,0.8779211044311523,0.996964693069458,0.943304717540741,0,-5.290243140456015,1604.3369662267557,32399.216970703557
950010,1,uav_U1,uav_U2,False,0.9975607395172119,0.9859616160392761,0.9859658479690552,0.861444890499115,0.9972633123397827,0.9483641982078552,0,-4.31065650428269,675.3401405259622,3230.596436914259
950010,2,uav_U1,uav_U2,False,0.9967811107635498,0.9809030890464783,0.9759501218795776,0.8774678707122803,0.9978262782096863,0.9593865275382996,0,-5.518739247469416,5415.454240994149,189089.85108764883
950010,3,uav_U1,uav_U2,False,0.9974794387817383,0.9808515310287476,0.989608645439148,0.9018144607543945,0.9956911206245422,0.9449160695075989,1,1.3346053796874393,303.33118292843375,10544.316781807785
950010,4,uav_U1,uav_U2,False,0.9979720115661621,0.9876807928085327,0.9856858253479004,0.8914061188697815,0.9959093332290649,0.9444989562034607,1,1.1751987047769639,632.8589449261929,16703.334445154658
950010,5,uav_U1,uav_U2,False,0.9972758293151855,0.9807380437850952,0.9703060388565063,0.8662117719650269,0.9974746704101562,0.9624605178833008,0,-6.453323486590968,2953.064297270008,107386.60781687734
950010,6,uav_U1,uav_U2,False,0.9977188110351562,0.9829935431480408,0.9728471040725708,0.8725770711898804,0.9983453750610352,0.9615801572799683,0,-5.328315381468347,3902.9484698529122,70583.5174005242
950010,7,uav_U1,uav_U2,False,0.9978574514389038,0.9859636425971985,0.9825248122215271,0.8739628791809082,0.9967643022537231,0.9505617618560791,1,1.2562202919598664,113.80217416544679,2077.6108886272073
950010,8,uav_U1,uav_U2,False,0.997329831123352,0.9837949275970459,0.9828425645828247,0.8761056661605835,0.9963380098342896,0.9551172852516174,0,-4.365262109820359,386.09024869230507,7073.914452788162
950010,9,uav_U1,uav_U2,False,0.9977818727493286,0.9816555976867676,0.9763048887252808,0.8525614738464355,0.9984672665596008,0.9423789381980896,0,-3.8961373537495074,2295.0991441895535,70459.8913284103
950010,10,uav_U1,uav_U2,False,0.9978729486465454,0.9826472997665405,0.9778614044189453,0.885423481464386,0.998023271560669,0.948716938495636,0,-3.667873085244522,1874.2891956413287,57506.82169438545
950010,11,uav_U1,uav_U2,False,0.9975347518920898,0.9898574948310852,0.9885128736495972,0.8908337354660034,0.9952731728553772,0.9462085366249084,1,0.6122147297249849,708.3795531191497,20756.9480766247
950010,12,uav_U1,uav_U2,False,0.9979808330535889,0.9878411293029785,0.9864481091499329,0.880535364151001,0.9970341920852661,0.9580199122428894,0,-4.732675759466069,803.7302483247981,20734.03784602417
950010,13,uav_U1,uav_U2,False,0.998081386089325,0.9834056496620178,0.9859423041343689,0.8680175542831421,0.9976922273635864,0.9563075304031372,1,0.9955404031076827,426.6952932590746,15660.51645523103
950010,14,uav_U1,uav_U2,False,0.997698187828064,0.9842783808708191,0.9848276972770691,0.8854305744171143,0.9975566864013672,0.970691442489624,1,1.4969122198916605,30.831834117384325,525.6992386569797
950010,15,uav_U1,uav_U2,False,0.9977166056632996,0.9818693995475769,0.9774256348609924,0.8697894215583801,0.9976381063461304,0.9502896666526794,1,0.6490354546683701,1447.3348108031087,43799.97938975351
950010,16,uav_U1,uav_U2,False,0.9982788562774658,0.9837760925292969,0.9863748550415039,0.8786964416503906,0.9982632994651794,0.9406729340553284,1,0.7944905676594078,1358.6341280954048,26554.878536581316
950010,17,uav_U1,uav_U2,False,0.9973104596138,0.9811848402023315,0.9723690748214722,0.8535557985305786,0.9983477592468262,0.9610884189605713,0,-7.50009185610483,3137.723650636622,48858.333413907305
950010,18,uav_U1,uav_U2,False,0.9975964426994324,0.9845218062400818,0.9865405559539795,0.8918917179107666,0.994629979133606,0.942621648311615,0,-7.50009210269433,1890.6807550781068,22067.86631603246
950010,19,uav_U1,uav_U2,False,0.9977434873580933,0.9869533181190491,0.9847593903541565,0.8909515142440796,0.9959406852722168,0.9552173614501953,0,-5.679215258385712,2215.8492228725186,87400.79555794246
950010,20,uav_U1,uav_U2,False,0.9978512525558472,0.9884944558143616,0.9861487150192261,0.892802894115448,0.9954959154129028,0.9571436643600464,1,1.1743279049216542,508.55672225314106,18949.23035737312
950010,21,uav_U1,uav_U2,False,0.9980490207672119,0.9869715571403503,0.9854400157928467,0.8795217275619507,0.9963459968566895,0.9562665224075317,1,1.0964823129430503,20.17565496974741,515.6522354881109
950010,22,uav_U1,uav_U2,False,0.9978002905845642,0.9870184063911438,0.9895216822624207,0.9060048460960388,0.9935935139656067,0.9440029859542847,0,-7.500091538197195,2253.2986709734328,93186.21826172162
950010,23,uav_U1,uav_U2,False,0.9973366260528564,0.9823921918869019,0.9802082777023315,0.8628084063529968,0.9976803660392761,0.9541574716567993,0,-4.874382927657988,1761.7240368878788,29154.15730939062
950010,24,uav_U1,uav_U2,False,0.9979847073554993,0.9838933348655701,0.9804048538208008,0.8660688400268555,0.9975301623344421,0.9563424587249756,1,1.180214678392223,245.5246579422625,6642.7562023698065
950010,25,uav_U1,uav_U2,False,0.9962445497512817,0.9754517078399658,0.9282215237617493,0.8516607880592346,0.9983358383178711,0.9623809456825256,0,-7.500273913135907,9053.727007499194,331922.36438229756
950010,26,uav_U1,uav_U2,False,0.9977729916572571,0.9856070280075073,0.9828330278396606,0.8678444623947144,0.9970530867576599,0.9572333097457886,1,1.2505034018742427,214.23889127569805,7489.368420342254
950010,27,uav_U1,uav_U2,False,0.9978034496307373,0.9828256368637085,0.9863405227661133,0.8621547222137451,0.9978373050689697,0.9472454190254211,1,1.2066415195294975,470.9852927935409,4361.182872016301
950010,28,uav_U1,uav_U2,False,0.9978819489479065,0.98582923412323,0.9810447692871094,0.863986611366272,0.9974443912506104,0.9558362364768982,1,1.4083633914834275,145.55600003998967,2663.67212763886
950010,29,uav_U1,uav_U2,False,0.9979877471923828,0.9870682954788208,0.9879311323165894,0.9047493934631348,0.9955810904502869,0.9500106573104858,1,0.9767043632482433,374.0908028027987,10835.091305661148
950010,30,uav_U1,uav_U2,False,0.9978227615356445,0.985956609249115,0.9888644218444824,0.9083486199378967,0.9960124492645264,0.9479281902313232,1,1.191037297741266,328.32982976757074,8266.681184257208
950010,31,uav_U1,uav_U2,False,0.9973121881484985,0.9796380996704102,0.9780335426330566,0.8539156317710876,0.9983994364738464,0.9599548578262329,0,-4.003995143549821,2027.261781169853,37033.581878274585
950010,32,uav_U1,uav_U2,False,0.9979859590530396,0.9863203763961792,0.9843206405639648,0.8884228467941284,0.9954563975334167,0.9499503374099731,1,0.8027286133351628,741.1019729925072,20371.433389770118
950010,33,uav_U1,uav_U2,False,0.995673418045044,0.9809092879295349,0.9505361318588257,0.8751891851425171,0.9974135756492615,0.9569599628448486,0,-7.5000912639958734,16943.79560528701,484358.97384554683
950010,34,uav_U1,uav_U2,False,0.9977723956108093,0.9857263565063477,0.9861929416656494,0.8755525946617126,0.9975252747535706,0.9590821266174316,0,-4.776342045130069,1210.9650645937481,22054.412288818035
950010,35,uav_U1,uav_U2,False,0.9978129863739014,0.9742273688316345,0.9653439521789551,0.863547682762146,0.998145341873169,0.9493801593780518,1,0.5093047703574969,1506.7074558234187,24527.475675047677
950010,36,uav_U1,uav_U2,False,0.9975308179855347,0.9787697792053223,0.9818134307861328,0.8649290204048157,0.9979113340377808,0.9469606280326843,0,-6.737353397328065,1288.1275165173017,20568.04237836785
950010,37,uav_U1,uav_U2,False,0.9968606233596802,0.9812756776809692,0.9854947328567505,0.8655586242675781,0.9967711567878723,0.953151285648346,0,-3.592147710341256,679.2584556324543,5582.205580679579
950010,38,uav_U1,uav_U2,False,0.9975322484970093,0.9816856384277344,0.984600841999054,0.8932600021362305,0.9973145127296448,0.9538308382034302,1,1.3321620688801215,288.02031284182635,6577.852946069592
950010,39,uav_U1,uav_U2,False,0.9968876242637634,0.96882563829422,0.9687590003013611,0.8742045164108276,0.9975445866584778,0.9561488032341003,0,-4.971518664337005,2182.270204389615,67160.57402777078
950010,40,uav_U1,uav_U2,False,0.9974004030227661,0.9846550226211548,0.9852743744850159,0.8849605321884155,0.9958741068840027,0.9536111354827881,1,0.8322078730652105,1008.895086845286,15086.516015312864
950010,41,uav_U1,uav_U2,False,0.9973354339599609,0.9813486933708191,0.9868554472923279,0.8839088082313538,0.9958447813987732,0.9457700848579407,1,1.0255602254489242,787.8914422993145,7320.410917369276
950010,42,uav_U1,uav_U2,False,0.9977790117263794,0.9804723858833313,0.9858607053756714,0.8981753587722778,0.9965469241142273,0.9485020637512207,1,0.6247904490252538,1569.9601548306186,15099.304681379012
950010,43,uav_U1,uav_U2,False,0.9977402091026306,0.9850702285766602,0.9834514856338501,0.869994044303894,0.9964404702186584,0.958107054233551,1,1.447003327562148,79.67497611948772,2509.3145864039952
950010,44,uav_U1,uav_U2,False,0.9980075359344482,0.9823236465454102,0.985173225402832,0.8680562973022461,0.9977613091468811,0.9524209499359131,1,1.3468056641496668,294.1091261401909,3223.814850335086
950010,45,uav_U1,uav_U2,False,0.997490644454956,0.9818519949913025,0.963603675365448,0.8692355155944824,0.9978048205375671,0.9625152349472046,0,-7.500091527351961,4531.796804606343,170790.9922823977
950010,46,uav_U1,uav_U2,False,0.9982911348342896,0.982333779335022,0.9853422045707703,0.8841574192047119,0.9973781108856201,0.934785783290863,1,1.402508030836856,160.02820538054561,2924.493459830118
950010,47,uav_U1,uav_U2,False,0.9975723028182983,0.9808630347251892,0.9850226640701294,0.8876910209655762,0.9969591498374939,0.9608321785926819,1,0.8105151346624335,887.9385082190503,24536.345785614943
950010,48,uav_U1,uav_U2,False,0.9978235960006714,0.9838795065879822,0.9874205589294434,0.879689633846283,0.9971565008163452,0.9499655365943909,1,1.170910383069532,242.47099609802302,2387.736740173765
950010,49,uav_U1,uav_U2,False,0.9978034496307373,0.9774838089942932,0.9736990928649902,0.8511409759521484,0.9986347556114197,0.9563514590263367,0,-6.565702123035405,3476.0967547872933,63355.58952119893
950010,50,uav_U1,uav_U2,False,0.998172402381897,0.9836524128913879,0.9832212924957275,0.8646844625473022,0.9977807402610779,0.9564838409423828,1,1.2250095770375085,399.15270062152587,8256.96557941713
950010,51,uav_U1,uav_U2,False,0.9980919361114502,0.9768957495689392,0.9808309674263,0.8757405877113342,0.9981241822242737,0.9382036924362183,0,-3.507435226137457,939.8514581235336,23963.115607080555
950010,52,uav_U1,uav_U2,False,0.9981415271759033,0.9871260523796082,0.9854608774185181,0.8921535015106201,0.995753288269043,0.9408047199249268,1,1.3077075546742636,144.15048021500994,3392.6480648888323
950010,53,uav_U1,uav_U2,False,0.9982271194458008,0.9826913475990295,0.9832950830459595,0.8776417970657349,0.9976750612258911,0.9451811909675598,1,1.1937624652969363,298.49191354726395,5438.464656343871
950010,54,uav_U1,uav_U2,False,0.9980002641677856,0.9838579893112183,0.9856016635894775,0.864791989326477,0.9979676604270935,0.9488569498062134,1,1.1591141301418753,293.42334943677156,3906.418169697532
950010,55,uav_U1,uav_U2,False,0.9980028867721558,0.976769208908081,0.9755481481552124,0.86070317029953,0.9983958005905151,0.9369837045669556,0,-7.500092631936665,5134.703317856057,42373.53889650627
950010,56,uav_U1,uav_U2,False,0.9980896711349487,0.9814538955688477,0.985011100769043,0.9008395075798035,0.9970956444740295,0.9447052478790283,1,1.465437381491756,56.01492196037199,1052.105612089567
950010,57,uav_U1,uav_U2,False,0.9976218938827515,0.9807831048965454,0.9753190875053406,0.852026641368866,0.9980529546737671,0.9462108016014099,0,-6.740707984835744,2739.4381772483985,83202.33450665654
950010,58,uav_U1,uav_U2,False,0.9980564713478088,0.9691018462181091,0.9655121564865112,0.8572813272476196,0.9980825185775757,0.9357572197914124,0,-4.125027515227817,2141.6652071417416,50222.785642005016
950010,59,uav_U1,uav_U2,False,0.9970844984054565,0.9633422493934631,0.9629265666007996,0.8599300384521484,0.9984650611877441,0.9560961127281189,0,-5.277111307701232,5143.039905105536,74823.58298991524
950010,60,uav_U1,uav_U2,False,0.9978899359703064,0.9847797155380249,0.9853730201721191,0.8720384836196899,0.9964279532432556,0.9563382267951965,1,1.3633165630965305,134.26960825717413,3005.954970745917
950010,61,uav_U1,uav_U2,False,0.9977703094482422,0.9801440834999084,0.9855006337165833,0.8836555480957031,0.9970054030418396,0.9546031355857849,1,0.8906362666649623,1066.2259729390796,24024.871962195502
950010,62,uav_U1,uav_U2,False,0.9979025721549988,0.9791470766067505,0.9838968515396118,0.8953625559806824,0.9961664080619812,0.9520695805549622,1,1.0804615431375841,452.58310044280466,14189.862054006691
950010,63,uav_U1,uav_U2,False,0.9978483319282532,0.982500433921814,0.9897581338882446,0.8969371318817139,0.9964304566383362,0.9386280179023743,1,0.815559039411772,1118.2262391502557,15933.567954487946
950010,64,uav_U1,uav_U2,False,0.9979890584945679,0.9861998558044434,0.9877784252166748,0.8789623975753784,0.9966346621513367,0.9546498656272888,0,-3.7342731811230183,1456.3342534608885,55699.57645534596
950010,65,uav_U1,uav_U2,False,0.9964529871940613,0.9689688682556152,0.9684431552886963,0.8473883271217346,0.998177170753479,0.965929388999939,0,-5.19371425857712,4861.989117040521,118339.24446785201
950010,66,uav_U1,uav_U2,False,0.9978474378585815,0.9748526811599731,0.9755936861038208,0.870978057384491,0.9972591996192932,0.9274247884750366,0,-7.221264742235693,2780.7709567037373,84419.84345515883
950010,67,uav_U1,uav_U2,False,0.9981356263160706,0.9847126007080078,0.9868823289871216,0.871401846408844,0.9964041113853455,0.9427874684333801,1,1.2175115346525676,547.5675201670228,23838.685232452222
950010,68,uav_U1,uav_U2,False,0.9978183507919312,0.9853833317756653,0.988726019859314,0.9119354486465454,0.9945753812789917,0.9386996626853943,1,0.9864475340429928,380.4743330039434,6832.0458126636395
950010,69,uav_U1,uav_U2,False,0.9978419542312622,0.9861741065979004,0.9874093532562256,0.907982587814331,0.9949830770492554,0.9391692876815796,1,1.2776611214673508,331.8150450581266,8952.920030464553
950010,70,uav_U1,uav_U2,False,0.9976305961608887,0.9827248454093933,0.9866068363189697,0.8751559257507324,0.9967703819274902,0.9538864493370056,0,-3.726685642664621,1134.5993500052912,24608.153323001898
950010,71,uav_U1,uav_U2,False,0.9980474710464478,0.979993462562561,0.9791049361228943,0.8637205958366394,0.9981772899627686,0.938006579875946,1,0.5809755644278187,1564.0234478159982,42973.339438691124
950010,72,uav_U1,uav_U2,False,0.9980208277702332,0.9836235046386719,0.9829381704330444,0.8858086466789246,0.9953110218048096,0.952672004699707,1,1.00143847112014,665.9555835283011,17436.612427731703
950010,73,uav_U1,uav_U2,False,0.997328519821167,0.9779328107833862,0.9785382747650146,0.8674705028533936,0.998216986656189,0.9500088095664978,0,-3.967908174007583,1205.0773445432008,25065.60492676062
950010,74,uav_U1,uav_U2,False,0.9984169006347656,0.9824503660202026,0.9855278134346008,0.8944295644760132,0.9966189861297607,0.944564163684845,0,-3.7226777731834284,283.6399589997338,8698.671237557674
950010,75,uav_U1,uav_U2,False,0.9980064034461975,0.9840230941772461,0.9830185174942017,0.8832875490188599,0.9967724680900574,0.9496933817863464,1,1.459545642823414,56.95146377762324,1165.297181191277
950010,76,uav_U1,uav_U2,False,0.9978289008140564,0.9826069474220276,0.9834362268447876,0.8883582353591919,0.9961453080177307,0.9510529637336731,1,1.1612980915151747,344.027787679131,6740.622671691469
950010,77,uav_U1,uav_U2,False,0.9978804588317871,0.9883900880813599,0.9887568950653076,0.8896161913871765,0.9968363642692566,0.9566749334335327,1,1.1816220339874801,522.625513427559,7954.498044721053
950010,78,uav_U1,uav_U2,False,0.9972536563873291,0.9686105251312256,0.9680591225624084,0.8652862906455994,0.998214840888977,0.9536369442939758,0,-5.911269220101106,1835.2134879944047,37972.46038843607
950010,79,uav_U1,uav_U2,False,0.9975992441177368,0.9857072830200195,0.9881452918052673,0.8907448649406433,0.9943702816963196,0.9484896063804626,1,1.1048764334377281,616.249862064114,17832.329308973094
950010,80,uav_U1,uav_U2,False,0.9981813430786133,0.9841899275779724,0.9860942959785461,0.8874819874763489,0.9966006278991699,0.9404431581497192,1,0.757910844422899,284.1850038109461,7644.60991377145
950010,81,uav_U1,uav_U2,False,0.9976072311401367,0.981324315071106,0.9877630472183228,0.8731502890586853,0.9971532225608826,0.9468976855278015,1,0.727096378076725,1540.985010961862,10249.207694052087
950010,82,uav_U1,uav_U2,False,0.9972606301307678,0.9739847183227539,0.9802398681640625,0.8652061820030212,0.9976183772087097,0.942651629447937,0,-5.5213398981749755,3815.8349183011824,20930.01106793171
950010,83,uav_U1,uav_U2,False,0.9977273941040039,0.9813895225524902,0.9848506450653076,0.8832243084907532,0.9962090849876404,0.9492887854576111,1,1.1358911393698878,590.7994703745333,10012.635398089078
950010,84,uav_U1,uav_U2,False,0.9974868893623352,0.9760250449180603,0.9847002029418945,0.8810684084892273,0.9962494969367981,0.9469945430755615,0,-7.5000922193470405,1171.4455435947245,11575.548922510792
950010,85,uav_U1,uav_U2,False,0.9976575970649719,0.9643595814704895,0.9730364084243774,0.8745104074478149,0.9973715543746948,0.9203464388847351,1,1.4944307093141764,55.64700775153432,1226.968905839776
950010,86,uav_U1,uav_U2,False,0.9967508316040039,0.9746703505516052,0.9824316501617432,0.8631691336631775,0.9969021081924438,0.950718104839325,1,0.6045954056093579,714.459440268245,8661.25483749982
950010,87,uav_U1,uav_U2,False,0.9967606067657471,0.9746048450469971,0.9793630838394165,0.8779695630073547,0.996361255645752,0.9488848447799683,0,-7.4510393317616925,2411.1114563782885,34284.70499413357
950010,88,uav_U1,uav_U2,False,0.9972853660583496,0.97404944896698,0.9860588312149048,0.87374347448349,0.9946348667144775,0.9519934058189392,0,-4.874329919241406,118.71626686617861,3070.002137092483
950010,89,uav_U1,uav_U2,False,0.9978728294372559,0.9866164326667786,0.9852885007858276,0.8879237174987793,0.9955546259880066,0.9432210922241211,0,-4.7086278079402,1696.1557581552177,50612.62571337702
950010,90,uav_U1,uav_U2,False,0.9980760812759399,0.9762031435966492,0.985527753829956,0.8940463662147522,0.9959262609481812,0.9415619373321533,1,1.2962250179239807,284.54516400213765,4686.494415599167
950010,91,uav_U1,uav_U2,False,0.997939944267273,0.97870934009552,0.9874499440193176,0.8795985579490662,0.9968830347061157,0.9319984912872314,1,1.1234896225152866,561.6155927710989,5171.960362973252
950010,92,uav_U1,uav_U2,False,0.9980123043060303,0.9819676876068115,0.9837689399719238,0.8741748332977295,0.9965097308158875,0.949306309223175,1,0.6318449083756397,515.6297046128868,19486.74435702954
950010,93,uav_U1,uav_U2,False,0.9968874454498291,0.9621984958648682,0.9535181522369385,0.8765347003936768,0.9980952739715576,0.942153811454773,0,-5.516884521294935,4105.85516496945,94690.94443569909
950010,94,uav_U1,uav_U2,False,0.9976209402084351,0.978675901889801,0.9865108728408813,0.8886513710021973,0.997162401676178,0.9493269324302673,0,-5.429351600120405,711.8101176228962,10858.675203293531
950010,95,uav_U1,uav_U2,False,0.9967573285102844,0.964106023311615,0.9561841487884521,0.8542604446411133,0.9977454543113708,0.9562560319900513,0,-5.015253477682634,2530.2527931099467,50686.9986015336
950010,96,uav_U1,uav_U2,False,0.9977250099182129,0.9688354134559631,0.9852977395057678,0.8897547721862793,0.9953407049179077,0.9263504147529602,1,1.1828806491868948,492.027035645768,14247.03888088721
950010,97,uav_U1,uav_U2,False,0.9974020719528198,0.9683704972267151,0.9785220623016357,0.871610701084137,0.9975733160972595,0.9440763592720032,0,-7.500091670407597,2698.007387261853,52708.57836807876
950010,98,uav_U1,uav_U2,False,0.9980261921882629,0.9749717712402344,0.9832074642181396,0.8821039199829102,0.9971714615821838,0.9482975602149963,1,1.2129356702810499,127.98960928782638,1582.1728469523243
950010,99,uav_U1,uav_U2,False,0.9973864555358887,0.981315016746521,0.9847070574760437,0.8779908418655396,0.995521605014801,0.9560660719871521,1,1.143211939200713,271.80271777256576,8029.951869029425
950011,0,uav_U1,uav_U2,False,0.9978793859481812,0.9887655973434448,0.9892675280570984,0.9130411148071289,0.992056667804718,0.9538052082061768,1,1.215190491038828,510.21441377949463,15945.950412127077
950011,1,uav_U1,uav_U2,False,0.9972763061523438,0.9823728799819946,0.965512752532959,0.8613744974136353,0.9982609152793884,0.9595280289649963,0,-7.500091686795086,6655.711130747214,153017.17066964696
950011,2,uav_U1,uav_U2,False,0.9981565475463867,0.9882989525794983,0.9845380783081055,0.8811081051826477,0.9975084066390991,0.9561405181884766,1,1.3733201663873478,149.7537526295577,4604.028452976812
950011,3,uav_U1,uav_U2,False,0.9977204203605652,0.9876245260238647,0.9864139556884766,0.8655830025672913,0.9975008368492126,0.9624135494232178,0,-3.935901284180818,1372.6339937330363,36824.60501855762
950011,4,uav_U1,uav_U2,False,0.9979876279830933,0.9884538054466248,0.9868289232254028,0.8917281031608582,0.9967526197433472,0.9487004280090332,0,-4.321473060233647,3617.263610449551,147456.21307845897
950011,5,uav_U1,uav_U2,False,0.9974101781845093,0.9860020875930786,0.983141303062439,0.8716136813163757,0.9966890215873718,0.9640818238258362,1,1.2835278650702977,159.9051940920362,4414.459368909905
950011,6,uav_U1,uav_U2,False,0.9981133341789246,0.9856427907943726,0.9828944206237793,0.872614860534668,0.995846688747406,0.9420694708824158,1,1.4106602972683715,4.466755366271245,90.97697538618164
950011,7,uav_U1,uav_U2,False,0.9976019859313965,0.9873046875,0.9869285821914673,0.8851351737976074,0.9958451390266418,0.951533854007721,1,0.7177749861905178,402.0164376157345,6647.170169845055
950011,8,uav_U1,uav_U2,False,0.9972426891326904,0.977748692035675,0.9626596570014954,0.8516010642051697,0.9983977675437927,0.9673653244972229,0,-4.31118419700421,1756.759725386879,39150.27783172906
950011,9,uav_U1,uav_U2,False,0.997992992401123,0.9869812726974487,0.9848642945289612,0.879684329032898,0.9970634579658508,0.9577113389968872,1,1.1666904075296816,441.5137442235572,13770.717354077291
950011,10,uav_U1,uav_U2,False,0.9976970553398132,0.9804797768592834,0.9831985235214233,0.892779529094696,0.996279776096344,0.9585220217704773,1,1.4445725870754307,110.45020175005061,3202.1980487703213
950011,11,uav_U1,uav_U2,False,0.997241199016571,0.9828077554702759,0.986599326133728,0.8812097907066345,0.996148943901062,0.9437532424926758,1,1.0168066576789931,869.5817621243451,6750.376027375386
950011,12,uav_U1,uav_U2,False,0.9978693127632141,0.9824579954147339,0.9837759733200073,0.8816450834274292,0.9975962042808533,0.9617670178413391,0,-5.858778394039286,1098.290439980946,15642.668872847531
950011,13,uav_U1,uav_U2,False,0.9975766539573669,0.9844092726707458,0.9838979244232178,0.8942935466766357,0.9970077276229858,0.9586734175682068,1,1.288563043665477,301.1669742534498,6807.508338723964
950011,14,uav_U1,uav_U2,False,0.9969212412834167,0.9768145084381104,0.9734165668487549,0.8774818181991577,0.9979919195175171,0.9563151597976685,0,-7.500091613918114,3324.595439072763,68678.40690748686
950011,15,uav_U1,uav_U2,False,0.9974464178085327,0.9845760464668274,0.9876543283462524,0.9120120406150818,0.9934657216072083,0.9498264789581299,0,-3.8762015389039823,2386.1748561193754,103348.17300942016
950011,16,uav_U1,uav_U2,False,0.99798184633255,0.983885645866394,0.9853172302246094,0.8912801742553711,0.9947724342346191,0.9387161731719971,1,0.5425789787349582,1647.5639484743515,66096.51972703534
950011,17,uav_U1,uav_U2,False,0.9976564049720764,0.9840876460075378,0.985969066619873,0.8730678558349609,0.9971520900726318,0.9544302225112915,0,-4.209227058513533,1181.0126159866145,40157.85378073228
950011,18,uav_U1,uav_U2,False,0.9979244470596313,0.9857646822929382,0.98614901304245,0.8810275793075562,0.9973141551017761,0.9600474834442139,1,1.2781346788473413,399.85752612858954,8007.661980540185
950011,19,uav_U1,uav_U2,False,0.9980571269989014,0.9882928729057312,0.9878576993942261,0.8963240385055542,0.997373104095459,0.9490922689437866,1,1.0598817204756779,153.12922885623553,3884.0797426430127
950011,20,uav_U1,uav_U2,False,0.9974759221076965,0.9855479598045349,0.9894847273826599,0.8959623575210571,0.9940859079360962,0.9360995292663574,0,-4.079347185975835,1490.8172691474504,37291.725027743414
950011,21,uav_U1,uav_U2,False,0.9972514510154724,0.9791382551193237,0.9716947078704834,0.8727317452430725,0.9985350370407104,0.9608455896377563,0,-4.670889253813132,4029.000620586419,131570.77883447998
950011,22,uav_U1,uav_U2,False,0.9976971745491028,0.9880938529968262,0.9859018325805664,0.8757028579711914,0.9974607229232788,0.9480668306350708,1,1.499005459826879,9.899588600898825,288.098837008053
950011,23,uav_U1,uav_U2,False,0.9961189031600952,0.9790247678756714,0.9733636379241943,0.8492869138717651,0.9980646967887878,0.9591640830039978,0,-4.760913360366457,2419.079449121957,50085.464394037175
950011,24,uav_U1,uav_U2,False,0.9972492456436157,0.9733115434646606,0.9722914695739746,0.8499760627746582,0.9981579780578613,0.9604020118713379,0,-4.381484356159693,1062.9868103428526,20228.756485010326
950011,25,uav_U1,uav_U2,False,0.9977571964263916,0.9787129759788513,0.9812114238739014,0.8911198377609253,0.9975430965423584,0.9590597748756409,1,1.2755064009008221,11.224450506855694,255.37587046812965
950011,26,uav_U1,uav_U2,False,0.9980776309967041,0.9856294393539429,0.9837249517440796,0.8822333812713623,0.9970993995666504,0.9473612308502197,1,0.9686326675945838,629.5614878641359,14068.126788361116
950011,27,uav_U1,uav_U2,False,0.997486412525177,0.9837943315505981,0.9843286275863647,0.8795032501220703,0.9969725608825684,0.9639090299606323,1,1.3536144156359642,248.84591229648564,5954.92765839742
950011,28,uav_U1,uav_U2,False,0.9973986148834229,0.9844599962234497,0.9841114282608032,0.8946009874343872,0.997355580329895,0.9651668667793274,1,0.8397839792437676,984.2453146429267,21658.04999309921
950011,29,uav_U1,uav_U2,False,0.9964654445648193,0.9773511290550232,0.9637922048568726,0.8487052917480469,0.9977108240127563,0.9630573391914368,0,-7.500091320366583,4198.875495946638,169752.71311177287
950011,30,uav_U1,uav_U2,False,0.9977082014083862,0.9782719016075134,0.9728149175643921,0.8625100255012512,0.9982649087905884,0.9476207494735718,0,-5.184486253380445,3135.3727280250678,62163.63614159951
950011,31,uav_U1,uav_U2,False,0.9972781538963318,0.9790791869163513,0.9616037011146545,0.8643327951431274,0.9982271790504456,0.956556499004364,0,-7.500091535595236,6283.6664268997565,191618.73055582665
950011,32,uav_U1,uav_U2,False,0.9967784881591797,0.9713174104690552,0.9589916467666626,0.8594856858253479,0.9985095858573914,0.9546669721603394,0,-6.911769750085526,6736.6315563283815,61186.73532198111
950011,33,uav_U1,uav_U2,False,0.9977080225944519,0.9797930717468262,0.9793202877044678,0.8811545372009277,0.9969841837882996,0.9537526965141296,1,0.6101717673263616,1672.7047968027484,52236.329278321966
950011,34,uav_U1,uav_U2,False,0.9972239136695862,0.9876039624214172,0.9865566492080688,0.8855205178260803,0.9951303005218506,0.9558354616165161,0,-4.636576989593294,980.6468158487041,27277.77012804378
950011,35,uav_U1,uav_U2,False,0.9972352981567383,0.9762511253356934,0.9603561162948608,0.8603237867355347,0.9982841610908508,0.9542027115821838,0,-6.672244415979387,5970.350791352407,192727.91161734847
950011,36,uav_U1,uav_U2,False,0.9980294108390808,0.9837285876274109,0.982184886932373,0.8665193915367126,0.9974839091300964,0.9590203762054443,1,0.5290930327566372,538.8024886381995,17973.38919158095
950011,37,uav_U1,uav_U2,False,0.9976867437362671,0.965834379196167,0.9654827117919922,0.8521146178245544,0.9985837936401367,0.940468430519104,0,-5.881898800099816,3750.4233061469768,33497.41730549243
950011,38,uav_U1,uav_U2,False,0.9980748295783997,0.987760603427887,0.9869746565818787,0.8831216096878052,0.9975378513336182,0.9471566081047058,1,0.8325280259804455,959.0253200827699,24153.20318988826
950011,39,uav_U1,uav_U2,False,0.9977915287017822,0.9878795146942139,0.9878789186477661,0.8948889970779419,0.9954264760017395,0.9448889493942261,1,0.6874640874409619,395.6601745649613,6153.229428149986
950011,40,uav_U1,uav_U2,False,0.9979161024093628,0.9884916543960571,0.9880832433700562,0.8904649019241333,0.9965869188308716,0.9553326368331909,1,1.262652426299965,360.3912245619101,5738.771828095746
950011,41,uav_U1,uav_U2,False,0.9981397390365601,0.9864019155502319,0.9857426881790161,0.8775359392166138,0.9969082474708557,0.9474067687988281,1,0.954256603603296,551.6531002857927,5303.810060831548
950011,42,uav_U1,uav_U2,False,0.9979124665260315,0.9810822606086731,0.9837983846664429,0.8947514891624451,0.9970747232437134,0.9339607954025269,1,1.4296196582137544,57.00388443996512,1029.830090133059
950011,43,uav_U1,uav_U2,False,0.9982724189758301,0.9812628030776978,0.9829240441322327,0.8908193707466125,0.9969048500061035,0.9474577307701111,1,0.7804249599158195,688.5455470538851,23174.159524676226
950011,44,uav_U1,uav_U2,False,0.9979095458984375,0.98486328125,0.9879865646362305,0.8794127702713013,0.9967848062515259,0.9486962556838989,1,0.6803122939387889,519.6239471357903,20922.85444255805
950011,45,uav_U1,uav_U2,False,0.9979537129402161,0.9798281788825989,0.9702661037445068,0.853193461894989,0.998228132724762,0.9429935812950134,0,-5.014885476488942,2552.515579988378,57846.62283294878
950011,46,uav_U1,uav_U2,False,0.9975377321243286,0.9835183620452881,0.9834032654762268,0.8771143555641174,0.9974539875984192,0.958038330078125,0,-3.7738953287716672,2318.3228116768946,74083.67806532957
950011,47,uav_U1,uav_U2,False,0.9978786706924438,0.9817548990249634,0.9856691360473633,0.8930686712265015,0.9963101744651794,0.9411429166793823,1,0.7621505165046418,532.6607915079682,6405.813039470187
950011,48,uav_U1,uav_U2,False,0.9980868101119995,0.9873775839805603,0.9861801862716675,0.8773714303970337,0.9966908693313599,0.9440133571624756,1,0.9610580564625868,215.00116876418653,4099.790553625874
950011,49,uav_U1,uav_U2,False,0.9982141256332397,0.985381543636322,0.9858715534210205,0.8852455615997314,0.997833788394928,0.9529378414154053,1,1.2730304500275864,294.0335436466908,6571.0879827948875
950011,50,uav_U1,uav_U2,False,0.997675359249115,0.9831775426864624,0.9863687753677368,0.8987681865692139,0.9957374334335327,0.9452621340751648,1,1.305121861248926,299.5814928082267,7598.243351848291
950011,51,uav_U1,uav_U2,False,0.9982779622077942,0.9827324748039246,0.9866965413093567,0.8906494379043579,0.997803270816803,0.9458072185516357,1,1.448836401298988,89.63077910023978,1755.7331088275007
950011,52,uav_U1,uav_U2,False,0.9983450770378113,0.9834514260292053,0.9852330684661865,0.8675415515899658,0.997628390789032,0.9325229525566101,1,1.0387121262263939,752.210789953128,19847.616450892878
950011,53,uav_U1,uav_U2,False,0.9971347451210022,0.9812019467353821,0.9859739542007446,0.8880770206451416,0.9954471588134766,0.9453064799308777,1,1.0501803249565183,719.5635505055158,6023.227538095802
950011,54,uav_U1,uav_U2,False,0.9979370832443237,0.9850828051567078,0.9836022853851318,0.881212055683136,0.9959580302238464,0.9447687268257141,0,-3.6855953078343697,698.2616644559538,24456.673561710977
950011,55,uav_U1,uav_U2,False,0.9974409341812134,0.9805131554603577,0.9863697290420532,0.8996153473854065,0.9965360164642334,0.949583113193512,1,0.7347961498274922,403.97917770883225,7743.439004838438
950011,56,uav_U1,uav_U2,False,0.998130202293396,0.9806826710700989,0.9876274466514587,0.8909504413604736,0.9970867037773132,0.946541965007782,1,1.358454160712346,175.96898110148962,5749.680322200442
950011,57,uav_U1,uav_U2,False,0.9980239868164062,0.987579345703125,0.9876857995986938,0.8942630290985107,0.9950331449508667,0.9449620842933655,1,0.7296031801204637,38.51961189070127,1317.7748642132083
950011,58,uav_U1,uav_U2,False,0.9970775842666626,0.9798939824104309,0.9830460548400879,0.9015030264854431,0.9957043528556824,0.9521933197975159,1,0.7325755475972289,1010.5773241428689,23154.69922678452
950011,59,uav_U1,uav_U2,False,0.9970805644989014,0.978603720664978,0.9729092121124268,0.8387284874916077,0.9986326098442078,0.9596011638641357,0,-6.066028621767028,3590.898218878596,52308.75400535898
950011,60,uav_U1,uav_U2,False,0.9981288909912109,0.9836590886116028,0.9858129024505615,0.8805989623069763,0.9971702694892883,0.9386112093925476,0,-5.291616012131291,1605.1263845620397,32388.718403420335
950011,61,uav_U1,uav_U2,False,0.9978798627853394,0.9844084978103638,0.986628532409668,0.8615155220031738,0.997358500957489,0.9434506893157959,0,-4.309500772441216,674.909031134029,3232.5881538647386
950011,62,uav_U1,uav_U2,False,0.9968975186347961,0.9727020859718323,0.9744746685028076,0.879173755645752,0.9975234866142273,0.9467079043388367,0,-5.519841420222461,5417.431500434954,189134.22429612195
950011,63,uav_U1,uav_U2,False,0.9974942207336426,0.9730244278907776,0.9892480969429016,0.902917742729187,0.9951086044311523,0.9285424947738647,1,1.3345890142568115,303.3612084702577,10544.632170645908
950011,64,uav_U1,uav_U2,False,0.9980837106704712,0.9857550859451294,0.9857177138328552,0.8948322534561157,0.9959816932678223,0.9353740811347961,1,1.1752228812176078,632.8117851155785,16707.064892590817
950011,65,uav_U1,uav_U2,False,0.9973491430282593,0.9745936393737793,0.9663207530975342,0.8675531148910522,0.9972768425941467,0.9558345675468445,0,-6.457470376528287,2956.1620137545433,107402.78896222982
950011,66,uav_U1,uav_U2,False,0.9978134632110596,0.9778201580047607,0.9712026119232178,0.8746128082275391,0.9981375932693481,0.9543558359146118,0,-5.331269785967042,3907.025523263253,70597.32591620888
950011,67,uav_U1,uav_U2,False,0.9980686902999878,0.9837526679039001,0.9818781614303589,0.876125156879425,0.9967889785766602,0.945810079574585,1,1.2561373123690518,113.84090739878657,2078.4930043564896
950011,68,uav_U1,uav_U2,False,0.9975638389587402,0.9810384511947632,0.9820981025695801,0.8791204690933228,0.9963304400444031,0.9506568312644958,0,-4.365995142431526,386.2419774977057,7077.243409798784
950011,69,uav_U1,uav_U2,False,0.997822642326355,0.9724668860435486,0.9756165742874146,0.8514046669006348,0.99824059009552,0.923459529876709,0,-3.8964792356420963,2295.6611855635465,70465.71714387019
950011,70,uav_U1,uav_U2,False,0.9979060888290405,0.9764873385429382,0.9765741229057312,0.8873616456985474,0.9977611303329468,0.9367036819458008,0,-3.668439245020802,1875.1978720423326,57510.7465073018
950011,71,uav_U1,uav_U2,False,0.9977724552154541,0.9890563488006592,0.988903284072876,0.8948702812194824,0.9954433441162109,0.9391968846321106,1,0.6124832111071938,708.1652702316826,20766.814868017056
950011,72,uav_U1,uav_U2,False,0.9982197284698486,0.9867090582847595,0.9865641593933105,0.8839464783668518,0.9970895051956177,0.9525622129440308,0,-4.732272456135623,803.5850433548885,20743.939273106946
950011,73,uav_U1,uav_U2,False,0.9981540441513062,0.9766319990158081,0.9852638244628906,0.869713544845581,0.9973735809326172,0.9441546201705933,1,0.9954763505606075,426.74947039001574,15662.803927036744
950011,74,uav_U1,uav_U2,False,0.9978293180465698,0.9813293218612671,0.9845602512359619,0.8876769542694092,0.9974706172943115,0.9651101231575012,1,1.4969118058141315,30.83596280680262,525.8374582078806
950011,75,uav_U1,uav_U2,False,0.9977361559867859,0.9749571084976196,0.9757012128829956,0.8708701133728027,0.9973685145378113,0.9409148693084717,1,0.648456749847393,1448.319181158938,43801.81833109067
950011,76,uav_U1,uav_U2,False,0.9982709884643555,0.9748938679695129,0.9860401749610901,0.8786188364028931,0.9978618025779724,0.9185307621955872,1,0.7943427082664507,1358.9189078547263,26554.49327695245
950011,77,uav_U1,uav_U2,False,0.9974185228347778,0.9758106470108032,0.9695727825164795,0.8544852137565613,0.9981816411018372,0.9552320837974548,0,-7.500091877180472,3143.8392646409793,48869.54356365569
950011,78,uav_U1,uav_U2,False,0.9976951479911804,0.9811175465583801,0.9861835241317749,0.8938702344894409,0.9945306181907654,0.9336310029029846,0,-7.500092121024857,1891.1617268674306,22072.258322605652
950011,79,uav_U1,uav_U2,False,0.9978896379470825,0.9854295253753662,0.984573483467102,0.89458167552948,0.9959492683410645,0.9501338005065918,0,-5.678969507595239,2215.6779158796294,87426.39707264796
950011,80,uav_U1,uav_U2,False,0.9979648590087891,0.9863297939300537,0.98591548204422,0.8957609534263611,0.9954108595848083,0.9493811726570129,1,1.1743363471104238,508.54350296922155,18953.545548599646
950011,81,uav_U1,uav_U2,False,0.9981748461723328,0.9838887453079224,0.9848436117172241,0.8820604085922241,0.9962253570556641,0.9485456943511963,1,1.096389415843202,20.18029976672239,515.7826584228105
950011,82,uav_U1,uav_U2,False,0.9978405237197876,0.9835847020149231,0.9893493056297302,0.9085199236869812,0.9934812784194946,0.9318691492080688,0,-7.500091545582159,2253.2888846774936,93193.73618234908
950011,83,uav_U1,uav_U2,False,0.9974024295806885,0.9774832725524902,0.978916347026825,0.864450216293335,0.9974538683891296,0.9476175904273987,0,-4.876422920208174,1763.2377020655817,29158.13664151116
950011,84,uav_U1,uav_U2,False,0.9980884194374084,0.9795416593551636,0.9791291952133179,0.8674958944320679,0.997373104095459,0.9489145874977112,1,1.180042403477019,245.656950249156,6644.153960303217
950011,85,uav_U1,uav_U2,False,0.9959595799446106,0.9665077924728394,0.9165980815887451,0.8522363305091858,0.998066246509552,0.9530566334724426,0,-7.500273759702535,9085.395151636396,331736.43694262486
950011,86,uav_U1,uav_U2,False,0.9979441165924072,0.9835181832313538,0.9819799661636353,0.8699747323989868,0.9970704913139343,0.9535941481590271,1,1.2504691097749276,214.26832115115528,7491.941878524825
950011,87,uav_U1,uav_U2,False,0.9978001713752747,0.9771122336387634,0.9859791994094849,0.8627710938453674,0.9974616169929504,0.9373645186424255,1,1.206553708257766,471.12631812501235,4361.1702647586635
950011,88,uav_U1,uav_U2,False,0.998052716255188,0.9834607839584351,0.9800680875778198,0.8653579950332642,0.9974300265312195,0.9513910412788391,1,1.4083113185566412,145.63874549943426,2664.5920520423633
950011,89,uav_U1,uav_U2,False,0.9979391694068909,0.9829249978065491,0.9874166250228882,0.9065468311309814,0.9951602816581726,0.936701238155365,1,0.9765755135164524,374.18293666777464,10834.049268530207
950011,90,uav_U1,uav_U2,False,0.997765064239502,0.981096088886261,0.9884433746337891,0.9095799922943115,0.9954449534416199,0.9327133893966675,1,1.1909632281745048,328.4085768618935,8265.736471512175
950011,91,uav_U1,uav_U2,False,0.9973136186599731,0.9720093011856079,0.9765150547027588,0.8552576303482056,0.998099148273468,0.9511388540267944,0,-4.005474660069403,2029.2561683998981,37033.89281235503
950011,92,uav_U1,uav_U2,False,0.9980001449584961,0.9832730293273926,0.9835342764854431,0.8910562992095947,0.9953318238258362,0.9409626126289368,1,0.802484330500487,741.3616427178519,20372.045072847366
950011,93,uav_U1,uav_U2,False,0.9955108165740967,0.9732658267021179,0.9460185766220093,0.8758077621459961,0.9969786405563354,0.9459959864616394,0,-7.500091234934075,16979.51800219202,484204.7362102292
950011,94,uav_U1,uav_U2,False,0.9977895021438599,0.9802318811416626,0.9857677221298218,0.8768670558929443,0.9970769882202148,0.9457657933235168,0,-4.776951287171509,1211.289179593981,22055.208633528808
950011,95,uav_U1,uav_U2,False,0.9976528882980347,0.9625382423400879,0.961096465587616,0.8634411096572876,0.9978010058403015,0.9372568726539612,1,0.5063016286217119,1511.2752755227111,24520.271157865816
950011,96,uav_U1,uav_U2,False,0.997462809085846,0.9707927703857422,0.9807972311973572,0.865949273109436,0.9974977374076843,0.937252938747406,0,-6.740429436814952,1289.0626361953166,20565.335461868326
950011,97,uav_U1,uav_U2,False,0.9969014525413513,0.9759045839309692,0.9848921298980713,0.8673011660575867,0.9962717294692993,0.9449173212051392,0,-3.5926988608738393,679.6012662370432,5582.694258019661
950011,98,uav_U1,uav_U2,False,0.9975320100784302,0.976630687713623,0.983605146408081,0.8959924578666687,0.9969602227210999,0.943820595741272,1,1.3320701925026999,288.17806427193585,6577.8658967651345
950011,99,uav_U1,uav_U2,False,0.9966486692428589,0.9570922255516052,0.9649394154548645,0.875483512878418,0.9970212578773499,0.9446830749511719,0,-4.975600238105086,2185.874272202708,67128.83307932162
950012,0,uav_U1,uav_U2,False,0.9974580407142639,0.9863772988319397,0.9827789068222046,0.8651226758956909,0.9966369867324829,0.9643664360046387,0,-4.124398767312783,1851.7102877330703,73033.73286741704
950012,1,uav_U1,uav_U2,False,0.9977920055389404,0.9836435317993164,0.9798886775970459,0.8752148151397705,0.9984785914421082,0.9536358714103699,1,1.2232729865372398,341.92108781800727,6989.831782339655
950012,2,uav_U1,uav_U2,False,0.9961438775062561,0.9727801084518433,0.9664597511291504,0.8479116559028625,0.9989567995071411,0.9727258682250977,0,-3.9713132135332128,2470.180277586195,21892.726563811902
950012,3,uav_U1,uav_U2,False,0.9973132610321045,0.9852615594863892,0.9869987368583679,0.8828067779541016,0.9975729584693909,0.9635618925094604,0,-5.852248859095619,3811.402938150929,142553.2493813517
950012,4,uav_U1,uav_U2,False,0.9974997043609619,0.9827078580856323,0.9806731939315796,0.8647153377532959,0.9987756609916687,0.9597281217575073,1,1.0285702948595423,921.9353775391814,7300.601427154609
950012,5,uav_U1,uav_U2,False,0.9963462948799133,0.9778455495834351,0.9831706285476685,0.890151858329773,0.9979120492935181,0.9547093510627747,0,-4.1683411857998935,2749.274188807618,20919.00699192636
950012,6,uav_U1,uav_U2,False,0.9976391196250916,0.9808278679847717,0.9697332978248596,0.8458650708198547,0.9986251592636108,0.958453357219696,0,-3.5887265727099122,977.594148667845,25861.265306918896
950012,7,uav_U1,uav_U2,False,0.9963950514793396,0.9792637228965759,0.9591653347015381,0.8481974005699158,0.9986321330070496,0.9583879709243774,0,-4.071808135124982,2822.802977690364,62814.79661069891
950012,8,uav_U1,uav_U2,False,0.997529149055481,0.9836897253990173,0.9814103841781616,0.8823114633560181,0.9967908263206482,0.9541488885879517,0,-4.671554552264694,684.0108101743566,18937.02721466449
950012,9,uav_U1,uav_U2,False,0.996196985244751,0.9714890718460083,0.9583909511566162,0.8446783423423767,0.9988426566123962,0.9720258712768555,0,-7.060683225463839,2658.8249795354836,52942.62731101471
950012,10,uav_U1,uav_U2,False,0.9973708391189575,0.9786458611488342,0.9779191017150879,0.8648766279220581,0.998775839805603,0.931908905506134,1,0.829344793333862,861.0035418346393,18793.3496124421
950012,11,uav_U1,uav_U2,False,0.9961992502212524,0.9770820736885071,0.9663354158401489,0.8437498211860657,0.9982635378837585,0.9633546471595764,1,0.6339134801143116,1199.4031211166052,27652.108801332983
950012,12,uav_U1,uav_U2,False,0.9975149631500244,0.9824500679969788,0.9795205593109131,0.8612889647483826,0.9988170862197876,0.9694480895996094,1,1.359739997607181,126.57186949671318,2412.88880645285
950012,13,uav_U1,uav_U2,False,0.9982273578643799,0.9851264953613281,0.9813125133514404,0.8740321397781372,0.9981607794761658,0.9625340104103088,1,1.2320293274651237,327.0802673515245,12169.421969381496
950012,14,uav_U1,uav_U2,False,0.9972087740898132,0.9822587370872498,0.9775994420051575,0.8583945035934448,0.9982913136482239,0.964342474937439,1,1.330878253483424,109.19337997506165,2174.8480683749476
950012,15,uav_U1,uav_U2,False,0.9961766004562378,0.9791810512542725,0.9600175619125366,0.8409649729728699,0.9990453124046326,0.9660664200782776,0,-3.8240404083804274,2344.713250666897,37950.82650847341
950012,16,uav_U1,uav_U2,False,0.9961380958557129,0.977297306060791,0.9816370010375977,0.8742579221725464,0.9982094764709473,0.9621374011039734,0,-5.007645217122439,757.281023307144,6235.49715693502
950012,17,uav_U1,uav_U2,False,0.9962728023529053,0.97573322057724,0.9786978363990784,0.8771344423294067,0.9982336759567261,0.9560030102729797,0,-4.654569299667928,838.091534686257,5723.7583196273345
950012,18,uav_U1,uav_U2,False,0.9976364374160767,0.9804455041885376,0.9767793416976929,0.8642686605453491,0.9984006881713867,0.964434802532196,1,1.2806346514831537,272.1184946262915,5857.324132455681
950012,19,uav_U1,uav_U2,False,0.9972761869430542,0.9716825485229492,0.9678901433944702,0.8560914397239685,0.9990824460983276,0.9358669519424438,0,-4.754063064033341,2260.7332236673524,39956.78065444197
950012,20,uav_U1,uav_U2,False,0.9973551630973816,0.9848771095275879,0.9843108057975769,0.8718433380126953,0.9969705939292908,0.9448432922363281,0,-4.929786019685737,1054.4874230287817,39881.57968029811
950012,21,uav_U1,uav_U2,False,0.99744713306427,0.9805811643600464,0.9704037308692932,0.8605148196220398,0.9979589581489563,0.9266321659088135,0,-7.126244848442546,6370.21320866545,282434.7557460047
950012,22,uav_U1,uav_U2,False,0.9980195164680481,0.9856103658676147,0.9844426512718201,0.8644821643829346,0.9986538290977478,0.9683920741081238,1,1.4174892672784623,126.67810479851444,3899.227209707395
950012,23,uav_U1,uav_U2,False,0.9969767332077026,0.9692263603210449,0.9794065952301025,0.8890644311904907,0.997791051864624,0.9405006170272827,0,-6.318167363641041,2783.3773655461105,104925.76045008427
950012,24,uav_U1,uav_U2,False,0.997521698474884,0.9796118140220642,0.981347918510437,0.8713251352310181,0.9986273050308228,0.952276349067688,1,1.0129688621509654,306.28479941864856,5379.38757688143
950012,25,uav_U1,uav_U2,False,0.9973863363265991,0.9720711708068848,0.9706995487213135,0.8395529389381409,0.9985750913619995,0.9621875882148743,0,-4.508179953496119,100.4087683649373,2222.4867095440377
950012,26,uav_U1,uav_U2,False,0.979324460029602,0.9437026381492615,0.7995971441268921,0.8226895928382874,0.9988683462142944,0.9548745155334473,0,-4.104635360110356,16043.695546935183,244672.98241769322
950012,27,uav_U1,uav_U2,False,0.9972556233406067,0.9809192419052124,0.9816548824310303,0.8797471523284912,0.9974843263626099,0.9508503079414368,1,1.308150606020263,339.6028721157837,7175.274876909704
950012,28,uav_U1,uav_U2,False,0.9979006052017212,0.9844536781311035,0.9785451292991638,0.8642235994338989,0.9983505010604858,0.9585276246070862,1,1.019149672058063,452.8746579127405,13596.67877674575
950012,29,uav_U1,uav_U2,False,0.9975922107696533,0.9826970100402832,0.9854265451431274,0.8837105631828308,0.9974046349525452,0.9408743977546692,0,-7.314113388955617,1145.7371214884695,18497.24518080992
950012,30,uav_U1,uav_U2,False,0.9970771074295044,0.9856535196304321,0.9830478429794312,0.8689103722572327,0.9974635243415833,0.9552391767501831,1,1.297855633840115,369.35208819563445,5943.484837476538
950012,31,uav_U1,uav_U2,False,0.9978266954421997,0.9858317375183105,0.9876416921615601,0.8893554210662842,0.9971666932106018,0.9469424486160278,0,-5.932087258388691,2261.685118558509,69160.46490536812
950012,32,uav_U1,uav_U2,False,0.9967149496078491,0.9674398303031921,0.9499883055686951,0.84653240442276,0.9986793994903564,0.954089343547821,0,-4.327861259013088,2831.2154152535154,87203.21973115922
950012,33,uav_U1,uav_U2,False,0.9961779117584229,0.9644811749458313,0.9176275730133057,0.8486043810844421,0.9987531304359436,0.9643493890762329,0,-5.134856744288086,4787.368457831299,107403.04406429194
950012,34,uav_U1,uav_U2,False,0.9970382452011108,0.9760304093360901,0.9659861326217651,0.8480414748191833,0.9979559183120728,0.9358168244361877,0,-7.500091407412882,5763.747858308365,245169.5069427253
950012,35,uav_U1,uav_U2,False,0.9976222515106201,0.985734224319458,0.9850066900253296,0.8791069388389587,0.9978668689727783,0.9613608717918396,1,0.9325724281808334,974.6826984119703,16990.089958073277
950012,36,uav_U1,uav_U2,False,0.995206356048584,0.9731071591377258,0.9650708436965942,0.842941164970398,0.9982126951217651,0.957448422908783,0,-4.522654594269335,1332.8690987686164,22294.736558193094
950012,37,uav_U1,uav_U2,False,0.9968159198760986,0.9772646427154541,0.9810924530029297,0.8831478357315063,0.997839629650116,0.9627726078033447,0,-4.008584202966388,1875.0559369472626,27103.219453418056
950012,38,uav_U1,uav_U2,False,0.9928959012031555,0.9656838178634644,0.8726439476013184,0.8501652479171753,0.9985411763191223,0.9445999264717102,0,-7.500272286932751,12670.090136880322,366934.43038098025
950012,39,uav_U1,uav_U2,False,0.9982072114944458,0.9814848899841309,0.9808974266052246,0.8905354738235474,0.9973528385162354,0.9329809546470642,1,0.8077968986405404,503.8571230844152,18083.88656013261
950012,40,uav_U1,uav_U2,False,0.9972609281539917,0.9772056937217712,0.9650381207466125,0.8348578810691833,0.9988759160041809,0.9542695879936218,0,-4.3718454750392475,2461.3563477755465,60943.749129107695
950012,41,uav_U1,uav_U2,False,0.9973980188369751,0.984078049659729,0.9825550317764282,0.8696227669715881,0.9979423880577087,0.9538645148277283,1,1.0444204030248092,649.069829977466,9240.607126399009
950012,42,uav_U1,uav_U2,False,0.9972664713859558,0.9764896631240845,0.967271625995636,0.8581337928771973,0.998345136642456,0.9305917620658875,0,-7.500091722922323,2715.0504666906972,56044.76705973007
950012,43,uav_U1,uav_U2,False,0.9977242946624756,0.9618082642555237,0.9712225794792175,0.8388642072677612,0.9991682767868042,0.9198100566864014,0,-4.339440610707016,2304.703268132429,19629.920842087005
950012,44,uav_U1,uav_U2,False,0.9960809946060181,0.9610620737075806,0.9674868583679199,0.8347891569137573,0.9989923238754272,0.9400386810302734,0,-6.008511113467419,3164.593894713382,25918.019813187315
950012,45,uav_U1,uav_U2,False,0.997314989566803,0.9761172533035278,0.9860195517539978,0.9016832113265991,0.9958387613296509,0.9271805882453918,0,-6.1203310390480175,1075.2111004389228,24984.767946019037
950012,46,uav_U1,uav_U2,False,0.9973279237747192,0.9750871658325195,0.982019305229187,0.8948255777359009,0.9978576898574829,0.9368125796318054,0,-3.5085392184026043,1556.032399357682,8499.307156549505
950012,47,uav_U1,uav_U2,False,0.997336745262146,0.982850193977356,0.9765411615371704,0.8543914556503296,0.9987282156944275,0.9572073221206665,1,0.8225959519622454,1343.1102857230699,25498.220422490478
950012,48,uav_U1,uav_U2,False,0.9969543814659119,0.9816612005233765,0.9850289821624756,0.8704676032066345,0.9981672763824463,0.963225781917572,1,0.9186986316596393,745.1101398747719,7004.343884854328
950012,49,uav_U1,uav_U2,False,0.9975321292877197,0.9751319885253906,0.9800688624382019,0.8762082457542419,0.9982576966285706,0.9549630880355835,0,-3.663193712010812,704.8397413809606,12685.017063972127
950012,50,uav_U1,uav_U2,False,0.9979041814804077,0.9841652512550354,0.9817802906036377,0.8810398578643799,0.9975817799568176,0.9593057036399841,1,0.8024571740184692,857.1674564779032,25327.440789969456
950012,51,uav_U1,uav_U2,False,0.9972866773605347,0.9713494181632996,0.9626467227935791,0.8602191805839539,0.9984215497970581,0.9460414052009583,0,-4.928002595519132,1716.5329447068539,31285.323221330145
950012,52,uav_U1,uav_U2,False,0.9981963634490967,0.9846454858779907,0.9849328994750977,0.8637644052505493,0.9983445405960083,0.9365834593772888,1,1.1581684395765028,582.6664745726897,17864.56977844747
950012,53,uav_U1,uav_U2,False,0.9970447421073914,0.9828367233276367,0.9826697111129761,0.8929767608642578,0.997712254524231,0.9605166912078857,1,1.1665652491734946,659.3527376109337,16390.46441526239
950012,54,uav_U1,uav_U2,False,0.9970298409461975,0.9839811325073242,0.9793649911880493,0.8835252523422241,0.9985194802284241,0.9591622352600098,0,-7.500274889292839,2701.7019065096983,62587.66870974674
950012,55,uav_U1,uav_U2,False,0.9974074363708496,0.9788734912872314,0.9692389965057373,0.8610324263572693,0.9984020590782166,0.9610278010368347,0,-4.005947692510596,1386.8933967045143,31396.99010666471
950012,56,uav_U1,uav_U2,False,0.9972660541534424,0.9666192531585693,0.9597322344779968,0.8514639735221863,0.9989000558853149,0.9416659474372864,0,-4.60553813146042,3452.930694431,23721.08776581469
950012,57,uav_U1,uav_U2,False,0.9977426528930664,0.9735738635063171,0.979342520236969,0.8481501936912537,0.9985948204994202,0.9342408180236816,1,0.5172129802367564,49.13912144911244,967.1339642627892
950012,58,uav_U1,uav_U2,False,0.9974671602249146,0.9847627282142639,0.9830846786499023,0.8680881857872009,0.9977591037750244,0.9642334580421448,1,1.1456331252238174,500.2365853674702,12479.890331424587
950012,59,uav_U1,uav_U2,False,0.9973176717758179,0.9812722206115723,0.9833059310913086,0.8921428918838501,0.9978243112564087,0.9451339840888977,1,0.8162998700613664,530.479974665126,7784.318922738474
950012,60,uav_U1,uav_U2,False,0.995834469795227,0.9593340158462524,0.9639483690261841,0.8600508570671082,0.9987725615501404,0.9532397389411926,0,-3.697155306771301,1429.293822037768,18010.893482123276
950012,61,uav_U1,uav_U2,False,0.9979020357131958,0.9806049466133118,0.9825019836425781,0.8717062473297119,0.998408854007721,0.9432728290557861,0,-3.7084718402593215,1705.0235052662638,15004.43616555757
950012,62,uav_U1,uav_U2,False,0.9962772130966187,0.9713016748428345,0.9571895003318787,0.8367105722427368,0.9989363551139832,0.9721449613571167,0,-3.8043429084411065,2553.724120270743,48368.18582786513
950012,63,uav_U1,uav_U2,False,0.9964572787284851,0.9714348316192627,0.9637053608894348,0.8423143029212952,0.9988088607788086,0.9633989930152893,0,-7.500091443576219,3881.80416839425,97399.1026021122
950012,64,uav_U1,uav_U2,False,0.9973048567771912,0.9768485426902771,0.9803645610809326,0.8988317847251892,0.9972289204597473,0.9438542127609253,1,0.8060384511776002,1384.9644853321286,43209.82086411386
950012,65,uav_U1,uav_U2,False,0.9962919354438782,0.9728845357894897,0.9803480505943298,0.8924749493598938,0.9972606897354126,0.9427680373191833,0,-4.825641997357041,486.04003725580924,8036.866871926882
950012,66,uav_U1,uav_U2,False,0.9964900016784668,0.960109293460846,0.9678480625152588,0.8727596998214722,0.9986613988876343,0.9441901445388794,0,-4.262605176952939,1004.632336248973,9140.500757725405
950012,67,uav_U1,uav_U2,False,0.99664306640625,0.9763728976249695,0.9591190814971924,0.8477359414100647,0.998511016368866,0.9625552296638489,0,-6.73142312934498,1853.3232279980296,43254.57604540141
950012,68,uav_U1,uav_U2,False,0.9977779388427734,0.9735254645347595,0.9810284376144409,0.8825517296791077,0.9978734254837036,0.9350464344024658,1,0.7132790889045584,344.54363104406156,11385.18426675685
950012,69,uav_U1,uav_U2,False,0.9980911016464233,0.9802501201629639,0.976993978023529,0.8567668199539185,0.9986758828163147,0.9527055025100708,1,0.8519784084576427,649.2254910259919,11534.426430215277
950012,70,uav_U1,uav_U2,False,0.996773362159729,0.9732814431190491,0.9557309150695801,0.8472901582717896,0.9985864162445068,0.9559586644172668,0,-6.773596090116419,2675.213896824854,77544.6014111083
950012,71,uav_U1,uav_U2,False,0.9976311326026917,0.9780415892601013,0.9829769134521484,0.8976196050643921,0.9973573088645935,0.9405491948127747,0,-4.023837235873393,1394.227220582393,39766.320646369415
950012,72,uav_U1,uav_U2,False,0.9969671964645386,0.9720813035964966,0.9645513892173767,0.835547149181366,0.9988760352134705,0.9494036436080933,0,-4.440531019879191,2124.781013555556,39828.778283834334
950012,73,uav_U1,uav_U2,False,0.9978877305984497,0.9817532300949097,0.9850685000419617,0.8702107667922974,0.998157799243927,0.9430500864982605,0,-3.7473182071304025,878.047132781556,10454.614416251621
950012,74,uav_U1,uav_U2,False,0.997373104095459,0.9802758097648621,0.9791432619094849,0.8352409601211548,0.9987472295761108,0.9606163501739502,1,0.7998409180701247,512.4492152511473,8699.16754918218
950012,75,uav_U1,uav_U2,False,0.9976010322570801,0.9791964888572693,0.9814771413803101,0.8755100965499878,0.997524082660675,0.9513196349143982,1,0.8942309661124463,716.5164704561831,26325.425019934475
950012,76,uav_U1,uav_U2,False,0.9969252347946167,0.9852929711341858,0.9852358102798462,0.8835515379905701,0.9963164329528809,0.9536736011505127,1,1.2556213880273073,377.66749846085975,6681.506112287092
950012,77,uav_U1,uav_U2,False,0.9972131252288818,0.9543896317481995,0.9603993892669678,0.863181471824646,0.9982790350914001,0.934455394744873,1,0.6625014815034023,1280.394810358644,21960.142092678398
950012,78,uav_U1,uav_U2,False,0.9975144863128662,0.9739079475402832,0.9822899103164673,0.8729430437088013,0.998279333114624,0.9519683122634888,1,1.1694588273818374,228.67089382506788,3301.5251313770473
950012,79,uav_U1,uav_U2,False,0.9976861476898193,0.9846678376197815,0.9847118258476257,0.884361982345581,0.9962300658226013,0.9495369791984558,1,1.084800810329447,481.9399096056118,16026.391903297044
950012,80,uav_U1,uav_U2,False,0.9976600408554077,0.9720707535743713,0.97669917345047,0.8794379234313965,0.9979432225227356,0.9525530338287354,1,1.3791438750776526,223.53491168775437,5066.643473061235
950012,81,uav_U1,uav_U2,False,0.9980025291442871,0.9861149191856384,0.9838844537734985,0.8713676333427429,0.9978122115135193,0.9500255584716797,1,1.1481492272192864,348.94491431050443,7840.394772693309
950012,82,uav_U1,uav_U2,False,0.9979202747344971,0.987496018409729,0.988750696182251,0.8878734111785889,0.9970771074295044,0.9206200838088989,1,0.7761954587877193,679.5664240495231,21312.512659056563
950012,83,uav_U1,uav_U2,False,0.9959607124328613,0.9625892043113708,0.9540228843688965,0.8292126655578613,0.9988116025924683,0.9525883793830872,0,-6.408337094085438,7542.912757321835,61505.057458976116
950012,84,uav_U1,uav_U2,False,0.9976428747177124,0.983218789100647,0.9855489730834961,0.897653341293335,0.9969103932380676,0.9314802289009094,1,0.5399687526202146,775.6311774743045,20214.796136667293
950012,85,uav_U1,uav_U2,False,0.9979098439216614,0.9806743860244751,0.9856744408607483,0.8617594838142395,0.9984979629516602,0.9229674935340881,1,0.9084562475968627,1020.8448928068512,8067.442203005821
950012,86,uav_U1,uav_U2,False,0.9969573020935059,0.9584652185440063,0.9568085670471191,0.8408796787261963,0.9983885288238525,0.9406743049621582,0,-7.500091563747757,2279.3563874878537,60220.59638088425
950012,87,uav_U1,uav_U2,False,0.9975740909576416,0.9751806259155273,0.984526515007019,0.8691831231117249,0.9978876709938049,0.9359982013702393,1,0.952005911247672,545.7103559078896,6572.013205902818
950012,88,uav_U1,uav_U2,False,0.9971780776977539,0.9777384996414185,0.9792127013206482,0.8911705017089844,0.9972809553146362,0.9482206106185913,0,-7.500091473306394,2306.632454071414,85696.19898755093
950012,89,uav_U1,uav_U2,False,0.9982669353485107,0.9806715250015259,0.984100341796875,0.8743199110031128,0.9973804950714111,0.9026939868927002,1,1.4284973864275854,137.32325073085303,5044.690428304177
950012,90,uav_U1,uav_U2,False,0.9972959756851196,0.9621155261993408,0.9498763084411621,0.8575783967971802,0.9982290267944336,0.9380373358726501,0,-4.998039011827597,2173.214266223413,62136.536449498984
950012,91,uav_U1,uav_U2,False,0.9977895021438599,0.9797940254211426,0.986783504486084,0.864242434501648,0.9981613755226135,0.9414406418800354,1,1.0798547021544906,148.6984624862047,778.6535484980539
950012,92,uav_U1,uav_U2,False,0.9973887801170349,0.978802502155304,0.9850507378578186,0.8650386929512024,0.9981583952903748,0.9424945116043091,0,-5.203415809594933,1584.1477639362972,20409.239762860558
950012,93,uav_U1,uav_U2,False,0.9979833960533142,0.9855048656463623,0.983474850654602,0.8791699409484863,0.9975542426109314,0.9439178109169006,1,1.0872588450471734,657.3505489611193,18316.25820573161
950012,94,uav_U1,uav_U2,False,0.9959357380867004,0.9409527778625488,0.9437769651412964,0.8164752721786499,0.9985504150390625,0.9414770007133484,0,-7.500091346049832,4468.370418079895,126753.00794845168
950012,95,uav_U1,uav_U2,False,0.9979215860366821,0.9650107622146606,0.9659027457237244,0.8526812195777893,0.9984959363937378,0.9107388854026794,0,-3.98630958698402,1462.4382901900362,32050.807795774093
950012,96,uav_U1,uav_U2,False,0.9978822469711304,0.9658424258232117,0.9786695837974548,0.8819292783737183,0.9972292184829712,0.9134705066680908,0,-4.271999396628875,356.1534353354195,8577.754298042166
950012,97,uav_U1,uav_U2,False,0.9981504678726196,0.9850262999534607,0.9836121201515198,0.877082109451294,0.9977995157241821,0.9528603553771973,1,1.3077040072120136,384.2161500362972,8604.101769086888
950012,98,uav_U1,uav_U2,False,0.997010350227356,0.9586808085441589,0.9845900535583496,0.8987277150154114,0.9965206980705261,0.894963264465332,0,-3.9479101546484165,1611.4221144907274,39521.3698016947
950012,99,uav_U1,uav_U2,False,0.9977378845214844,0.9689977765083313,0.9809216260910034,0.8744466304779053,0.9979197382926941,0.9064632654190063,1,0.9840534453645189,858.8970379880229,7360.301077767362
950013,0,uav_U1,uav_U2,False,0.9977959394454956,0.9866212606430054,0.9869897365570068,0.8882085084915161,0.9920516014099121,0.9637379050254822,1,0.892175738066902,827.731795252731,23829.28985360946
950013,1,uav_U1,uav_U2,False,0.9978657960891724,0.9811438322067261,0.976085901260376,0.8516916632652283,0.9986129403114319,0.9622777104377747,0,-4.2429192139383805,2534.070787438674,38740.646997987606
950013,2,uav_U1,uav_U2,False,0.9980553388595581,0.9882259368896484,0.9869556427001953,0.8766968250274658,0.9959192276000977,0.9598396420478821,0,-5.3674318152382,1751.9448784092308,75066.4967150819
950013,3,uav_U1,uav_U2,False,0.9969391822814941,0.9831008911132812,0.988351047039032,0.9021319150924683,0.9952486157417297,0.9549490809440613,1,1.002066176944476,621.3067794755359,8565.559735295277
950013,4,uav_U1,uav_U2,False,0.9972853660583496,0.982856035232544,0.9837150573730469,0.8830627202987671,0.997281014919281,0.9619571566581726,1,0.7859145102099987,1065.2789091350285,29312.341373598774
950013,5,uav_U1,uav_U2,False,0.9975546598434448,0.9822587370872498,0.9751319885253906,0.8745224475860596,0.997092604637146,0.956681489944458,0,-5.839686974375694,3453.141643839211,113512.84893891585
950013,6,uav_U1,uav_U2,False,0.9975045919418335,0.9841241240501404,0.9822131395339966,0.8750514388084412,0.9976311326026917,0.966575026512146,0,-3.7718982350991475,1621.553085195946,26070.59012764197
950013,7,uav_U1,uav_U2,False,0.9966259002685547,0.9759278893470764,0.9796663522720337,0.8640612363815308,0.9975090622901917,0.9680268168449402,0,-5.2285093080661635,3306.8415563657563,29048.222417520243
950013,8,uav_U1,uav_U2,False,0.9975258111953735,0.9865972995758057,0.9884380102157593,0.8928731679916382,0.9949368238449097,0.9572181105613708,0,-3.654828436163624,1026.560893509799,19008.975937176627
950013,9,uav_U1,uav_U2,False,0.9977667331695557,0.9831029772758484,0.9777922630310059,0.874295711517334,0.9970097541809082,0.9669315218925476,1,0.5037156113037884,1405.627746883613,31588.69679586465
950013,10,uav_U1,uav_U2,False,0.9973933100700378,0.983950674533844,0.9880473017692566,0.8917496800422668,0.9933836460113525,0.9601824283599854,1,0.8978038703254945,1119.3113054278485,11823.933368233382
950013,11,uav_U1,uav_U2,False,0.9982477426528931,0.9848892688751221,0.9879615306854248,0.8943191170692444,0.9964525699615479,0.9580270051956177,1,1.0212805145598547,636.0964191412307,27177.906825879676
950013,12,uav_U1,uav_U2,False,0.9979277849197388,0.987053394317627,0.9860806465148926,0.8797962069511414,0.9963083863258362,0.9576034545898438,1,0.8984234726661373,378.3338022976732,6590.122002786044
950013,13,uav_U1,uav_U2,False,0.9976873397827148,0.9820682406425476,0.9811002016067505,0.8716498613357544,0.9971889853477478,0.9617023468017578,0,-4.300003942019886,3059.8509677678558,94552.18194505072
950013,14,uav_U1,uav_U2,False,0.9976390600204468,0.9832262992858887,0.9888167381286621,0.8934240341186523,0.9961692690849304,0.9410435557365417,1,1.4908343030226683,91.6109385655906,1011.2387232447877
950013,15,uav_U1,uav_U2,False,0.9979692697525024,0.9891624450683594,0.9894818663597107,0.8865646719932556,0.9962682127952576,0.951793372631073,1,0.7618725521032119,796.3406625343897,28946.48707702248
950013,16,uav_U1,uav_U2,False,0.9983186721801758,0.9862681031227112,0.9872307777404785,0.8865325450897217,0.9956899285316467,0.950092077255249,0,-4.37802592302583,625.3521007823579,21973.876631287625
950013,17,uav_U1,uav_U2,False,0.9975338578224182,0.9837769865989685,0.9842506647109985,0.8781667947769165,0.995931088924408,0.954765260219574,1,1.315477410691014,271.4822162640261,6104.603586520253
950013,18,uav_U1,uav_U2,False,0.998271107673645,0.9851152896881104,0.9885605573654175,0.8887985944747925,0.9960716962814331,0.9505796432495117,1,1.3107269589372808,187.28955156513211,6848.122746307383
950013,19,uav_U1,uav_U2,False,0.9976089000701904,0.9856669306755066,0.9863580465316772,0.8756392002105713,0.9962759017944336,0.9513571262359619,1,0.6291250638143231,432.77903185076434,4782.005377548339
950013,20,uav_U1,uav_U2,False,0.9977966547012329,0.9808875322341919,0.9821934700012207,0.875269889831543,0.9968982934951782,0.9690831899642944,0,-3.6103451299977403,2171.655846917715,71268.16755055117
950013,21,uav_U1,uav_U2,False,0.99796462059021,0.9846246242523193,0.9863870739936829,0.8918858170509338,0.9955399036407471,0.9577963948249817,0,-3.8266326865691,1961.9541022138822,52547.07283513285
950013,22,uav_U1,uav_U2,False,0.9970074892044067,0.9825271368026733,0.9877886176109314,0.8914945721626282,0.9913213849067688,0.9651212096214294,1,0.6681195023943924,1147.0369170124852,27829.015113886137
950013,23,uav_U1,uav_U2,False,0.9977600574493408,0.9842988848686218,0.9825100898742676,0.8639196157455444,0.9978310465812683,0.9530625939369202,0,-3.8863516446973136,1878.3814270935554,21158.65608345922
950013,24,uav_U1,uav_U2,False,0.9975979328155518,0.9871940612792969,0.9875812530517578,0.894378125667572,0.9929060935974121,0.9556185603141785,1,0.5299490909603346,604.2845652294391,13102.64780490506
950013,25,uav_U1,uav_U2,False,0.9972383975982666,0.9698031544685364,0.9737780094146729,0.8862460255622864,0.9975306987762451,0.9542129039764404,0,-5.012846639664769,3613.3418505085774,109760.28189364012
950013,26,uav_U1,uav_U2,False,0.99764084815979,0.9867455959320068,0.9882333278656006,0.888390064239502,0.993560254573822,0.9596898555755615,0,-7.055996802003814,1034.1904686637865,27826.564761987534
950013,27,uav_U1,uav_U2,False,0.9979373216629028,0.9869334697723389,0.9873056411743164,0.8793519735336304,0.996620774269104,0.9507160186767578,1,1.4208600888551488,122.68271173434249,2851.6504135196647
950013,28,uav_U1,uav_U2,False,0.9981545209884644,0.9824640154838562,0.9817556738853455,0.8595247268676758,0.998231828212738,0.9482372999191284,1,0.7329695225248933,1488.6275959240013,26055.513774663916
950013,29,uav_U1,uav_U2,False,0.9980870485305786,0.9832619428634644,0.9826705455780029,0.8628460764884949,0.9978016018867493,0.9504739046096802,1,0.7298103996844605,1299.1549049064274,27997.405908521872
950013,30,uav_U1,uav_U2,False,0.9977594017982483,0.9845202565193176,0.9886065721511841,0.8902978301048279,0.9964351654052734,0.9589276909828186,1,1.2624378853972293,394.1998104565953,3432.7539139802707
950013,31,uav_U1,uav_U2,False,0.9980366826057434,0.9804849028587341,0.9802883863449097,0.8637891411781311,0.9978331923484802,0.9526777863502502,0,-3.546749724079918,1465.3209068423578,27678.418616998275
950013,32,uav_U1,uav_U2,False,0.9977368116378784,0.9816671013832092,0.9854166507720947,0.8891376256942749,0.9953716397285461,0.9635803699493408,1,1.2724007806047202,171.0855554023643,3629.618585358091
950013,33,uav_U1,uav_U2,False,0.9976412057876587,0.9835464358329773,0.9859889149665833,0.901419997215271,0.994008481502533,0.9533483982086182,0,-3.6544124841996593,1450.9813851640397,49778.469565857675
950013,34,uav_U1,uav_U2,False,0.9973558187484741,0.974839985370636,0.9740340709686279,0.8671649098396301,0.9979514479637146,0.9629385471343994,0,-6.659193221112344,3373.0309774307857,42874.142046421985
950013,35,uav_U1,uav_U2,False,0.9979509115219116,0.9848132133483887,0.9867465496063232,0.8873563408851624,0.996261715888977,0.9565963745117188,1,0.6000686031081484,825.152330412685,8245.574146507473
950013,36,uav_U1,uav_U2,False,0.9978623986244202,0.9835848808288574,0.9867862462997437,0.8942270278930664,0.9959316849708557,0.9473920464515686,0,-4.5240809147597325,2936.8081012901825,54322.259440587426
950013,37,uav_U1,uav_U2,False,0.9976387619972229,0.9876816868782043,0.9870680570602417,0.8864166736602783,0.9940683841705322,0.9597005248069763,1,1.2912629031782643,315.05449789824473,7672.58487868582
950013,38,uav_U1,uav_U2,False,0.9976878762245178,0.9883947372436523,0.9882138967514038,0.8957912921905518,0.9948176741600037,0.9630799889564514,1,0.7517315640988693,814.7644961246331,21779.118887761153
950013,39,uav_U1,uav_U2,False,0.9969286918640137,0.9781880378723145,0.9784361720085144,0.8520127534866333,0.9979158043861389,0.9626424908638,0,-7.500092271038357,7824.8492943270185,60318.52902169438
950013,40,uav_U1,uav_U2,False,0.9975656270980835,0.9850302338600159,0.9868598580360413,0.8865818977355957,0.9951613545417786,0.9595215916633606,0,-5.560605269379197,1150.7531272234387,31873.853774375413
950013,41,uav_U1,uav_U2,False,0.9979199171066284,0.9817267060279846,0.9833718538284302,0.8896517753601074,0.9971458315849304,0.9526839852333069,0,-3.5922658390943822,1123.8470557994513,22112.18077017531
950013,42,uav_U1,uav_U2,False,0.9977153539657593,0.9840620160102844,0.9811031818389893,0.8660033345222473,0.9982938170433044,0.9650710225105286,0,-5.271429665630071,3275.720742701741,30670.379916909107
950013,43,uav_U1,uav_U2,False,0.9982402324676514,0.9843505620956421,0.986432671546936,0.8853868842124939,0.9963191747665405,0.9551287293434143,0,-4.236433366152406,1253.6386898924873,42280.982882890035
950013,44,uav_U1,uav_U2,False,0.9976208806037903,0.9801346063613892,0.9876011610031128,0.883696436882019,0.9948751926422119,0.9517049193382263,1,1.3297018656651964,174.6312495921598,1741.925057383052
950013,45,uav_U1,uav_U2,False,0.9978464841842651,0.9833287596702576,0.9887813329696655,0.8999420404434204,0.9931487441062927,0.9513112306594849,0,-4.399766718943688,1082.8147735161197,29620.454849910035
950013,46,uav_U1,uav_U2,False,0.9978430271148682,0.9865381717681885,0.9886457920074463,0.8942720890045166,0.9953323006629944,0.9584546685218811,1,1.361992447414117,139.4329351572157,3720.7344992049116
950013,47,uav_U1,uav_U2,False,0.9981119632720947,0.9873060584068298,0.9882489442825317,0.8783266544342041,0.9966905117034912,0.9529741406440735,1,1.152793888997479,492.55525621382446,13115.331281562158
950013,48,uav_U1,uav_U2,False,0.9963345527648926,0.9710392951965332,0.9676017761230469,0.8611377477645874,0.9986162185668945,0.9582242369651794,1,1.221156896518088,2785.6832192046077,54652.1803979243
950013,49,uav_U1,uav_U2,False,0.9969635009765625,0.9780533313751221,0.9687440991401672,0.8488988280296326,0.9986359477043152,0.9664691090583801,0,-7.50027541635366,4415.5434743275155,73298.17644051851
950013,50,uav_U1,uav_U2,False,0.9976595640182495,0.9829263687133789,0.9884729385375977,0.903252899646759,0.9956780672073364,0.9560920000076294,1,1.4691966099281566,56.4171977196373,1004.5087817111366
950013,51,uav_U1,uav_U2,False,0.9979660511016846,0.9773483276367188,0.9779669642448425,0.8601018190383911,0.9978113770484924,0.9580666422843933,0,-4.770452420774438,1319.0795660964397,35316.17263929025
950013,52,uav_U1,uav_U2,False,0.998366117477417,0.9814684987068176,0.9861422777175903,0.8882829546928406,0.9973002076148987,0.9541115164756775,1,0.953181297734542,572.4230306546337,13699.359447005545
950013,53,uav_U1,uav_U2,False,0.998127281665802,0.9862703084945679,0.9889850616455078,0.8956853151321411,0.9947192072868347,0.9461175799369812,0,-4.354215439143899,843.6263380509873,33511.7834654637
950013,54,uav_U1,uav_U2,False,0.998249351978302,0.9818391799926758,0.986350417137146,0.8994582891464233,0.9946452379226685,0.9492552876472473,1,1.3574833736915939,206.51609392565967,6111.84449699039
950013,55,uav_U1,uav_U2,False,0.9977724552154541,0.9853558540344238,0.9890778064727783,0.8931999802589417,0.9952481389045715,0.946444571018219,0,-6.103921014116247,1863.1795070161231,18057.81020703445
950013,56,uav_U1,uav_U2,False,0.9978433847427368,0.9862121343612671,0.987526535987854,0.9075329899787903,0.994912326335907,0.953099250793457,1,0.8858555200488725,706.1607247541717,21285.264467972145
950013,57,uav_U1,uav_U2,False,0.9976803064346313,0.9835779666900635,0.9849119186401367,0.8816948533058167,0.9960532188415527,0.953079879283905,1,1.3311623145140967,1685.6218636068802,33200.19879040284
950013,58,uav_U1,uav_U2,False,0.9977457523345947,0.9837114810943604,0.9863016605377197,0.8853488564491272,0.9953908920288086,0.9521024227142334,0,-3.8845476806210137,681.1522554729486,11902.179261524032
950013,59,uav_U1,uav_U2,False,0.9974595308303833,0.9887980222702026,0.9845802187919617,0.8892698287963867,0.9955296516418457,0.9570783376693726,0,-7.500274491329174,5785.995911350606,228409.69098730473
950013,60,uav_U1,uav_U2,False,0.9979727268218994,0.9870861768722534,0.9887175559997559,0.9024267792701721,0.9962921738624573,0.9550027847290039,1,1.446265560687616,89.63704383344857,2637.2459063836236
950013,61,uav_U1,uav_U2,False,0.9976263046264648,0.974951446056366,0.9727613925933838,0.8829343914985657,0.9964438080787659,0.932101845741272,0,-7.500091543560185,7730.457072621371,287617.25931867026
950013,62,uav_U1,uav_U2,False,0.9979407787322998,0.9710894227027893,0.974294900894165,0.8625518083572388,0.9981765747070312,0.9489195942878723,0,-7.500092036113228,3159.698996729595,44262.56417896181
950013,63,uav_U1,uav_U2,False,0.9975998401641846,0.9809309840202332,0.986977219581604,0.9032304883003235,0.995139479637146,0.9477114081382751,1,0.8073479026122086,1027.0668481553705,16918.87250862295
950013,64,uav_U1,uav_U2,False,0.9979643821716309,0.9799469113349915,0.9886554479598999,0.897811770439148,0.9969242215156555,0.9476928114891052,1,1.3153325539981142,276.4939947215786,4331.565288616104
950013,65,uav_U1,uav_U2,False,0.997516393661499,0.9849265217781067,0.987968921661377,0.8895085453987122,0.9944267272949219,0.9549534916877747,1,1.3575965465938284,204.92898905433077,5273.135216341982
950013,66,uav_U1,uav_U2,False,0.9978781938552856,0.9832963943481445,0.9890129566192627,0.9120181202888489,0.9937578439712524,0.9424278736114502,1,1.0561732098121601,516.9513989093963,13602.082691133317
950013,67,uav_U1,uav_U2,False,0.9980940818786621,0.9875118136405945,0.9885333776473999,0.8925042748451233,0.9951778650283813,0.9420599937438965,1,1.334440997983885,256.63948755812464,5243.289953146737
950013,68,uav_U1,uav_U2,False,0.9968115091323853,0.9723368883132935,0.9791799187660217,0.8717705607414246,0.9977360367774963,0.9587574601173401,0,-3.6644752790971338,2048.150517907285,31770.758957010243
950013,69,uav_U1,uav_U2,False,0.9978451728820801,0.9831159114837646,0.9817344546318054,0.8648985624313354,0.9979795813560486,0.9678974151611328,0,-5.5480807484550425,2240.271861091667,44562.22730796008
950013,70,uav_U1,uav_U2,False,0.998096764087677,0.9776290655136108,0.9765863418579102,0.8734652400016785,0.9981309175491333,0.958801805973053,0,-5.180784168061006,2916.593098718673,46592.09214742889
950013,71,uav_U1,uav_U2,False,0.9974595308303833,0.9754855632781982,0.9789851903915405,0.8749366998672485,0.9973821640014648,0.9619300365447998,0,-5.522428558745703,1876.871196518037,44621.93626941974
950013,72,uav_U1,uav_U2,False,0.9975674152374268,0.986180305480957,0.9869407415390015,0.8905798196792603,0.9920026063919067,0.9539918899536133,1,0.8338241305503147,937.8465414514578,23596.58236051698
950013,73,uav_U1,uav_U2,False,0.9977406859397888,0.9870797991752625,0.9887452125549316,0.8944590091705322,0.9948752522468567,0.9605181217193604,1,1.1041099085064263,439.7319687493594,10209.439846310304
950013,74,uav_U1,uav_U2,False,0.9972426891326904,0.9638949036598206,0.9720011949539185,0.8793074488639832,0.9979117512702942,0.9495418667793274,0,-3.9320893524938056,2614.8268533499127,30779.590816584754
950013,75,uav_U1,uav_U2,False,0.9975677728652954,0.9849832653999329,0.9879446625709534,0.9029579758644104,0.9922224879264832,0.9485658407211304,0,-5.304553117170965,1385.4040069992607,43740.81000387609
950013,76,uav_U1,uav_U2,False,0.9976723194122314,0.9731200933456421,0.9879438877105713,0.8963512182235718,0.9942641258239746,0.942030131816864,1,1.1445041397495397,598.1453547053333,18883.88994637684
950013,77,uav_U1,uav_U2,False,0.9982243776321411,0.975374698638916,0.978579044342041,0.8618775606155396,0.9983188509941101,0.9357353448867798,0,-3.9748080519248195,2536.511538297834,39906.67705088076
950013,78,uav_U1,uav_U2,False,0.9975031018257141,0.9830451011657715,0.9877852201461792,0.8973342776298523,0.9943178296089172,0.9458403587341309,0,-4.196744723648468,2019.0168168105013,27647.280720691848
950013,79,uav_U1,uav_U2,False,0.9979536533355713,0.9776080846786499,0.97979736328125,0.8845282793045044,0.9956455230712891,0.951694667339325,0,-5.1441789021337065,132.2087160937986,4948.315109242033
950013,80,uav_U1,uav_U2,False,0.9972114562988281,0.968445897102356,0.9704808592796326,0.8522740006446838,0.9981575608253479,0.9594523310661316,0,-7.5000917356781205,7764.636198564121,141968.30554727488
950013,81,uav_U1,uav_U2,False,0.9978683590888977,0.9821717739105225,0.9884403944015503,0.9107702970504761,0.9929587841033936,0.9459130167961121,1,1.1508185680900804,589.2636008674478,19465.862883709673
950013,82,uav_U1,uav_U2,False,0.9975991249084473,0.9814194440841675,0.9882108569145203,0.880844235420227,0.9963371753692627,0.9425700306892395,1,1.4975625241433437,24.328782360412664,364.31144050472625
950013,83,uav_U1,uav_U2,False,0.9979017972946167,0.9775025844573975,0.979148268699646,0.8730732798576355,0.9969452619552612,0.9489916563034058,0,-5.09253010106463,1648.7907167866424,28913.152238927985
950013,84,uav_U1,uav_U2,False,0.9975607395172119,0.981662929058075,0.9872512817382812,0.8906902074813843,0.9946557283401489,0.9574252963066101,0,-3.8875965990979013,326.06363771768736,6335.699518165128
950013,85,uav_U1,uav_U2,False,0.9980645179748535,0.9714577794075012,0.973022997379303,0.8697792291641235,0.9975109696388245,0.9483356475830078,0,-6.326011250392529,2624.580799010996,76195.14619843161
950013,86,uav_U1,uav_U2,False,0.997664213180542,0.9763948917388916,0.9758195877075195,0.8827790021896362,0.9957980513572693,0.949701726436615,0,-7.5000915278281335,4711.180148787778,190851.33766411882
950013,87,uav_U1,uav_U2,False,0.9982442259788513,0.9833697080612183,0.9869608879089355,0.880922794342041,0.9954255223274231,0.9405824542045593,1,1.1573304324300826,415.8893989520784,10434.383496284227
950013,88,uav_U1,uav_U2,False,0.9968873262405396,0.9738538861274719,0.9788874983787537,0.886737585067749,0.9967831373214722,0.9535174369812012,0,-7.500091423511739,3875.291469541289,138736.392751326
950013,89,uav_U1,uav_U2,False,0.9974163174629211,0.9794789552688599,0.9829012155532837,0.8734039068222046,0.9971128702163696,0.940980076789856,1,1.4877446743429132,122.50740661048069,2319.051109088634
950013,90,uav_U1,uav_U2,False,0.9976352453231812,0.9768427014350891,0.9846516847610474,0.8886829018592834,0.9950882792472839,0.9412047266960144,1,0.7491915975959871,976.6820926146761,14013.973307549066
950013,91,uav_U1,uav_U2,False,0.9978115558624268,0.971075177192688,0.9794530272483826,0.875359833240509,0.9954317212104797,0.9397074580192566,0,-5.300849487986913,2767.1487951592726,94959.94049486026
950013,92,uav_U1,uav_U2,False,0.9964842796325684,0.9602144956588745,0.9792885780334473,0.8744264841079712,0.9972789883613586,0.9507849812507629,0,-4.016126792279362,1976.9095412916238,23449.5515501283
950013,93,uav_U1,uav_U2,False,0.9977775812149048,0.9789398312568665,0.9832747578620911,0.8845370411872864,0.9960072040557861,0.9506528973579407,1,1.0895108985364022,313.5435097620858,6260.877662917542
950013,94,uav_U1,uav_U2,False,0.9975734949111938,0.9736574292182922,0.9773176312446594,0.8791064620018005,0.9974418878555298,0.9518040418624878,0,-4.6207344705527715,3738.6925085011226,46936.387782708756
950013,95,uav_U1,uav_U2,False,0.9980666041374207,0.9771884083747864,0.980933666229248,0.8756495118141174,0.9977009892463684,0.9551380276679993,1,0.5877776506575978,964.1217799383057,15306.782795330228
950013,96,uav_U1,uav_U2,False,0.997558057308197,0.9813612699508667,0.9868104457855225,0.8978305459022522,0.9936891794204712,0.9401437044143677,0,-3.602211831013041,702.0504002071298,11018.21579400394
950013,97,uav_U1,uav_U2,False,0.9980953931808472,0.9859666228294373,0.9880799651145935,0.8775506615638733,0.996870219707489,0.9465218782424927,0,-4.07303107134525,1294.52863553902,15720.313400118495
950013,98,uav_U1,uav_U2,False,0.9974491596221924,0.9776380658149719,0.9887151718139648,0.8987496495246887,0.9940628409385681,0.9484042525291443,0,-3.8256769885225985,360.55921402983194,9011.721009259696
950013,99,uav_U1,uav_U2,False,0.9981417655944824,0.9784919023513794,0.9873172044754028,0.8948289155960083,0.9955615997314453,0.934523344039917,1,0.8664654304301873,229.93961696433956,3012.923912839255
950014,0,uav_U1,uav_U2,False,0.9981743693351746,0.9839643239974976,0.979743480682373,0.8636828064918518,0.9984447956085205,0.9661064743995667,1,0.8714575981971182,446.1997819967693,7490.70942020128
950014,1,uav_U1,uav_U2,False,0.9974124431610107,0.9855300784111023,0.9851973056793213,0.8713881969451904,0.9982340335845947,0.9579491019248962,1,1.1035054997936222,705.9931725482611,11301.225729105498
950014,2,uav_U1,uav_U2,False,0.9974362850189209,0.9838993549346924,0.9833464622497559,0.8826237916946411,0.9972913861274719,0.9560616612434387,1,0.567996496085142,936.5713568526623,20807.34974312722
950014,3,uav_U1,uav_U2,False,0.9955745935440063,0.9772568345069885,0.9647693634033203,0.8477768301963806,0.9980610013008118,0.9595293998718262,0,-3.647003493497059,2033.4754768691746,66750.08306537013
950014,4,uav_U1,uav_U2,False,0.9967542886734009,0.9818875789642334,0.9833554029464722,0.8759495615959167,0.9977174401283264,0.9628945589065552,0,-3.877340270526558,899.3435223936027,33518.26722865664
950014,5,uav_U1,uav_U2,False,0.9941349029541016,0.9789031744003296,0.9473782777786255,0.855753481388092,0.9984728693962097,0.9516207575798035,0,-7.500090984874598,16139.954222588023,445386.1775858606
950014,6,uav_U1,uav_U2,False,0.9959653615951538,0.9756333827972412,0.9617889523506165,0.8417006731033325,0.9991344809532166,0.9602751135826111,0,-7.5000918130012755,3006.2309725705445,36888.0542342551
950014,7,uav_U1,uav_U2,False,0.9965931177139282,0.9825652837753296,0.984437882900238,0.8832069635391235,0.998298704624176,0.9613305926322937,1,0.8466280029476696,976.6541772867157,17330.88430549453
950014,8,uav_U1,uav_U2,False,0.9974929690361023,0.9829113483428955,0.9837625026702881,0.8646857142448425,0.9984910488128662,0.9596869945526123,1,0.7864695596278106,888.2307446124074,10947.48896952712
950014,9,uav_U1,uav_U2,False,0.9978598356246948,0.9825949668884277,0.9800655841827393,0.8540220856666565,0.9988724589347839,0.9627520442008972,1,1.3136761316660404,207.46267299170538,6053.530765518804
950014,10,uav_U1,uav_U2,False,0.997289776802063,0.9851240515708923,0.9829193353652954,0.8607915639877319,0.9987479448318481,0.9623012542724609,0,-6.49903350067431,1551.5891428269092,15684.606891481748
950014,11,uav_U1,uav_U2,False,0.9969276189804077,0.9763177633285522,0.9830096960067749,0.8946887850761414,0.9979696869850159,0.9505168795585632,1,0.6547215807393598,1266.0888330020962,12017.311532471347
950014,12,uav_U1,uav_U2,False,0.9972965717315674,0.9813177585601807,0.9777480363845825,0.8617883920669556,0.9986305236816406,0.962577760219574,1,1.2951017061568864,231.43140824436193,4940.127263148977
950014,13,uav_U1,uav_U2,False,0.9958662390708923,0.9681483507156372,0.955474317073822,0.8502227663993835,0.9991165995597839,0.9595574736595154,0,-5.010054489339236,3544.0680781551896,112648.55804658728
950014,14,uav_U1,uav_U2,False,0.9974607229232788,0.9820048809051514,0.9827274084091187,0.8838562965393066,0.9987080097198486,0.9497919082641602,1,1.4002941399427367,100.11188634096987,1317.3184477615262
950014,15,uav_U1,uav_U2,False,0.9944362640380859,0.9657180905342102,0.9589313268661499,0.8417430520057678,0.9990484118461609,0.9694395661354065,0,-4.5056162078703075,1780.9060047446642,24771.995901874485
950014,16,uav_U1,uav_U2,False,0.9967688322067261,0.9834244251251221,0.977526843547821,0.8572142124176025,0.9986354112625122,0.9720427989959717,1,1.0597927937261984,751.2775915887856,23177.634080863307
950014,17,uav_U1,uav_U2,False,0.9979051947593689,0.9829144477844238,0.9803948402404785,0.8602622747421265,0.9983522891998291,0.9592121839523315,1,1.473047758637356,47.999560216668606,1064.7719474586277
950014,18,uav_U1,uav_U2,False,0.9977513551712036,0.9850491285324097,0.9824399948120117,0.8778166770935059,0.9975829720497131,0.9512110948562622,0,-5.743401229547337,716.771387933111,15754.573821575765
950014,19,uav_U1,uav_U2,False,0.9973353147506714,0.9752563238143921,0.9815386533737183,0.8883053064346313,0.9986874461174011,0.9422501921653748,1,0.9571411339471589,855.9434824731887,12336.640326032213
950014,20,uav_U1,uav_U2,False,0.997393012046814,0.981884777545929,0.9823111891746521,0.8670299649238586,0.9983886480331421,0.9652222990989685,1,1.3981220306547828,93.4397191688748,1667.663192535839
950014,21,uav_U1,uav_U2,False,0.993227481842041,0.9587146043777466,0.9385349154472351,0.8530582785606384,0.9990200996398926,0.9591376185417175,0,-7.500090756156409,8314.734124514205,263634.5234287206
950014,22,uav_U1,uav_U2,False,0.9975565671920776,0.9830054044723511,0.9789533615112305,0.8494492769241333,0.9988657236099243,0.9554264545440674,1,1.3064384920163363,385.0043766581883,6003.930335041673
950014,23,uav_U1,uav_U2,False,0.99684739112854,0.9815149903297424,0.9758479595184326,0.8635796904563904,0.997996985912323,0.9564632177352905,0,-3.9229991892497202,1051.5287782787802,30988.7538823175
950014,24,uav_U1,uav_U2,False,0.9962786436080933,0.9749426245689392,0.9804158210754395,0.848274827003479,0.999023973941803,0.9476987719535828,1,1.1477752498090903,3519.48932733427,37203.44767019193
950014,25,uav_U1,uav_U2,False,0.9969527721405029,0.9841105937957764,0.9819427132606506,0.8706688284873962,0.9969195127487183,0.9433392882347107,1,1.0995709501551636,585.2933005694896,13106.641381354164
950014,26,uav_U1,uav_U2,False,0.9977797269821167,0.9827814102172852,0.9818323850631714,0.8615158796310425,0.9988062381744385,0.9479485750198364,1,1.0141422914206626,594.0916849457439,11626.372121485352
950014,27,uav_U1,uav_U2,False,0.9977118968963623,0.9849371910095215,0.9819800853729248,0.8655257821083069,0.9987745881080627,0.9574615359306335,1,1.353296652841944,249.38651495568396,7690.457592543291
950014,28,uav_U1,uav_U2,False,0.9970664978027344,0.9830189347267151,0.982541024684906,0.8891413807868958,0.998325526714325,0.9564040899276733,0,-3.9381915206718383,1376.2614793324747,25121.046395233014
950014,29,uav_U1,uav_U2,False,0.9972683191299438,0.9845664501190186,0.9841102957725525,0.8593108654022217,0.998803973197937,0.9553845524787903,1,0.8538101844167614,232.59496327084776,1557.5929549858945
950014,30,uav_U1,uav_U2,False,0.9970964193344116,0.9847995638847351,0.9832490682601929,0.8694939017295837,0.9980692267417908,0.9661129713058472,0,-4.270653476165225,663.9606809937537,14320.892178070635
950014,31,uav_U1,uav_U2,False,0.9971718788146973,0.9830363392829895,0.9815003871917725,0.8701696991920471,0.9985368251800537,0.9712268710136414,0,-3.765729567914474,1337.7793176920336,33212.56655831635
950014,32,uav_U1,uav_U2,False,0.9975031614303589,0.9836238622665405,0.9827549457550049,0.8520011901855469,0.9989550113677979,0.9547567963600159,1,1.2087208623526529,374.1755477395131,5234.073834824252
950014,33,uav_U1,uav_U2,False,0.9971879720687866,0.9848145842552185,0.9828025102615356,0.8611156344413757,0.9984346628189087,0.9585655927658081,1,0.8137215302235135,408.2810721381455,6731.383499377318
950014,34,uav_U1,uav_U2,False,0.9974691867828369,0.9878667593002319,0.9856904745101929,0.8713670372962952,0.998011589050293,0.9505288004875183,0,-3.560258535266792,790.8844553916499,17089.60524903051
950014,35,uav_U1,uav_U2,False,0.9969353079795837,0.979308009147644,0.9655905365943909,0.8536585569381714,0.999112069606781,0.9508234262466431,0,-3.9372286049401,2414.390111092446,50406.53225628988
950014,36,uav_U1,uav_U2,False,0.9978233575820923,0.9815423488616943,0.9842320680618286,0.8671832084655762,0.9979513883590698,0.9474152326583862,1,0.802270450832042,738.7986486553606,32019.650654265228
950014,37,uav_U1,uav_U2,False,0.9972658157348633,0.9818433523178101,0.9790412187576294,0.8767952919006348,0.99836665391922,0.960563063621521,1,1.285594834557117,376.97756284334855,10104.938891697466
950014,38,uav_U1,uav_U2,False,0.9979206323623657,0.9850744009017944,0.9842057228088379,0.8735859394073486,0.9982329607009888,0.94189453125,1,1.126059458472806,671.8062632027218,15811.976520659557
950014,39,uav_U1,uav_U2,False,0.9978619813919067,0.9774318337440491,0.9796386957168579,0.8758139610290527,0.9987296462059021,0.9393587708473206,1,1.271593624973102,391.3304674541756,4365.178318770007
950014,40,uav_U1,uav_U2,False,0.9977550506591797,0.9822288751602173,0.9845988750457764,0.8560513257980347,0.9986758828163147,0.9535028338432312,1,1.2062295240338785,387.0680722238517,4862.188670939666
950014,41,uav_U1,uav_U2,False,0.9967204332351685,0.9839896559715271,0.9835959672927856,0.8570740222930908,0.9987278580665588,0.9683114886283875,1,1.3953620100867783,195.71057161668332,2538.604281827442
950014,42,uav_U1,uav_U2,False,0.9977872371673584,0.982651948928833,0.985550045967102,0.8585361242294312,0.9985781908035278,0.9434387683868408,1,0.9265901904127791,595.6775588763784,15758.387878969681
950014,43,uav_U1,uav_U2,False,0.9972385168075562,0.9838277697563171,0.9800701141357422,0.8611647486686707,0.9984742403030396,0.9581025838851929,1,0.7922675347410224,396.98652537621206,9817.523238009775
950014,44,uav_U1,uav_U2,False,0.9975416660308838,0.9809938669204712,0.9819173812866211,0.8574665784835815,0.9988945126533508,0.9512209892272949,1,0.9151322942606108,636.8204602670107,6767.696477238164
950014,45,uav_U1,uav_U2,False,0.996600866317749,0.9784906506538391,0.9640384912490845,0.8360631465911865,0.9987067580223083,0.9505127668380737,0,-7.500091506164111,2132.5276249993926,56000.96279646441
950014,46,uav_U1,uav_U2,False,0.9959913492202759,0.946194052696228,0.9449368715286255,0.8400745391845703,0.9992265701293945,0.9391453862190247,0,-4.934629449228276,4384.601279189372,33422.785060591996
950014,47,uav_U1,uav_U2,False,0.9973307847976685,0.983525276184082,0.9802299737930298,0.8643196821212769,0.9981479644775391,0.9510599970817566,0,-7.500274747616667,2437.469757979441,72067.33272148627
950014,48,uav_U1,uav_U2,False,0.9946979284286499,0.9641655683517456,0.9508415460586548,0.8611164093017578,0.9984652996063232,0.9489998817443848,0,-7.500091082215889,6347.102237845838,187411.75290635828
950014,49,uav_U1,uav_U2,False,0.9972881078720093,0.9838082194328308,0.9845147132873535,0.8763285279273987,0.9977409839630127,0.9522868990898132,1,1.0760387815183419,564.5942677462689,12497.418615057084
950014,50,uav_U1,uav_U2,False,0.9955192804336548,0.9537793397903442,0.9437307715415955,0.8626172542572021,0.9986233711242676,0.9372339248657227,0,-4.0304243744605035,1891.4915270562985,38902.60145349673
950014,51,uav_U1,uav_U2,False,0.9961597919464111,0.9553452730178833,0.9436863660812378,0.8362762331962585,0.9990847706794739,0.9449184536933899,0,-7.500091661472086,4718.319508927263,72195.39252389969
950014,52,uav_U1,uav_U2,False,0.9979258179664612,0.9841388463973999,0.9856472015380859,0.8819053769111633,0.9981650710105896,0.9412181377410889,1,1.0965321131093384,427.175165212077,7610.289972018687
950014,53,uav_U1,uav_U2,False,0.9964663982391357,0.9671143293380737,0.9450757503509521,0.8315109610557556,0.9989033937454224,0.9512975215911865,0,-6.092340800255497,3764.6773969412393,123037.23957828889
950014,54,uav_U1,uav_U2,False,0.9969249963760376,0.9815630912780762,0.9841101169586182,0.8752974271774292,0.9975624680519104,0.9532864689826965,0,-3.777306528043497,2084.414697870981,42364.30164779635
950014,55,uav_U1,uav_U2,False,0.9957776069641113,0.9740393757820129,0.9465435743331909,0.8427687287330627,0.9987127184867859,0.9526360034942627,0,-7.500091207568086,6277.669352641979,234644.14568105154
950014,56,uav_U1,uav_U2,False,0.9959214925765991,0.9797661304473877,0.976248562335968,0.8724926114082336,0.9973155856132507,0.9583588242530823,0,-7.500274396470431,1786.399061697146,37514.31487842702
950014,57,uav_U1,uav_U2,False,0.9955745339393616,0.9606910943984985,0.9516518115997314,0.8444433212280273,0.999131977558136,0.9528067708015442,0,-4.5132459613389795,3545.1653281228523,91059.38395606686
950014,58,uav_U1,uav_U2,False,0.9974430799484253,0.9777244925498962,0.9700227975845337,0.8373250961303711,0.9989598989486694,0.9345307350158691,0,-5.84327131953036,2193.1256400130633,27003.61668871084
950014,59,uav_U1,uav_U2,False,0.9977582693099976,0.9877620339393616,0.9867873191833496,0.8703882694244385,0.9981946349143982,0.9484741687774658,1,1.013569262971269,344.81440962972977,9564.795429206903
950014,60,uav_U1,uav_U2,False,0.997348964214325,0.9840409159660339,0.9834620356559753,0.8728994131088257,0.9981028437614441,0.9613090753555298,1,0.9160019956350227,628.2831901030723,14516.219507853271
950014,61,uav_U1,uav_U2,False,0.9967231750488281,0.9771095514297485,0.980266809463501,0.8744668960571289,0.9987326264381409,0.9485341906547546,1,0.8662551221705732,1189.3649454163465,7522.455646472924
950014,62,uav_U1,uav_U2,False,0.998046875,0.9762008190155029,0.9819817543029785,0.8566415309906006,0.9984343647956848,0.9122633934020996,0,-3.6535914951170394,408.33885269203864,7683.627587030783
950014,63,uav_U1,uav_U2,False,0.9964255094528198,0.9760413765907288,0.9798777103424072,0.8885232210159302,0.9982871413230896,0.9485859274864197,1,0.8306217354950083,1200.7004688253912,26839.085581410443
950014,64,uav_U1,uav_U2,False,0.9964393377304077,0.9743503928184509,0.9556525945663452,0.8297059535980225,0.9990007281303406,0.9539607167243958,0,-6.571656840649266,2866.382007089496,71123.29384926189
950014,65,uav_U1,uav_U2,False,0.9977391958236694,0.9831305742263794,0.9842120409011841,0.864554226398468,0.9979168772697449,0.9462614059448242,1,0.9640550881939733,824.1420609266028,15779.726610351898
950014,66,uav_U1,uav_U2,False,0.99705970287323,0.973919689655304,0.9779812097549438,0.8859209418296814,0.9983924627304077,0.9442941546440125,1,0.7744110892645641,351.8661674300166,7211.6826654088345
950014,67,uav_U1,uav_U2,False,0.9954705238342285,0.9460474252700806,0.9431477785110474,0.8420732617378235,0.9989848732948303,0.9471660256385803,1,0.6090287251913276,1430.752863991329,24319.569333884465
950014,68,uav_U1,uav_U2,False,0.9972851276397705,0.9854214191436768,0.9871261119842529,0.8984149098396301,0.9971184730529785,0.9475278258323669,0,-4.191522236012844,544.6406979157914,18785.49570562135
950014,69,uav_U1,uav_U2,False,0.9977850914001465,0.9719403386116028,0.9781709313392639,0.874418318271637,0.9981057643890381,0.9188336730003357,1,0.9495865515357484,993.8809026251577,20081.408258224015
950014,70,uav_U1,uav_U2,False,0.9976751804351807,0.9802396297454834,0.9832378625869751,0.8649927973747253,0.9989776015281677,0.9483779668807983,1,0.9953406315658917,633.2319129220912,7575.816499483977
950014,71,uav_U1,uav_U2,False,0.9976333975791931,0.9798996448516846,0.9785420298576355,0.8731517791748047,0.9979439377784729,0.9496673345565796,1,0.8734196007046411,1065.6573944422362,33426.685189634154
950014,72,uav_U1,uav_U2,False,0.9978482127189636,0.9789107441902161,0.9851194620132446,0.8827064037322998,0.998671293258667,0.9229363203048706,1,1.2801006564993527,355.86847657204584,7410.0708340799465
950014,73,uav_U1,uav_U2,False,0.9975548982620239,0.9812875986099243,0.9771329164505005,0.8515627384185791,0.9986754059791565,0.9591064453125,0,-3.7098782002210386,508.1103188306272,11322.98814112556
950014,74,uav_U1,uav_U2,False,0.9980213642120361,0.9796653985977173,0.9827468991279602,0.8752683401107788,0.9984265565872192,0.932203471660614,0,-3.669440374787762,512.1747271042836,15244.127736040602
950014,75,uav_U1,uav_U2,False,0.9980366230010986,0.9834615588188171,0.9818795919418335,0.8704692721366882,0.9983549118041992,0.9374563694000244,1,1.2395264320645587,513.9938201082435,14228.765836893306
950014,76,uav_U1,uav_U2,False,0.9967386722564697,0.9615928530693054,0.9703996181488037,0.8527138829231262,0.9989295601844788,0.9155740737915039,0,-4.415372580227536,1970.8240591087872,35292.7467730673
950014,77,uav_U1,uav_U2,False,0.9974305629730225,0.9775348901748657,0.982430100440979,0.8844618797302246,0.9985796809196472,0.9404176473617554,1,0.5640020872047973,219.93798223123295,5886.733049307004
950014,78,uav_U1,uav_U2,False,0.9976813197135925,0.985353410243988,0.9851157069206238,0.8797709941864014,0.9979960918426514,0.9539749622344971,1,0.787062509801244,496.85339052565627,8012.07986105352
950014,79,uav_U1,uav_U2,False,0.9975104331970215,0.9716987609863281,0.9776486158370972,0.8598909378051758,0.9985559582710266,0.9482831954956055,1,1.1351353825866979,221.78189744402184,4837.258379745796
950014,80,uav_U1,uav_U2,False,0.9970269203186035,0.9730665683746338,0.9622234106063843,0.8399732708930969,0.9986745119094849,0.9488180875778198,1,0.9472489691765922,993.6816007111887,22190.390639517344
950014,81,uav_U1,uav_U2,False,0.9972553253173828,0.9830330610275269,0.9812269806861877,0.8720197081565857,0.9982582926750183,0.9521163702011108,1,1.1974611360735579,463.6514704582893,9244.564324851124
950014,82,uav_U1,uav_U2,False,0.9978395700454712,0.9815351963043213,0.9836734533309937,0.8710373640060425,0.9985522627830505,0.952391505241394,1,0.6121648054773121,938.3443786782194,10801.267022301283
950014,83,uav_U1,uav_U2,False,0.9977325201034546,0.9845498204231262,0.9828661680221558,0.8661680817604065,0.9978238344192505,0.926347017288208,1,1.2167696488950843,386.4842697767748,10183.277972768585
950014,84,uav_U1,uav_U2,False,0.9978281855583191,0.9722731113433838,0.9811998009681702,0.8712151646614075,0.9986550807952881,0.9265576004981995,1,0.9094250689599186,1112.4696143049446,13759.852880572063
950014,85,uav_U1,uav_U2,False,0.9956835508346558,0.9774899482727051,0.9777665138244629,0.8659374713897705,0.9981033802032471,0.9475792050361633,0,-7.500274366257951,11579.734804414325,194881.85142072482
950014,86,uav_U1,uav_U2,False,0.9975682497024536,0.985049843788147,0.9859039783477783,0.893990159034729,0.9978423118591309,0.9363151788711548,1,1.134896159547459,485.10121222448635,13254.766438382727
950014,87,uav_U1,uav_U2,False,0.9974703788757324,0.9802711009979248,0.9891476631164551,0.9001665115356445,0.9973927736282349,0.9178207516670227,1,0.8802419340786416,1164.9731711939562,47699.190687434675
950014,88,uav_U1,uav_U2,False,0.9975526332855225,0.9713811874389648,0.9819588661193848,0.864839494228363,0.9983211755752563,0.9162742495536804,1,0.762331011196818,359.1998807043846,4055.5057149169556
950014,89,uav_U1,uav_U2,False,0.9973515272140503,0.9774207472801208,0.9832810163497925,0.8792071342468262,0.9979896545410156,0.9366514086723328,1,0.9628154883669733,881.9061203653168,14862.933079472872
950014,90,uav_U1,uav_U2,False,0.9974697828292847,0.9815431833267212,0.9808604717254639,0.8744574189186096,0.9984065890312195,0.9621853232383728,0,-5.053150640071652,1598.214944547673,42141.77489189331
950014,91,uav_U1,uav_U2,False,0.9970847368240356,0.9546850919723511,0.9669018983840942,0.8349964618682861,0.9989663362503052,0.9229656457901001,0,-7.500092001737447,2822.5428751202066,30795.094943202537
950014,92,uav_U1,uav_U2,False,0.9973853826522827,0.9723544716835022,0.9845455884933472,0.8607366681098938,0.998297929763794,0.9086408019065857,1,0.9694884274570581,726.1439772433117,6445.302799354079
950014,93,uav_U1,uav_U2,False,0.9952147006988525,0.9519718885421753,0.936804473400116,0.8364220857620239,0.9986329674720764,0.9531979560852051,0,-5.458530566697452,3677.340130880631,106140.36432516006
950014,94,uav_U1,uav_U2,False,0.9973107576370239,0.9742118120193481,0.9766581058502197,0.8837617039680481,0.9982850551605225,0.9434539675712585,1,1.364941244203404,209.3339480408151,4934.668540865418
950014,95,uav_U1,uav_U2,False,0.9976900219917297,0.9838783740997314,0.98375004529953,0.8807594776153564,0.9983620047569275,0.9569514989852905,1,0.9871164434465989,987.1241638159343,19360.821740200878
950014,96,uav_U1,uav_U2,False,0.9976128339767456,0.970766007900238,0.9747060537338257,0.8777045607566833,0.9978541731834412,0.9463366866111755,1,1.2005513002984036,441.25238513485397,14081.71546223361
950014,97,uav_U1,uav_U2,False,0.99751877784729,0.9779326915740967,0.9809574484825134,0.8677331209182739,0.9974952936172485,0.9396049380302429,1,0.9844841694550059,909.7239702137596,40003.726420774634
950014,98,uav_U1,uav_U2,False,0.9966471195220947,0.9539735317230225,0.9572816491127014,0.8530303835868835,0.99842369556427,0.9118609428405762,0,-6.720625045604555,2274.8674146343296,31727.704630189583
950014,99,uav_U1,uav_U2,False,0.9971686601638794,0.9817255139350891,0.9849309921264648,0.8650697469711304,0.9982568621635437,0.9334140419960022,1,1.4943019008121161,56.93515158233449,1190.9547840902017
950015,0,uav_U1,uav_U2,False,0.9983296394348145,0.9824248552322388,0.9825068712234497,0.8693188428878784,0.9955501556396484,0.9574244022369385,0,-4.5637225206683265,103.18589666045717,3195.2538507629347
950015,1,uav_U1,uav_U2,False,0.9980334043502808,0.9859468340873718,0.9857894778251648,0.8928642868995667,0.9951770901679993,0.9588103890419006,1,1.1387563189002594,530.8934646265172,17116.40942994634
950015,2,uav_U1,uav_U2,False,0.9975414276123047,0.9857430458068848,0.9867534041404724,0.8864489793777466,0.9942871928215027,0.9566612839698792,1,1.0116273936603024,24.418401366237756,782.5389665033907
950015,3,uav_U1,uav_U2,False,0.9975174069404602,0.9846760034561157,0.9806690812110901,0.8642463088035583,0.9981496930122375,0.9549028873443604,0,-5.602521564795616,3974.2123164521286,56027.45290781359
950015,4,uav_U1,uav_U2,False,0.9967719316482544,0.9757803678512573,0.9710176587104797,0.8782885670661926,0.9975243210792542,0.9579771161079407,0,-7.500091864808651,2688.953879364079,42561.5429923456
950015,5,uav_U1,uav_U2,False,0.9970853328704834,0.9848065376281738,0.986150860786438,0.8888641595840454,0.9930190443992615,0.9516423940658569,1,0.778837461660757,706.6493674792008,11686.96275638325
950015,6,uav_U1,uav_U2,False,0.9974777698516846,0.9844654202461243,0.9888678789138794,0.9084280729293823,0.9959331154823303,0.9554790258407593,1,1.4990959120473855,8.995070386333348,234.98953766079515
950015,7,uav_U1,uav_U2,False,0.9976918697357178,0.9844127297401428,0.9868341684341431,0.8930749297142029,0.994564414024353,0.9442739486694336,0,-7.019790003026154,1265.5153982118952,14273.4979937353
950015,8,uav_U1,uav_U2,False,0.9975455403327942,0.9883918166160583,0.9894223213195801,0.8880609273910522,0.995749831199646,0.948803722858429,1,0.6918342492494192,488.8846546217655,6925.009059315731
950015,9,uav_U1,uav_U2,False,0.9977947473526001,0.9816235899925232,0.9827858209609985,0.8667932748794556,0.9981594681739807,0.9502832889556885,0,-7.1220318778824225,4866.902005040761,30240.340329464518
950015,10,uav_U1,uav_U2,False,0.9973236322402954,0.9826934337615967,0.9775376319885254,0.8563924431800842,0.9982013702392578,0.9658801555633545,0,-3.671078842357028,2252.979285115633,50726.762233248024
950015,11,uav_U1,uav_U2,False,0.9980904459953308,0.9870857000350952,0.9842185378074646,0.8796790242195129,0.9963232278823853,0.9544175863265991,1,1.2614423002569044,349.11403851664943,8306.455453911358
950015,12,uav_U1,uav_U2,False,0.998069167137146,0.984982430934906,0.9844385385513306,0.8778734803199768,0.9967860579490662,0.961918830871582,1,1.3130061153998491,337.35808570778715,7081.845970324426
950015,13,uav_U1,uav_U2,False,0.9978227615356445,0.9845565557479858,0.9794560670852661,0.866309404373169,0.9973762035369873,0.9525449275970459,0,-4.641990327672971,2092.635001308917,65710.60756560852
950015,14,uav_U1,uav_U2,False,0.9973903894424438,0.9851923584938049,0.987321138381958,0.8975459337234497,0.9960726499557495,0.9550701975822449,1,1.0691877545554136,443.6419168670039,6572.038159327614
950015,15,uav_U1,uav_U2,False,0.9974172115325928,0.9826720952987671,0.9879473447799683,0.8834295868873596,0.9960827231407166,0.9533298015594482,1,0.8113738861975115,994.2436251905818,18647.42754558452
950015,16,uav_U1,uav_U2,False,0.9979109764099121,0.9868800044059753,0.9850482940673828,0.874906599521637,0.9970289468765259,0.9612200856208801,1,0.6791938724557125,810.8659448754696,29877.525435113672
950015,17,uav_U1,uav_U2,False,0.9973039031028748,0.9835224151611328,0.9876561164855957,0.8763439655303955,0.9962358474731445,0.9555523991584778,1,0.917353080575088,657.1216685141084,5462.543096965363
950015,18,uav_U1,uav_U2,False,0.9968248605728149,0.9750045537948608,0.985002338886261,0.8925856351852417,0.9959526658058167,0.9567332863807678,1,0.9554032057624218,346.84926142680763,2684.8136919771177
950015,19,uav_U1,uav_U2,False,0.9972106218338013,0.9702435731887817,0.9716213345527649,0.8656032681465149,0.9975601434707642,0.9568774700164795,0,-7.1529260619314705,3982.8262177294496,81527.74204042208
950015,20,uav_U1,uav_U2,False,0.997107982635498,0.9841420650482178,0.9738767147064209,0.8737329840660095,0.9966762065887451,0.9674947261810303,0,-7.500091427505236,7352.400467936239,297563.4250925201
950015,21,uav_U1,uav_U2,False,0.9980629682540894,0.982630729675293,0.9872251749038696,0.8992645144462585,0.9946882128715515,0.9500918388366699,0,-7.500091595666278,1446.6239445973001,59995.71610642595
950015,22,uav_U1,uav_U2,False,0.997739851474762,0.9849718809127808,0.9841592907905579,0.8729241490364075,0.9974503517150879,0.9557837247848511,0,-5.428619150499234,1010.3419214782394,18580.612153777085
950015,23,uav_U1,uav_U2,False,0.9972574710845947,0.987143337726593,0.9885135293006897,0.8990877866744995,0.9938766360282898,0.9586805105209351,1,0.9694542794978918,267.87934448116357,7492.588128640395
950015,24,uav_U1,uav_U2,False,0.9979767799377441,0.9805159568786621,0.9773209095001221,0.8756359815597534,0.9977104663848877,0.9467300772666931,0,-5.47024668556935,3284.990822542613,39832.545554567165
950015,25,uav_U1,uav_U2,False,0.9974147081375122,0.9858914613723755,0.9877581000328064,0.8888295292854309,0.9946284890174866,0.9593733549118042,1,1.0803948827542635,677.0948587612073,20591.014009688697
950015,26,uav_U1,uav_U2,False,0.9977284669876099,0.9777585864067078,0.9693611860275269,0.8609734177589417,0.9984082579612732,0.9640706181526184,0,-7.500091963191769,5412.89044385081,80515.14199880935
950015,27,uav_U1,uav_U2,False,0.9977120161056519,0.9829965233802795,0.9849585294723511,0.8873753547668457,0.9963281750679016,0.9621861577033997,0,-4.146343226249207,1195.1787203340598,48397.65566045855
950015,28,uav_U1,uav_U2,False,0.9973064064979553,0.9841231107711792,0.9886054396629333,0.8791699409484863,0.9955527186393738,0.946716845035553,1,0.5657797574150487,1671.1546714958902,11323.83308992562
950015,29,uav_U1,uav_U2,False,0.9977644681930542,0.9795448780059814,0.9852927327156067,0.8809034824371338,0.9971005916595459,0.9587039351463318,1,1.1515931002108466,664.9327471762294,7418.228652568845
950015,30,uav_U1,uav_U2,False,0.997967541217804,0.9797552824020386,0.9796409606933594,0.8814036846160889,0.9975193738937378,0.953032374382019,0,-5.372600815978386,1780.955676185873,58531.093006512165
950015,31,uav_U1,uav_U2,False,0.9971497058868408,0.9842599034309387,0.9891977906227112,0.9021068811416626,0.9949550032615662,0.9536510109901428,0,-3.6137150703739795,2103.633958752509,22336.352520060766
950015,32,uav_U1,uav_U2,False,0.997259259223938,0.9814013242721558,0.98518967628479,0.8808198571205139,0.9941767454147339,0.9413045644760132,1,1.249092610367239,403.31120109543605,5373.198921702384
950015,33,uav_U1,uav_U2,False,0.9969161152839661,0.9761457443237305,0.9747183322906494,0.8707578182220459,0.9961197376251221,0.9611607193946838,0,-7.500091573414393,2627.501265694043,64794.712307247995
950015,34,uav_U1,uav_U2,False,0.998045802116394,0.9854628443717957,0.9819018840789795,0.86957848072052,0.9971530437469482,0.9515311121940613,0,-5.547389208702036,1682.1082121099753,45865.6436939278
950015,35,uav_U1,uav_U2,False,0.9979191422462463,0.9760640859603882,0.9756877422332764,0.8770169019699097,0.9978772401809692,0.9562912583351135,0,-4.455011127281466,3401.5592279004572,53630.90866725337
950015,36,uav_U1,uav_U2,False,0.9980263113975525,0.9853538274765015,0.9776310920715332,0.8660855293273926,0.9979225993156433,0.9493939876556396,1,0.5881975284396663,1689.3996657526015,29218.598239669984
950015,37,uav_U1,uav_U2,False,0.9976406097412109,0.9829887747764587,0.9879831075668335,0.9014714360237122,0.9925959706306458,0.9471328854560852,0,-7.500091787500915,1783.2724667434686,33417.968618730025
950015,38,uav_U1,uav_U2,False,0.9978861808776855,0.9838083982467651,0.9871941208839417,0.8700070381164551,0.9965407848358154,0.9590097665786743,1,1.016905877321245,142.4856286327239,2146.299344761079
950015,39,uav_U1,uav_U2,False,0.9976034164428711,0.9751121997833252,0.9792861342430115,0.887277364730835,0.996759831905365,0.9513847827911377,0,-5.409387735132539,2958.754221605325,105643.9525446978
950015,40,uav_U1,uav_U2,False,0.9974366426467896,0.9699926972389221,0.978909969329834,0.8917007446289062,0.9971046447753906,0.9433433413505554,0,-4.129634828420983,2502.9783069122695,66812.73242552485
950015,41,uav_U1,uav_U2,False,0.9982221126556396,0.9801323413848877,0.9831616878509521,0.8744342923164368,0.9964675903320312,0.9575691223144531,1,1.4070057132476195,145.20677700963802,5293.981317856543
950015,42,uav_U1,uav_U2,False,0.996929943561554,0.9858561754226685,0.9870598912239075,0.8898580074310303,0.9946942329406738,0.9640139937400818,1,1.0261638011499166,913.3797276408194,25017.673390725355
950015,43,uav_U1,uav_U2,False,0.9975500106811523,0.9785600900650024,0.9787982702255249,0.8615859150886536,0.9981786012649536,0.9569543600082397,0,-7.500092491784626,6121.017039186569,47442.64651090861
950015,44,uav_U1,uav_U2,False,0.9978301525115967,0.9806207418441772,0.9782651662826538,0.8804091215133667,0.997394323348999,0.9590062499046326,0,-4.591667802143437,3382.0787374311217,125201.71776160233
950015,45,uav_U1,uav_U2,False,0.9982355833053589,0.9843361973762512,0.9861488938331604,0.885678768157959,0.9960524439811707,0.9464904069900513,1,1.3780140594303194,91.7862615061531,2309.5532400175293
950015,46,uav_U1,uav_U2,False,0.9975343346595764,0.9836347103118896,0.9861540198326111,0.887202262878418,0.992588222026825,0.9461644291877747,1,1.2806468979690735,307.62359672260857,5984.553130397451
950015,47,uav_U1,uav_U2,False,0.9976975917816162,0.984145998954773,0.9878933429718018,0.8895516395568848,0.9947946667671204,0.9625312685966492,1,1.229137392676849,373.66389105207327,9479.736908464583
950015,48,uav_U1,uav_U2,False,0.9971557855606079,0.979284942150116,0.9840385913848877,0.8818095326423645,0.99622642993927,0.9528413414955139,1,0.6506011638604943,1070.9749625141446,6431.0133215175765
950015,49,uav_U1,uav_U2,False,0.998316764831543,0.9869658946990967,0.9873974919319153,0.8949899673461914,0.9963263273239136,0.9463306665420532,1,1.3776106104862067,197.26585062679285,4012.4205127092296
950015,50,uav_U1,uav_U2,False,0.9980555772781372,0.9745305776596069,0.9785162210464478,0.8943016529083252,0.9971973896026611,0.9387598633766174,0,-5.136218146981703,1695.0292896231426,48513.35607624893
950015,51,uav_U1,uav_U2,False,0.9979794025421143,0.9881408214569092,0.9890804290771484,0.8919552564620972,0.9958702921867371,0.9405959248542786,1,1.4978839058547826,21.115081872332592,586.818874854682
950015,52,uav_U1,uav_U2,False,0.9974218010902405,0.9842578172683716,0.9870891571044922,0.8625566959381104,0.9965382814407349,0.9584404826164246,1,1.1128914015492972,416.0430343551039,7119.313178199449
950015,53,uav_U1,uav_U2,False,0.9970545172691345,0.9603177905082703,0.977679431438446,0.8768863677978516,0.9974412322044373,0.9543450474739075,0,-4.076006229661283,2168.4579823986633,27471.596811945234
950015,54,uav_U1,uav_U2,False,0.9973833560943604,0.9825287461280823,0.986725926399231,0.8884603977203369,0.9962301254272461,0.965335488319397,0,-3.5607798910941946,1483.9029013094935,41178.68483296124
950015,55,uav_U1,uav_U2,False,0.997808575630188,0.9747985005378723,0.9731827974319458,0.8814810514450073,0.9968562126159668,0.9444200992584229,0,-5.968619281693742,3704.3875703757035,135903.71543034012
950015,56,uav_U1,uav_U2,False,0.9977190494537354,0.9853564500808716,0.9865577220916748,0.8974663615226746,0.9948409199714661,0.954180121421814,1,1.1939271732438104,552.6017865534251,11589.623480143324
950015,57,uav_U1,uav_U2,False,0.9979607462882996,0.987108588218689,0.9903396368026733,0.8903002142906189,0.9964079260826111,0.9416476488113403,1,0.9980472632942001,781.8988931509833,9440.947785705246
950015,58,uav_U1,uav_U2,False,0.9975874423980713,0.9822090864181519,0.9865120649337769,0.8858582973480225,0.9963667392730713,0.9521626234054565,0,-3.8656083182762337,1631.791264845115,12308.669593020488
950015,59,uav_U1,uav_U2,False,0.9974973201751709,0.9811191558837891,0.975583016872406,0.8701694011688232,0.9962946176528931,0.9483261108398438,0,-6.6835353250366305,3961.7212696242796,147322.18216611925
950015,60,uav_U1,uav_U2,False,0.9975571632385254,0.9756499528884888,0.9785817861557007,0.8754088878631592,0.9966831803321838,0.9502328634262085,0,-5.457800417961048,1818.9905643646837,20824.794565019853
950015,61,uav_U1,uav_U2,False,0.9978334307670593,0.9841487407684326,0.9863133430480957,0.8959431052207947,0.9966077208518982,0.9563780426979065,1,0.9189867590344085,891.1335500395651,20857.040618082774
950015,62,uav_U1,uav_U2,False,0.9980694055557251,0.9862606525421143,0.9900995492935181,0.8910585641860962,0.9955686926841736,0.9441829919815063,0,-7.048962512778685,1178.1575679734742,48696.80239522103
950015,63,uav_U1,uav_U2,False,0.9979664087295532,0.9848226308822632,0.9866087436676025,0.8923373222351074,0.9953691363334656,0.946506142616272,1,0.9163223973327614,145.31275707368903,1696.7257274168471
950015,64,uav_U1,uav_U2,False,0.9978980422019958,0.9870458841323853,0.9878017902374268,0.9009120464324951,0.9935949444770813,0.9518771767616272,1,0.8002982464819826,34.98485823616202,859.9289720187885
950015,65,uav_U1,uav_U2,False,0.996894121170044,0.9672421216964722,0.9786131381988525,0.8817819356918335,0.9974536299705505,0.9466050863265991,0,-7.5000914850392295,5150.846808207381,150626.54228748035
950015,66,uav_U1,uav_U2,False,0.9977814555168152,0.9869950413703918,0.9878964424133301,0.8960765600204468,0.9933537244796753,0.9540345668792725,1,0.8883889157324834,957.6394242091466,28279.31755860649
950015,67,uav_U1,uav_U2,False,0.9981498718261719,0.9872442483901978,0.9871892929077148,0.8927252292633057,0.9952914714813232,0.9463447332382202,1,1.169265992197007,295.92474274236764,6363.5253390284915
950015,68,uav_U1,uav_U2,False,0.9979848861694336,0.976170003414154,0.9760150909423828,0.8744489550590515,0.9964818954467773,0.9481897354125977,0,-3.825651646904162,1053.8201618516155,30988.9184913014
950015,69,uav_U1,uav_U2,False,0.9979338049888611,0.9833570122718811,0.9845695495605469,0.8898822069168091,0.9953201413154602,0.9609097838401794,1,1.2072579692859535,467.06997829224633,14123.741828455944
950015,70,uav_U1,uav_U2,False,0.9977049827575684,0.9831904768943787,0.9864816665649414,0.865838885307312,0.9973182082176208,0.9591299295425415,1,1.169005869469343,329.24761097616334,4514.785078251468
950015,71,uav_U1,uav_U2,False,0.9973263144493103,0.9853310585021973,0.988394021987915,0.8818960785865784,0.9948996901512146,0.9493787288665771,0,-4.2722821274114855,3182.854417260999,126934.11615608218
950015,72,uav_U1,uav_U2,False,0.997205376625061,0.9824298024177551,0.9723796844482422,0.8672298789024353,0.997183620929718,0.9597259759902954,0,-7.500091442734675,6959.257778771287,287786.1478731751
950015,73,uav_U1,uav_U2,False,0.9983041286468506,0.9844495058059692,0.9856823682785034,0.8863091468811035,0.9963604211807251,0.9413551688194275,1,1.3797418349512844,103.58331610244926,2284.650199859975
950015,74,uav_U1,uav_U2,False,0.9977421760559082,0.9851408004760742,0.9868701696395874,0.8961166143417358,0.9944213032722473,0.9562790393829346,1,0.9094197908933424,539.7064352558044,12242.175501783717
950015,75,uav_U1,uav_U2,False,0.9979884624481201,0.9822785258293152,0.9859567880630493,0.884568989276886,0.9943531155586243,0.9452832341194153,0,-4.282632570140379,1165.7816623156077,27804.282615840755
950015,76,uav_U1,uav_U2,False,0.9973030090332031,0.9815921783447266,0.9831868410110474,0.8839598894119263,0.9956509470939636,0.9531771540641785,1,0.6778467774132604,1298.8574475844234,42222.01263121564
950015,77,uav_U1,uav_U2,False,0.9977657794952393,0.9830112457275391,0.9871145486831665,0.9013246297836304,0.9948225021362305,0.9506168365478516,0,-3.733102171961309,622.670338261744,20984.87979286029
950015,78,uav_U1,uav_U2,False,0.9975714683532715,0.9795938730239868,0.9750779867172241,0.8689000010490417,0.9975110292434692,0.9603872299194336,0,-4.342326176472259,2221.7349103766633,67540.29753302783
950015,79,uav_U1,uav_U2,False,0.9974000453948975,0.9644396305084229,0.9797449111938477,0.8846585154533386,0.9972383975982666,0.9346203804016113,0,-4.503699001653522,2734.9241057732,75435.67646921564
950015,80,uav_U1,uav_U2,False,0.9976012110710144,0.9760837554931641,0.9771956205368042,0.8673017621040344,0.9978775978088379,0.9537523984909058,0,-5.1953780114787715,3455.3568630831387,58890.92775492846
950015,81,uav_U1,uav_U2,False,0.9975017309188843,0.969391942024231,0.9745516180992126,0.8828495144844055,0.9976846575737,0.9500293135643005,0,-7.500091761356697,2416.1263126347785,42080.023027109055
950015,82,uav_U1,uav_U2,False,0.9974367618560791,0.9777699708938599,0.9775596857070923,0.8866333961486816,0.9971321821212769,0.9525380730628967,0,-4.16549305155415,2173.348918266801,65441.04291467371
950015,83,uav_U1,uav_U2,False,0.9977489709854126,0.9795756340026855,0.979415774345398,0.8730413913726807,0.9972518086433411,0.9516500234603882,1,0.7419864918443222,1151.2830798137038,24527.563692894244
950015,84,uav_U1,uav_U2,False,0.9969435930252075,0.968288242816925,0.9827525019645691,0.8996780514717102,0.9943262934684753,0.9371818900108337,1,0.7027245540898046,750.1496016424405,8324.507799729938
950015,85,uav_U1,uav_U2,False,0.9973808526992798,0.9752568006515503,0.9690810441970825,0.8647676110267639,0.9971504211425781,0.9616164565086365,0,-7.500091504715505,4101.841432155879,152763.5878573894
950015,86,uav_U1,uav_U2,False,0.9976447224617004,0.9773553609848022,0.9778890609741211,0.8595701456069946,0.9980525970458984,0.9558722376823425,0,-6.864458381218083,3932.2941628949857,59469.00904975328
950015,87,uav_U1,uav_U2,False,0.9981166124343872,0.9817049503326416,0.9875142574310303,0.89118492603302,0.9962425827980042,0.9412049651145935,0,-3.698705689910451,680.812371215781,5531.714171203961
950015,88,uav_U1,uav_U2,False,0.9971290230751038,0.9735242128372192,0.9867377281188965,0.8883143663406372,0.9954892992973328,0.9558455944061279,1,1.0102588288581817,653.6816306844815,7482.811517492656
950015,89,uav_U1,uav_U2,False,0.9980897903442383,0.9791631698608398,0.9849985837936401,0.8965389132499695,0.9967373013496399,0.9445765614509583,1,1.2206307152815732,198.56617968135316,3379.3861424136203
950015,90,uav_U1,uav_U2,False,0.9982025623321533,0.9839324951171875,0.9871348142623901,0.880958080291748,0.996572732925415,0.9491778612136841,1,1.2621536590832179,140.03738214656894,3049.72469457908
950015,91,uav_U1,uav_U2,False,0.9976527690887451,0.981744110584259,0.9875927567481995,0.8993412256240845,0.9944367408752441,0.9523358941078186,0,-3.6099745830398335,1087.6851953072435,23369.639469303012
950015,92,uav_U1,uav_U2,False,0.9973862171173096,0.9788227677345276,0.9862239360809326,0.8994492888450623,0.9918546080589294,0.9274700880050659,1,0.6406768854987921,42.965926222896535,776.0040216535972
950015,93,uav_U1,uav_U2,False,0.9969125390052795,0.9729979038238525,0.9683184623718262,0.8656193614006042,0.9973933696746826,0.9482877850532532,0,-6.252945842200541,6830.19471551132,154069.3605733465
950015,94,uav_U1,uav_U2,False,0.9983850121498108,0.9806745648384094,0.9864445924758911,0.8907485008239746,0.996885359287262,0.9342566132545471,1,0.7895732715104016,310.4163180920444,6164.050184662767
950015,95,uav_U1,uav_U2,False,0.9978381395339966,0.977526068687439,0.9858584403991699,0.8996687531471252,0.9925389885902405,0.9407751560211182,1,1.1985290603069054,226.9385078473518,5082.65303960475
950015,96,uav_U1,uav_U2,False,0.996392548084259,0.9783416986465454,0.9687661528587341,0.8692930340766907,0.9962888360023499,0.9559512734413147,0,-7.016311119953011,7745.316989126751,315697.08700902894
950015,97,uav_U1,uav_U2,False,0.9982987642288208,0.9792425036430359,0.9854093790054321,0.8907682299613953,0.995777428150177,0.9466695189476013,1,1.2272717949991698,409.2272889473194,11672.627154549918
950015,98,uav_U1,uav_U2,False,0.9981405735015869,0.9841651916503906,0.9846316576004028,0.8914917707443237,0.9959141612052917,0.9435580372810364,1,1.303858542979177,338.7737729333916,7982.271315238243
950015,99,uav_U1,uav_U2,False,0.9980983734130859,0.9869205951690674,0.985904335975647,0.8893529176712036,0.9951680898666382,0.9506371021270752,1,1.2103596823103866,458.065619803008,9917.34909733305
950016,0,uav_U1,uav_U2,False,0.9979522228240967,0.9849427938461304,0.9856126308441162,0.8794465661048889,0.9959591031074524,0.9499137997627258,1,0.7164960207135009,443.4112432206225,7812.675010183768
950016,1,uav_U1,uav_U2,False,0.9978145956993103,0.9857450723648071,0.9854964017868042,0.8713887929916382,0.997421145439148,0.9592781662940979,1,1.3444785603341127,267.80535619180273,6354.529346688891
950016,2,uav_U1,uav_U2,False,0.9979351758956909,0.984173059463501,0.9870814085006714,0.8871901631355286,0.9970791339874268,0.958848237991333,1,1.1520469464608156,508.2255355526072,16430.937173444894
950016,3,uav_U1,uav_U2,False,0.9978530406951904,0.9818356037139893,0.97798091173172,0.8739231824874878,0.9985848665237427,0.9583203196525574,0,-7.0513832103475265,2912.826606132961,89318.6226162133
950016,4,uav_U1,uav_U2,False,0.9973106980323792,0.9826610684394836,0.9862763285636902,0.8971992135047913,0.9966380000114441,0.9563404321670532,0,-3.736467553334032,2153.7670538886828,66668.35776321654
950016,5,uav_U1,uav_U2,False,0.9979544281959534,0.9853634238243103,0.9884134531021118,0.874901533126831,0.998098611831665,0.9591272473335266,1,1.3659246530832059,215.98101127700025,2721.3487984676904
950016,6,uav_U1,uav_U2,False,0.99705970287323,0.9860931634902954,0.9877097606658936,0.8827997446060181,0.9970988035202026,0.967437744140625,0,-4.720146754660355,1809.345068310384,61507.8734187684
950016,7,uav_U1,uav_U2,False,0.996851921081543,0.984529972076416,0.9875110387802124,0.8770556449890137,0.9967471361160278,0.9631854891777039,1,0.578071158486211,1298.8687387936818,29097.095420456502
950016,8,uav_U1,uav_U2,False,0.9979470372200012,0.9819797277450562,0.9831477403640747,0.8619065284729004,0.997947633266449,0.9464043974876404,0,-5.352323506160083,1180.8239526658267,29955.708349206703
950016,9,uav_U1,uav_U2,False,0.9976221323013306,0.9854369759559631,0.987494945526123,0.8730601072311401,0.9966609477996826,0.9547923803329468,1,0.8925177228450265,730.6906451848224,11934.163472088288
950016,10,uav_U1,uav_U2,False,0.9973219633102417,0.9843122363090515,0.9874629974365234,0.8793189525604248,0.9972757697105408,0.9659664034843445,1,0.8323551245345417,1015.3464634676596,6278.438403190742
950016,11,uav_U1,uav_U2,False,0.9974061250686646,0.9800381660461426,0.980830192565918,0.8551979660987854,0.998038113117218,0.9623168706893921,1,0.9324839885976832,780.7758142338279,17695.783318231577
950016,12,uav_U1,uav_U2,False,0.9968559145927429,0.984595537185669,0.986240804195404,0.8853528499603271,0.994663417339325,0.9549785852432251,0,-6.110256201656815,1281.6083516595784,17451.340526181877
950016,13,uav_U1,uav_U2,False,0.9967098236083984,0.9812220931053162,0.9781678915023804,0.8560682535171509,0.9981721639633179,0.9640551209449768,0,-7.500093003001768,5979.8882284698275,35186.50446919937
950016,14,uav_U1,uav_U2,False,0.9972743988037109,0.979573130607605,0.9769045114517212,0.8621506094932556,0.9979856014251709,0.9595373272895813,0,-4.07424928133295,2027.515124009275,54426.76666244594
950016,15,uav_U1,uav_U2,False,0.997694194316864,0.9855261445045471,0.9889375567436218,0.8821871280670166,0.9971543550491333,0.9600905776023865,1,0.7285732651612762,487.4838117418468,15354.40198405417
950016,16,uav_U1,uav_U2,False,0.9969587922096252,0.9764309525489807,0.9756758809089661,0.8645201921463013,0.9986081719398499,0.9625125527381897,0,-7.080299631276609,2743.5444579171244,41522.4262706518
950016,17,uav_U1,uav_U2,False,0.9964845180511475,0.9752615690231323,0.9714441299438477,0.8558348417282104,0.9985912442207336,0.9660436511039734,0,-5.936531693901009,4171.837426692586,33177.19893674369
950016,18,uav_U1,uav_U2,False,0.9977127313613892,0.9838322401046753,0.9868023991584778,0.8957546353340149,0.9971752762794495,0.9507330656051636,1,1.4965414416990612,34.539807344868244,1379.883273200783
950016,19,uav_U1,uav_U2,False,0.9971791505813599,0.9866099953651428,0.988028883934021,0.8700735569000244,0.9974406957626343,0.9611242413520813,1,0.502337917178469,1484.3850340062788,46209.08285508729
950016,20,uav_U1,uav_U2,False,0.9966810941696167,0.9784187078475952,0.9815844297409058,0.8642063736915588,0.9980435967445374,0.9714996814727783,0,-3.64399554088197,1927.4774972048835,19465.132600670477
950016,21,uav_U1,uav_U2,False,0.9973255395889282,0.9880098700523376,0.9887723326683044,0.8799348473548889,0.995857298374176,0.9639478921890259,1,1.2935734860111059,405.03536169029746,9407.96832882257
950016,22,uav_U1,uav_U2,False,0.9966171979904175,0.9772945046424866,0.960235059261322,0.8494015336036682,0.9983283281326294,0.9668577909469604,0,-7.030058361041845,7093.928323822778,270239.5421352139
950016,23,uav_U1,uav_U2,False,0.997490644454956,0.9814070463180542,0.9878851175308228,0.9005120992660522,0.9973480105400085,0.9567147493362427,0,-3.5274163149382662,1702.276667456882,28745.22911390365
950016,24,uav_U1,uav_U2,False,0.9974400997161865,0.9855995774269104,0.9844950437545776,0.8772565126419067,0.9960901737213135,0.9647567868232727,1,1.374280895078324,246.60639002756932,5015.562215139915
950016,25,uav_U1,uav_U2,False,0.9972285628318787,0.9869335889816284,0.9876871109008789,0.8899831771850586,0.995111882686615,0.9538275599479675,1,1.0678133812242354,434.2552835050761,7246.978099438133
950016,26,uav_U1,uav_U2,False,0.9968038201332092,0.981417715549469,0.9849785566329956,0.8859367966651917,0.9973734617233276,0.9604246020317078,0,-7.500091977814157,1307.7505007816662,15566.75594294112
950016,27,uav_U1,uav_U2,False,0.9976547956466675,0.9840937852859497,0.9878110885620117,0.8741517663002014,0.9958785772323608,0.9466797709465027,0,-5.909609753453822,722.8177270706079,8070.27135430833
950016,28,uav_U1,uav_U2,False,0.9977240562438965,0.9847171902656555,0.986017107963562,0.8737894892692566,0.9976286292076111,0.9516475796699524,1,0.5023686556355189,943.671803702895,9146.963554572067
950016,29,uav_U1,uav_U2,False,0.9973282814025879,0.9813627600669861,0.9854494333267212,0.8675755262374878,0.9976688027381897,0.9513332843780518,0,-3.834888508205186,922.343792754327,5458.483217913465
950016,30,uav_U1,uav_U2,False,0.9977986812591553,0.9877798557281494,0.9862402677536011,0.8798102736473083,0.9968328475952148,0.9528127312660217,1,1.3713582738536843,230.10452072587893,5833.291682536276
950016,31,uav_U1,uav_U2,False,0.9975185394287109,0.9851868748664856,0.9885228872299194,0.8801729679107666,0.9963665008544922,0.9590442776679993,0,-4.035055690655041,1456.6808356200859,32233.13558326125
950016,32,uav_U1,uav_U2,False,0.9973866939544678,0.9822452068328857,0.9888567924499512,0.8728127479553223,0.9974450469017029,0.9520478844642639,0,-3.5113447706551195,575.402601516912,4856.836320285485
950016,33,uav_U1,uav_U2,False,0.997550904750824,0.9803124666213989,0.977819561958313,0.8655164241790771,0.9981211423873901,0.9594341516494751,0,-4.056645399201077,1204.7725247823703,25992.82486943623
950016,34,uav_U1,uav_U2,False,0.9971866011619568,0.979303777217865,0.9746814966201782,0.8699447512626648,0.9985934495925903,0.9584392309188843,0,-7.500091962800668,7041.937134122549,88233.53779969325
950016,35,uav_U1,uav_U2,False,0.9965196847915649,0.9728071689605713,0.9775234460830688,0.8722895979881287,0.9982975125312805,0.9645909070968628,0,-4.745269023728447,1706.334734078719,25797.5339575071
950016,36,uav_U1,uav_U2,False,0.9978997707366943,0.9851899743080139,0.9877988696098328,0.884440541267395,0.9964002370834351,0.9507102370262146,1,1.138988386118631,493.3772074557593,8393.134961463551
950016,37,uav_U1,uav_U2,False,0.9980670809745789,0.9870966672897339,0.9870964884757996,0.8769211769104004,0.9975231885910034,0.9539148807525635,1,1.2826773092905515,395.7948420863677,11208.903646182636
950016,38,uav_U1,uav_U2,False,0.9968966841697693,0.981207549571991,0.9733681678771973,0.8611129522323608,0.9981787204742432,0.9697682857513428,0,-4.920359976560494,2662.2953243770767,75584.316474509
950016,39,uav_U1,uav_U2,False,0.9979102611541748,0.9857840538024902,0.9865577220916748,0.8723254799842834,0.9973130226135254,0.9562621712684631,1,1.3279589927815874,93.5403597299527,2018.8312867536033
950016,40,uav_U1,uav_U2,False,0.9973366260528564,0.974362850189209,0.9755686521530151,0.8665181994438171,0.9987340569496155,0.9567371010780334,0,-7.50009213709396,3303.835047350963,37812.53576563264
950016,41,uav_U1,uav_U2,False,0.9974832534790039,0.9808897972106934,0.9886437654495239,0.8960241079330444,0.9972537159919739,0.9533543586730957,1,0.7067386418543042,1125.5069379560184,11598.297717294268
950016,42,uav_U1,uav_U2,False,0.9978415966033936,0.9815466403961182,0.9852612018585205,0.8844000101089478,0.9970291256904602,0.9527837634086609,1,0.7947759013423032,377.95089884420764,6874.0740789041065
950016,43,uav_U1,uav_U2,False,0.9971778988838196,0.9851428866386414,0.9853066205978394,0.8760755062103271,0.9953142404556274,0.9635666608810425,1,0.5375148407211057,773.7644452285698,22741.71975294979
950016,44,uav_U1,uav_U2,False,0.9971726536750793,0.9812421798706055,0.985975980758667,0.8829720616340637,0.9981366991996765,0.9615088701248169,0,-6.013746063706121,2438.4752433586054,14292.254245343067
950016,45,uav_U1,uav_U2,False,0.9973955154418945,0.979967474937439,0.9834036827087402,0.8803744316101074,0.9982419610023499,0.9482297301292419,1,0.8640553568614517,1165.5182288926771,21319.144367752055
950016,46,uav_U1,uav_U2,False,0.9962811470031738,0.9693235158920288,0.9795470237731934,0.8621542453765869,0.9984797239303589,0.9595106244087219,0,-3.5207552636138626,1785.1406855884532,27689.207754150557
950016,47,uav_U1,uav_U2,False,0.9974242448806763,0.9832124710083008,0.9877073764801025,0.8843252658843994,0.9964069128036499,0.962908148765564,0,-4.203158841295549,1493.5894542799133,16282.027568294987
950016,48,uav_U1,uav_U2,False,0.9973769783973694,0.9762988686561584,0.9757159948348999,0.8515182733535767,0.9986009001731873,0.9651723504066467,0,-4.087726677504782,2146.482504457345,44358.24797967954
950016,49,uav_U1,uav_U2,False,0.9970520734786987,0.9886210560798645,0.9871516227722168,0.892911970615387,0.9935197234153748,0.9585498571395874,0,-7.5000914221114,4853.9479247488025,190474.94315933698
950016,50,uav_U1,uav_U2,False,0.9962434768676758,0.967707633972168,0.9687544703483582,0.8767290115356445,0.998177170753479,0.9585506319999695,0,-5.880267187451894,3170.6048277849777,72341.60452582463
950016,51,uav_U1,uav_U2,False,0.9979020357131958,0.9869673252105713,0.9874025583267212,0.8847615718841553,0.9960634112358093,0.9556499123573303,1,0.9184933760387359,29.07510183527579,729.1282558733844
950016,52,uav_U1,uav_U2,False,0.9979023933410645,0.9849803447723389,0.9883276224136353,0.8872277736663818,0.997189462184906,0.9589225649833679,1,1.3106266347838609,178.87115261305544,4489.054242348644
950016,53,uav_U1,uav_U2,False,0.9972357153892517,0.9805895090103149,0.9851109981536865,0.8884896636009216,0.9975428581237793,0.9583523869514465,1,1.045465933358856,411.7245917919739,6097.1210813961
950016,54,uav_U1,uav_U2,False,0.9977202415466309,0.9725992679595947,0.9766426086425781,0.8599436283111572,0.998340368270874,0.9541262984275818,0,-4.556768495882627,1902.4259425283449,38514.11873387601
950016,55,uav_U1,uav_U2,False,0.9974764585494995,0.9750398397445679,0.9805960059165955,0.8484728932380676,0.9985933899879456,0.9593732357025146,0,-7.486068511912449,1181.676458665805,18498.43634416317
950016,56,uav_U1,uav_U2,False,0.9978132247924805,0.9834227561950684,0.9865899085998535,0.8905332088470459,0.997328519821167,0.9613080620765686,1,1.1573624264546363,353.84975367208784,7302.080718337303
950016,57,uav_U1,uav_U2,False,0.9975621700286865,0.9855132102966309,0.9884109497070312,0.8726551532745361,0.9971678853034973,0.9516298770904541,1,1.264706584127343,452.05736413114363,7710.009892529952
950016,58,uav_U1,uav_U2,False,0.9976392984390259,0.9862974882125854,0.9888114929199219,0.8978508710861206,0.9951345920562744,0.9504556059837341,1,0.7400458908412697,398.9277288736838,8886.400682498448
950016,59,uav_U1,uav_U2,False,0.9967890977859497,0.9765917658805847,0.9803844094276428,0.8688759207725525,0.9983538389205933,0.9489365816116333,0,-7.50009160074476,1672.3428887584416,36327.382362049786
950016,60,uav_U1,uav_U2,False,0.9975905418395996,0.9840708374977112,0.9869590997695923,0.8736193180084229,0.997416615486145,0.9591172337532043,0,-4.042472914088715,421.0700712585307,9634.713612176101
950016,61,uav_U1,uav_U2,False,0.9978235960006714,0.9782478213310242,0.9796938896179199,0.8690338730812073,0.9979187846183777,0.9488825798034668,0,-4.03531767991179,1398.5907316966047,28177.757279588895
950016,62,uav_U1,uav_U2,False,0.9975297451019287,0.9840986132621765,0.986851155757904,0.8967958688735962,0.9962765574455261,0.9568249583244324,1,0.7250938080716611,623.7256779639279,16185.936817977466
950016,63,uav_U1,uav_U2,False,0.9969652891159058,0.9782373309135437,0.9834983944892883,0.8779231309890747,0.997702419757843,0.9586377739906311,0,-5.375065436730007,1247.7386200055398,24819.73205689832
950016,64,uav_U1,uav_U2,False,0.9981570243835449,0.9819713830947876,0.9849624037742615,0.8854628205299377,0.9958158731460571,0.9443442225456238,0,-3.504697683004146,1209.545692273456,48235.276374764624
950016,65,uav_U1,uav_U2,False,0.9979873895645142,0.9832445383071899,0.9898271560668945,0.8910024762153625,0.9955796599388123,0.9461175203323364,0,-3.529962428452653,2027.8157339483464,91121.4169123508
950016,66,uav_U1,uav_U2,False,0.9980982542037964,0.9808351993560791,0.9872451424598694,0.8886309862136841,0.9976580142974854,0.9436003565788269,1,1.395550620152681,138.7955925467356,3332.675383549035
950016,67,uav_U1,uav_U2,False,0.9979788064956665,0.9838560819625854,0.984341025352478,0.8820286393165588,0.9979103803634644,0.9620273113250732,1,0.965313336102513,443.71378138569185,11564.079893983853
950016,68,uav_U1,uav_U2,False,0.9979239106178284,0.98378586769104,0.9859534502029419,0.8812596797943115,0.9975728392601013,0.9646341800689697,1,1.254011282448436,318.19051666133794,5598.8538579493115
950016,69,uav_U1,uav_U2,False,0.9970293045043945,0.9714524149894714,0.9743243455886841,0.8530000448226929,0.9980810880661011,0.9629430174827576,0,-3.500615451317427,1939.015205357654,46372.36576349829
950016,70,uav_U1,uav_U2,False,0.99754798412323,0.9774067401885986,0.9768778085708618,0.8508128523826599,0.998924732208252,0.957858145236969,0,-7.076170238735935,7623.74377661764,36527.08275905861
950016,71,uav_U1,uav_U2,False,0.9976093769073486,0.9826820492744446,0.9860409498214722,0.8868682980537415,0.9978870749473572,0.9632202386856079,1,1.353132047378004,233.3738499616164,3540.932324611001
950016,72,uav_U1,uav_U2,False,0.997672438621521,0.9869756102561951,0.9860925674438477,0.8769932985305786,0.9959908127784729,0.9525806903839111,0,-5.0942370895258975,2064.939849084542,79620.52614216939
950016,73,uav_U1,uav_U2,False,0.9976695775985718,0.982062578201294,0.9856181144714355,0.8858866691589355,0.9962265491485596,0.9538360238075256,1,0.9939489505556791,917.3044956130161,30784.194280268093
950016,74,uav_U1,uav_U2,False,0.9979292154312134,0.9847127199172974,0.9864854216575623,0.8869085311889648,0.9946812987327576,0.9541953206062317,0,-4.2725244081450775,1263.7445764498375,45613.40072687895
950016,75,uav_U1,uav_U2,False,0.9970134496688843,0.9688774347305298,0.9725838303565979,0.859150230884552,0.9984076023101807,0.953458845615387,0,-5.729521253275711,3474.865925887451,45521.02500333436
950016,76,uav_U1,uav_U2,False,0.9969232082366943,0.9744289517402649,0.9765969514846802,0.879669725894928,0.997855007648468,0.9532366394996643,0,-4.777644958747475,3657.7510207203486,148705.78023972918
950016,77,uav_U1,uav_U2,False,0.9979963302612305,0.9864093065261841,0.9870129823684692,0.879626989364624,0.99770587682724,0.9626926183700562,1,0.8013543455052079,278.7229561330423,4912.6596107383175
950016,78,uav_U1,uav_U2,False,0.9978173971176147,0.9840055704116821,0.9890796542167664,0.8743340969085693,0.9973449110984802,0.9483053088188171,1,0.6989971904016969,1355.1413401944358,26051.05595042475
950016,79,uav_U1,uav_U2,False,0.9977215528488159,0.9745163917541504,0.9775840044021606,0.8484232425689697,0.9987418055534363,0.9405289888381958,0,-7.5000925972077335,4577.638259908859,31908.05146195729
950016,80,uav_U1,uav_U2,False,0.9960821866989136,0.9651786088943481,0.9656503200531006,0.8525472283363342,0.9982574582099915,0.9561041593551636,0,-7.500092213021317,3307.879525184146,31894.760765164247
950016,81,uav_U1,uav_U2,False,0.9979140758514404,0.9789842367172241,0.9839548468589783,0.8769559264183044,0.9980668425559998,0.9592365622520447,1,1.1464459286550217,571.9010872043291,5609.768071789389
950016,82,uav_U1,uav_U2,False,0.9974781274795532,0.9834977984428406,0.9879124164581299,0.880058228969574,0.9966629147529602,0.9497209787368774,1,0.5094631188197225,1582.7297920822925,10495.757836901877
950016,83,uav_U1,uav_U2,False,0.997697114944458,0.967024564743042,0.9781838655471802,0.8353093862533569,0.9990002512931824,0.9419037699699402,0,-7.5000924620880465,3735.6035078617188,31717.08604837646
950016,84,uav_U1,uav_U2,False,0.9979857206344604,0.9810535907745361,0.988853931427002,0.8823907375335693,0.9973421096801758,0.939561128616333,0,-3.7711485167510137,1091.8378142863146,31139.077107369405
950016,85,uav_U1,uav_U2,False,0.9977087378501892,0.9820276498794556,0.9881376028060913,0.8835736513137817,0.994948148727417,0.9227970242500305,1,0.7128459260080962,313.25081735275495,7529.621105643147
950016,86,uav_U1,uav_U2,False,0.9972522258758545,0.9796843528747559,0.983904242515564,0.8819416761398315,0.996924638748169,0.9530168175697327,0,-5.1044948470364035,1705.883516800504,13616.643057102347
950016,87,uav_U1,uav_U2,False,0.9976738691329956,0.9859075546264648,0.9863754510879517,0.880280077457428,0.9966391324996948,0.9475906491279602,0,-3.929334629223789,405.9049968036668,10001.184395921953
950016,88,uav_U1,uav_U2,False,0.9973176717758179,0.9680514335632324,0.973176121711731,0.8727685213088989,0.9983364939689636,0.9443598985671997,0,-4.404059784448741,2389.4800577120673,61089.673287113466
950016,89,uav_U1,uav_U2,False,0.9976942539215088,0.9836872220039368,0.9886667728424072,0.8932854533195496,0.9963770508766174,0.9440816044807434,0,-4.393205734471057,2300.133680834577,72703.99807458642
950016,90,uav_U1,uav_U2,False,0.9977511167526245,0.9783598780632019,0.9880805015563965,0.9001792073249817,0.9956614375114441,0.9354262351989746,1,1.312887087885936,357.7717764705161,11816.744084936487
950016,91,uav_U1,uav_U2,False,0.9977567195892334,0.9793697595596313,0.9845405220985413,0.8867743015289307,0.9962937235832214,0.958713948726654,0,-3.561615761543586,822.6811463645605,20485.679148948642
950016,92,uav_U1,uav_U2,False,0.9977704286575317,0.9802460670471191,0.9877347946166992,0.8882014155387878,0.9961510300636292,0.9363983869552612,0,-3.894936044790346,2180.1419237846767,83986.82971266896
950016,93,uav_U1,uav_U2,False,0.9975738525390625,0.980258047580719,0.9875752329826355,0.885157585144043,0.9973644614219666,0.95274418592453,1,1.164309942002061,669.853846632522,11066.210592361876
950016,94,uav_U1,uav_U2,False,0.9981536865234375,0.9867950081825256,0.9871924519538879,0.8868517875671387,0.9967531561851501,0.9562172293663025,1,1.0897526000544018,406.46439797673105,18049.655872517655
950016,95,uav_U1,uav_U2,False,0.9978362321853638,0.9820942878723145,0.9887049198150635,0.8710949420928955,0.9980000853538513,0.939380943775177,1,1.313223093787466,234.66315091775058,4290.9344271093905
950016,96,uav_U1,uav_U2,False,0.9973621368408203,0.9836617708206177,0.9840331077575684,0.8790088295936584,0.9966897964477539,0.9582088589668274,1,1.0502773581482532,765.7217368560446,24604.75184532888
950016,97,uav_U1,uav_U2,False,0.9976679086685181,0.9733123183250427,0.9784444570541382,0.8671779632568359,0.9975754618644714,0.9429401755332947,0,-5.849560936101111,3590.6311976518296,141363.14998057083
950016,98,uav_U1,uav_U2,False,0.9972802400588989,0.9753324389457703,0.9833779335021973,0.8623653054237366,0.9981270432472229,0.9353744387626648,0,-4.106897465954057,2333.081582122199,29006.224917310396
950016,99,uav_U1,uav_U2,False,0.997516393661499,0.977541446685791,0.9837772250175476,0.8732510209083557,0.9982877373695374,0.9391081929206848,0,-3.9041222103937927,2049.8843841691896,30126.62540113883
950017,0,uav_U1,uav_U2,False,0.9977492690086365,0.9819694757461548,0.9776753187179565,0.8682523369789124,0.9975378513336182,0.9644836187362671,0,-4.398435690380761,2044.5162821119038,37170.83262008497
950017,1,uav_U1,uav_U2,False,0.9964416027069092,0.9785118103027344,0.9770989418029785,0.8644837141036987,0.9979169368743896,0.9705288410186768,0,-6.1526072188220855,4507.204451382773,122358.37519037446
950017,2,uav_U1,uav_U2,False,0.9972578287124634,0.9823851585388184,0.9795005917549133,0.8729708194732666,0.997974693775177,0.9685593247413635,0,-7.500091738672281,4508.329755398758,85371.3074014034
950017,3,uav_U1,uav_U2,False,0.9976885914802551,0.9782697558403015,0.9806401133537292,0.8710698485374451,0.9980740547180176,0.9663719534873962,0,-4.861769731196586,2182.1903138680987,34688.16405750159
950017,4,uav_U1,uav_U2,False,0.9972983002662659,0.9819231033325195,0.9826833605766296,0.8775321841239929,0.996468186378479,0.9578423500061035,0,-5.238955328373232,3144.2155136876004,73391.84004624895
950017,5,uav_U1,uav_U2,False,0.9967958927154541,0.98265540599823,0.9788286685943604,0.8606887459754944,0.9979325532913208,0.9697893857955933,0,-4.785467379292864,3981.1248437522827,117378.00117436128
950017,6,uav_U1,uav_U2,False,0.9974585771560669,0.9819058179855347,0.9875006079673767,0.8940712213516235,0.9975190162658691,0.9629961848258972,1,1.181701269628851,459.17059599570445,2412.9753635700617
950017,7,uav_U1,uav_U2,False,0.9981309175491333,0.9834877252578735,0.9861581921577454,0.8961541652679443,0.9966002702713013,0.9572722315788269,1,1.427485107371954,48.08886973147493,966.7478639833138
950017,8,uav_U1,uav_U2,False,0.9972484111785889,0.9812562465667725,0.986903190612793,0.8862580060958862,0.9953508973121643,0.9547120928764343,0,-3.615884200297112,1421.519227191585,16824.25513639324
950017,9,uav_U1,uav_U2,False,0.997362494468689,0.9880900382995605,0.9897159337997437,0.9076894521713257,0.9930294156074524,0.9559528827667236,1,0.5415617694201345,1448.0618457129672,42833.3995458786
950017,10,uav_U1,uav_U2,False,0.9976453185081482,0.9826857447624207,0.9862222671508789,0.8879892230033875,0.9952555894851685,0.9468321204185486,1,1.1609418031250396,605.393213310052,7030.5474865465885
950017,11,uav_U1,uav_U2,False,0.9964994788169861,0.9845456480979919,0.9813787937164307,0.885650634765625,0.9951868653297424,0.9537083506584167,0,-7.500274051448124,12010.870469326926,417663.20525858295
950017,12,uav_U1,uav_U2,False,0.997282087802887,0.982069730758667,0.9847439527511597,0.8738966584205627,0.996311366558075,0.9566398859024048,0,-7.500276109791639,1069.6983856054999,13445.752981963677
950017,13,uav_U1,uav_U2,False,0.9971652626991272,0.9816792011260986,0.9879292249679565,0.8953092098236084,0.9959738850593567,0.9626384973526001,0,-4.779456202039611,2049.1480982520156,16650.793341865923
950017,14,uav_U1,uav_U2,False,0.9965827465057373,0.9814924001693726,0.9799630045890808,0.8671040534973145,0.9977989792823792,0.9666474461555481,0,-4.318047885667996,3539.560843819171,60139.315009692684
950017,15,uav_U1,uav_U2,False,0.9971227645874023,0.9826053380966187,0.9854507446289062,0.8833900690078735,0.9953539967536926,0.9527489542961121,0,-4.380882585390257,868.9252013319694,10432.9113566236
950017,16,uav_U1,uav_U2,False,0.9977830648422241,0.9823547601699829,0.9846359491348267,0.8853360414505005,0.9980891346931458,0.9546593427658081,0,-4.405333676482386,2819.7577208012112,40594.0990745404
950017,17,uav_U1,uav_U2,False,0.997686505317688,0.9842577576637268,0.9805611968040466,0.8575253486633301,0.9978500604629517,0.9563277959823608,0,-4.008796482910418,2984.218247955917,97904.44204264802
950017,18,uav_U1,uav_U2,False,0.9973801374435425,0.9853751063346863,0.98846036195755,0.8811274170875549,0.9964513778686523,0.958087146282196,0,-3.9495814234509834,804.4665022202533,8660.27287918046
950017,19,uav_U1,uav_U2,False,0.9966881275177002,0.9819324612617493,0.982161819934845,0.8747810125350952,0.9965067505836487,0.9432886242866516,0,-7.5002769411618795,5084.749924068664,38649.8334343319
950017,20,uav_U1,uav_U2,False,0.9977853298187256,0.9859664440155029,0.9874025583267212,0.8701866269111633,0.9963101744651794,0.9662696719169617,1,1.42719032055615,102.45957841599753,2611.88438893168
950017,21,uav_U1,uav_U2,False,0.997760534286499,0.9842806458473206,0.984986424446106,0.8798099160194397,0.9963861107826233,0.9634847640991211,0,-7.500091595364326,2638.7364983061734,92486.09663845412
950017,22,uav_U1,uav_U2,False,0.9977989196777344,0.9778103232383728,0.9756189584732056,0.8644325137138367,0.9981858134269714,0.9570866227149963,0,-3.7200885318594374,2346.0535816300544,41797.83885989342
950017,23,uav_U1,uav_U2,False,0.9973738193511963,0.9875142574310303,0.98822420835495,0.8912319540977478,0.9931018352508545,0.9579792022705078,0,-3.65181179546905,2124.9239134588465,75643.73918964178
950017,24,uav_U1,uav_U2,False,0.9978052377700806,0.9794304966926575,0.9821387529373169,0.8657687306404114,0.9981083869934082,0.9580351114273071,0,-3.679113334314069,1706.0441493233943,34410.00082188886
950017,25,uav_U1,uav_U2,False,0.9978089332580566,0.9850447177886963,0.9868184924125671,0.8846626281738281,0.9955216646194458,0.9563636183738708,1,1.2485785101417177,354.8775084210528,7312.157075371136
950017,26,uav_U1,uav_U2,False,0.9971598386764526,0.9827719926834106,0.9790350198745728,0.8610815405845642,0.9976041913032532,0.9677227139472961,0,-4.706104161092124,2731.0436727179404,92660.9916874605
950017,27,uav_U1,uav_U2,False,0.9974586963653564,0.984635055065155,0.9876408576965332,0.8996485471725464,0.996385931968689,0.9570522308349609,1,0.717344638638733,364.6746120131631,6251.781901201252
950017,28,uav_U1,uav_U2,False,0.9974089860916138,0.9874483346939087,0.9886085987091064,0.8870090842247009,0.9953600168228149,0.9655832648277283,1,0.9139537804865696,976.2001006712351,18652.095994443152
950017,29,uav_U1,uav_U2,False,0.9974073171615601,0.9795603156089783,0.9867178797721863,0.9009566903114319,0.9953129291534424,0.9534403085708618,1,1.3506084317387965,282.17622270900705,3913.2753933035283
950017,30,uav_U1,uav_U2,False,0.9979123473167419,0.9841408729553223,0.9801602363586426,0.8832439184188843,0.9977503418922424,0.9551481604576111,0,-6.516267220859556,4156.741737021383,130796.7168956305
950017,31,uav_U1,uav_U2,False,0.9974753260612488,0.9794092178344727,0.9808725118637085,0.8548768758773804,0.9982930421829224,0.956477701663971,0,-7.500091850535368,3779.5850231885347,64025.05850859066
950017,32,uav_U1,uav_U2,False,0.9982345700263977,0.9848904609680176,0.9865900278091431,0.8754092454910278,0.9957813024520874,0.9654884934425354,1,1.236164042402614,365.0221221148685,14526.85389805122
950017,33,uav_U1,uav_U2,False,0.9966607093811035,0.9806855916976929,0.9774293303489685,0.8602514266967773,0.9979872703552246,0.9715856313705444,0,-6.596495220887218,4313.5130279016375,83564.1601465589
950017,34,uav_U1,uav_U2,False,0.9978077411651611,0.9854544401168823,0.9895772933959961,0.887863039970398,0.9967825412750244,0.9558086395263672,1,1.0080675494086677,833.177378101436,9803.657846445305
950017,35,uav_U1,uav_U2,False,0.9975994825363159,0.9857039451599121,0.9885310530662537,0.8951453566551208,0.995459258556366,0.9591414928436279,0,-3.733918304542906,1385.5871338144257,22750.66375529244
950017,36,uav_U1,uav_U2,False,0.9980515837669373,0.9867120385169983,0.9877344369888306,0.8842648267745972,0.9968238472938538,0.9593843817710876,1,1.149407512337651,214.15587384644314,4125.676042597891
950017,37,uav_U1,uav_U2,False,0.9974734783172607,0.9857428073883057,0.9888923168182373,0.8815326690673828,0.9959284067153931,0.9566417336463928,1,1.3818905946279967,222.58082826483133,2719.3227851145125
950017,38,uav_U1,uav_U2,False,0.9980924129486084,0.9829075932502747,0.9799343347549438,0.8769270181655884,0.9975461363792419,0.957390546798706,1,0.641604485640215,1364.7029082809333,31619.99823074526
950017,39,uav_U1,uav_U2,False,0.9976601600646973,0.9810384511947632,0.9767860174179077,0.8718259334564209,0.9979676008224487,0.9692562222480774,0,-4.473476532055303,3183.069738494502,78660.1762809373
950017,40,uav_U1,uav_U2,False,0.9981114864349365,0.9853020310401917,0.9878532290458679,0.8905321359634399,0.9955155849456787,0.9630987048149109,1,1.4194399995986644,83.04315580805971,1973.0401309911285
950017,41,uav_U1,uav_U2,False,0.9976410865783691,0.977952778339386,0.9822989702224731,0.8577955961227417,0.9974988102912903,0.964557945728302,1,0.7850321046527118,1389.7189324180774,21779.78177563673
950017,42,uav_U1,uav_U2,False,0.9978002905845642,0.98007732629776,0.9876072406768799,0.8987843990325928,0.9965349435806274,0.9599831104278564,1,1.2762052095568883,106.7062708376346,1761.37726018854
950017,43,uav_U1,uav_U2,False,0.9971281290054321,0.9843155145645142,0.9884104132652283,0.8965778946876526,0.9933043122291565,0.9609786868095398,0,-4.198658973673238,1800.4810088230258,20160.352721545056
950017,44,uav_U1,uav_U2,False,0.9976213574409485,0.976971447467804,0.9840680360794067,0.8954999446868896,0.9968773722648621,0.9541471004486084,0,-3.564914736685378,1227.740689482488,18046.076124852363
950017,45,uav_U1,uav_U2,False,0.9971917867660522,0.9784749150276184,0.9817652702331543,0.8802475333213806,0.9978320002555847,0.9595114588737488,1,0.5951972277904476,984.3254151908434,14657.032480924696
950017,46,uav_U1,uav_U2,False,0.9976422786712646,0.9847621917724609,0.986918568611145,0.895301342010498,0.9935678839683533,0.9511762857437134,1,1.4924507090797383,75.44714493346238,3074.1329005170883
950017,47,uav_U1,uav_U2,False,0.9971258044242859,0.9848787784576416,0.9886832237243652,0.9141838550567627,0.9894598126411438,0.9555731415748596,0,-3.7599754262918834,1395.95134706692,41364.02357178318
950017,48,uav_U1,uav_U2,False,0.9982900619506836,0.977729320526123,0.9823967814445496,0.8664613366127014,0.9979440569877625,0.9423362016677856,0,-4.2897716519954345,1360.1565710898822,25372.676740331397
950017,49,uav_U1,uav_U2,False,0.9977983236312866,0.9852162599563599,0.9883095026016235,0.8792422413825989,0.9971597790718079,0.958124577999115,1,0.8328818018259094,1254.6756821074196,10815.914191676195
950017,50,uav_U1,uav_U2,False,0.9978092908859253,0.9813262224197388,0.9772363901138306,0.8778178691864014,0.9978346228599548,0.9592481851577759,0,-7.500091556385941,4376.644947035983,174303.58648168435
950017,51,uav_U1,uav_U2,False,0.9981265068054199,0.9851647615432739,0.9875414371490479,0.8828244805335999,0.9964582920074463,0.9641913175582886,1,1.2471443535464912,437.02877083841895,11131.494105411888
950017,52,uav_U1,uav_U2,False,0.9972226619720459,0.9801919460296631,0.9756414890289307,0.8748734593391418,0.9971972703933716,0.9670236110687256,0,-4.5167894557899855,2813.2936140459424,91318.6436181184
950017,53,uav_U1,uav_U2,False,0.9974477291107178,0.981002151966095,0.9864692091941833,0.8876643180847168,0.9952999353408813,0.9517205953598022,1,0.9719567376648623,320.46640910665684,4338.334177702288
950017,54,uav_U1,uav_U2,False,0.9978994131088257,0.9821573495864868,0.9856857061386108,0.892595648765564,0.9958255290985107,0.9523165225982666,1,0.9302167740637122,415.87478362908917,11173.088060858941
950017,55,uav_U1,uav_U2,False,0.9968068599700928,0.9745994806289673,0.9754737615585327,0.8557332158088684,0.9981186389923096,0.9577471017837524,0,-7.500092788612805,7851.997770714875,44879.35094116457
950017,56,uav_U1,uav_U2,False,0.9976559281349182,0.9813287258148193,0.9836095571517944,0.8686317205429077,0.997498095035553,0.9429160952568054,0,-3.6174722834491737,1614.6146814397912,27457.484795308326
950017,57,uav_U1,uav_U2,False,0.9975353479385376,0.9840867519378662,0.9866131544113159,0.8852853775024414,0.9954127669334412,0.9561380743980408,1,1.2071868473603542,471.8672064223441,16207.009185700605
950017,58,uav_U1,uav_U2,False,0.997884213924408,0.9830029010772705,0.9885309934616089,0.8999054431915283,0.9963192343711853,0.940947413444519,1,1.0153143761686827,360.53772307574104,6208.2104231244575
950017,59,uav_U1,uav_U2,False,0.9967974424362183,0.9793741703033447,0.9704115986824036,0.8618564605712891,0.9978621006011963,0.9579254388809204,0,-7.50009143715972,9446.101886402777,300953.85954174446
950017,60,uav_U1,uav_U2,False,0.9976972341537476,0.9786226749420166,0.9791249632835388,0.8644694685935974,0.9982477426528931,0.9564507603645325,0,-3.5290728985788995,1925.2232895386135,29459.625532914924
950017,61,uav_U1,uav_U2,False,0.9979634284973145,0.9802177548408508,0.9866558313369751,0.8857280611991882,0.9969217777252197,0.9578392505645752,1,1.317767542693502,307.8172051959862,3841.800050449935
950017,62,uav_U1,uav_U2,False,0.9977151155471802,0.9895533323287964,0.9890512228012085,0.8910587430000305,0.9947064518928528,0.9522168636322021,0,-4.4119507455964975,848.8654632767408,28820.509719694714
950017,63,uav_U1,uav_U2,False,0.9970484972000122,0.974372923374176,0.9782313108444214,0.8649057745933533,0.9976235032081604,0.9580287337303162,0,-5.030457087072314,4276.31741038833,70103.94000731624
950017,64,uav_U1,uav_U2,False,0.9973737001419067,0.9771970510482788,0.9779645204544067,0.8558719158172607,0.9979057312011719,0.9642030596733093,0,-7.500091735352451,1960.775089037817,42043.96959258215
950017,65,uav_U1,uav_U2,False,0.997194766998291,0.9747239947319031,0.9802396893501282,0.8771559000015259,0.99739009141922,0.9630128145217896,0,-3.7469257804615506,1942.5677069637643,54100.930930053175
950017,66,uav_U1,uav_U2,False,0.9974378347396851,0.9821760654449463,0.9880362749099731,0.883653998374939,0.996147096157074,0.9555680155754089,1,1.2137636060645405,445.2411062338679,8333.589800279082
950017,67,uav_U1,uav_U2,False,0.9981368184089661,0.9803639650344849,0.9875773787498474,0.8970184326171875,0.9958456158638,0.9526247978210449,1,1.2917924542045423,159.83263285806564,2251.219424694018
950017,68,uav_U1,uav_U2,False,0.9978196024894714,0.985598087310791,0.9879473447799683,0.8851444721221924,0.9963812828063965,0.9522591829299927,1,0.7173713451220913,618.204196360682,15302.807978619454
950017,69,uav_U1,uav_U2,False,0.997947633266449,0.9861383438110352,0.9868835210800171,0.8866211175918579,0.9963675737380981,0.9491807222366333,0,-4.09274459787488,895.0709497670399,28089.779449132257
950017,70,uav_U1,uav_U2,False,0.9974658489227295,0.9799233675003052,0.9847023487091064,0.8879983425140381,0.9966136813163757,0.9555044770240784,1,0.9300456296329944,760.7666697138465,16405.019238922967
950017,71,uav_U1,uav_U2,False,0.9971647262573242,0.9831745624542236,0.9858281016349792,0.8849174976348877,0.994922935962677,0.9575017690658569,0,-3.7971794791316817,1683.6202715801967,69400.26680210105
950017,72,uav_U1,uav_U2,False,0.9976063966751099,0.9843350052833557,0.9848812222480774,0.8950214385986328,0.994377076625824,0.9496253728866577,0,-4.084844043850149,3161.581292011712,135365.50395735327
950017,73,uav_U1,uav_U2,False,0.9980541467666626,0.9834538698196411,0.9877086877822876,0.8948800563812256,0.993293046951294,0.9473307132720947,1,1.305345206514035,366.3623233104398,11331.122675180253
950017,74,uav_U1,uav_U2,False,0.9981341361999512,0.9810018539428711,0.9844796657562256,0.8940993547439575,0.9964054822921753,0.9531055688858032,1,1.1857625069435365,506.40295528197345,14818.645598848016
950017,75,uav_U1,uav_U2,False,0.9971543550491333,0.980542004108429,0.9779785871505737,0.8677850365638733,0.9967175722122192,0.9585965275764465,0,-5.776362237634567,4983.207886200053,203217.13808056823
950017,76,uav_U1,uav_U2,False,0.9980533123016357,0.982611894607544,0.9875228404998779,0.8942558765411377,0.9970025420188904,0.9457935690879822,1,1.0716190106947137,703.6793065240655,22175.469459002346
950017,77,uav_U1,uav_U2,False,0.9980036020278931,0.9856182932853699,0.9869505763053894,0.8802173137664795,0.9964640736579895,0.9578182101249695,1,0.6890401162921651,325.1580702056261,6808.538002471855
950017,78,uav_U1,uav_U2,False,0.9968235492706299,0.9690607786178589,0.9691475033760071,0.8791203498840332,0.9980238676071167,0.9560796022415161,0,-5.382336014099233,3680.6260012823936,66239.231471721
950017,79,uav_U1,uav_U2,False,0.9980593919754028,0.9828677177429199,0.9876868724822998,0.9075545072555542,0.99467933177948,0.9469828009605408,0,-3.682154054404009,725.7863134500503,24694.928926097375
950017,80,uav_U1,uav_U2,False,0.9973946213722229,0.9790828824043274,0.9826533794403076,0.8735597133636475,0.9965354204177856,0.9464461803436279,0,-4.276239765640931,2110.0638906001736,45514.995819473595
950017,81,uav_U1,uav_U2,False,0.9972915649414062,0.9845655560493469,0.9899934530258179,0.913831353187561,0.9909390211105347,0.9474574327468872,1,0.6420570791902691,636.5255054060785,10307.720967705125
950017,82,uav_U1,uav_U2,False,0.9971901178359985,0.9811818599700928,0.9883907437324524,0.8951578140258789,0.9950911998748779,0.959754228591919,0,-7.500092107876726,1676.4633035756024,17497.57084481415
950017,83,uav_U1,uav_U2,False,0.9974905252456665,0.9818719625473022,0.9889669418334961,0.8947229981422424,0.9943073987960815,0.9614344835281372,1,0.7267189598119177,743.8078384078967,9595.693022464822
950017,84,uav_U1,uav_U2,False,0.9972153902053833,0.9759312272071838,0.9759279489517212,0.8756340742111206,0.9962536096572876,0.9563056826591492,0,-4.654026738403225,3334.291723658409,111888.0684240916
950017,85,uav_U1,uav_U2,False,0.9976955652236938,0.9799853563308716,0.9865288734436035,0.8917943835258484,0.9956306219100952,0.9484415650367737,0,-3.8996221249737015,1009.0610908617991,11041.42406881763
950017,86,uav_U1,uav_U2,False,0.9977688789367676,0.9805318713188171,0.9864237904548645,0.8946043848991394,0.9963806867599487,0.9594742059707642,1,1.3745258616778384,179.54762692496104,4704.70340186512
950017,87,uav_U1,uav_U2,False,0.9975508451461792,0.9681667685508728,0.9759092330932617,0.8562337160110474,0.9983347058296204,0.9568884968757629,0,-7.500092806225766,3235.263267120036,23591.39171379266
950017,88,uav_U1,uav_U2,False,0.9977318048477173,0.9784787893295288,0.9853364825248718,0.866836428642273,0.9978664517402649,0.9402775764465332,0,-7.500091918596556,5161.6645975066485,64413.60323465091
950017,89,uav_U1,uav_U2,False,0.9978713989257812,0.982546865940094,0.9855348467826843,0.8772353529930115,0.9974820017814636,0.9541490077972412,1,0.8953879977798176,377.22011728370063,3193.3284771912286
950017,90,uav_U1,uav_U2,False,0.9979438781738281,0.9849190711975098,0.9878985285758972,0.8952669501304626,0.9946830868721008,0.9585113525390625,1,1.120430942481794,391.2412014461024,12624.371563531822
950017,91,uav_U1,uav_U2,False,0.9972316026687622,0.9817087650299072,0.9878472685813904,0.8904778957366943,0.995214581489563,0.9623052477836609,0,-7.500275219298244,1578.6010510610895,30492.861435524163
950017,92,uav_U1,uav_U2,False,0.9973970651626587,0.9849050641059875,0.9846833944320679,0.8908076286315918,0.9936274290084839,0.9488365650177002,0,-5.369137439731167,1962.4274215997893,73964.40539962772
950017,93,uav_U1,uav_U2,False,0.9974564909934998,0.9819279313087463,0.9876871109008789,0.9083989858627319,0.9950132966041565,0.946974515914917,1,1.0750952259339983,751.9191497518644,17660.296135171564
950017,94,uav_U1,uav_U2,False,0.9975428581237793,0.9809269905090332,0.9876315593719482,0.8783944249153137,0.9962581396102905,0.9500480890274048,1,0.6125087053926106,465.88470923539063,8033.619223585397
950017,95,uav_U1,uav_U2,False,0.9977339506149292,0.985399603843689,0.9875035285949707,0.8942246437072754,0.9950862526893616,0.9538124799728394,1,0.5565095340610733,1404.7209159605652,50265.31361772835
950017,96,uav_U1,uav_U2,False,0.9975675344467163,0.9660885334014893,0.9801034927368164,0.8730610013008118,0.9982205629348755,0.9434366822242737,0,-5.857526774066773,2350.2044539223884,43452.930456833674
950017,97,uav_U1,uav_U2,False,0.9980100393295288,0.9762172698974609,0.9842199087142944,0.8858446478843689,0.9968358278274536,0.9435376524925232,1,1.4861143231811036,136.10300663020303,3299.8991499383064
950017,98,uav_U1,uav_U2,False,0.9977374076843262,0.9659943580627441,0.9737057685852051,0.8616411089897156,0.998090386390686,0.9462507367134094,0,-5.518665713488206,5351.931322274491,86216.78247109381
950017,99,uav_U1,uav_U2,False,0.9966824054718018,0.9764655828475952,0.954581618309021,0.8618360161781311,0.9979462027549744,0.9522535800933838,0,-7.500274885660542,9050.406293388558,188964.31429389425
950018,0,uav_U1,uav_U2,False,0.997775137424469,0.9830437898635864,0.9876237511634827,0.8770363926887512,0.996945321559906,0.9548403024673462,1,1.2438602573036548,310.58600945020567,5131.693516286691
950018,1,uav_U1,uav_U2,False,0.9969130754470825,0.9887667298316956,0.9833859205245972,0.8753841519355774,0.9964805245399475,0.961243748664856,0,-6.093078250922513,5141.564232665679,231416.26610370984
950018,2,uav_U1,uav_U2,False,0.9966655969619751,0.9824073910713196,0.9807858467102051,0.8598048686981201,0.9978052973747253,0.9612086415290833,1,1.100065107745454,216.3151545160841,3751.337553542914
950018,3,uav_U1,uav_U2,False,0.997433066368103,0.9805189967155457,0.9737155437469482,0.8503978252410889,0.9989973902702332,0.9549110531806946,0,-6.116842999851929,180.8419202323401,2854.3831738796453
950018,4,uav_U1,uav_U2,False,0.9973452091217041,0.9791175127029419,0.9778427481651306,0.8657448887825012,0.9989902377128601,0.9646832942962646,0,-3.9881361263453767,839.2569632640989,12577.699167808347
950018,5,uav_U1,uav_U2,False,0.9969770908355713,0.982434868812561,0.9823620319366455,0.866054117679596,0.9979878664016724,0.957586944103241,0,-7.5000915192580075,2018.2674675039998,52119.01575467724
950018,6,uav_U1,uav_U2,False,0.9971974492073059,0.9758578538894653,0.9714798927307129,0.851399302482605,0.9989016056060791,0.9443866610527039,0,-7.5000915967692645,2773.857584922113,59848.22371183113
950018,7,uav_U1,uav_U2,False,0.9973025321960449,0.9851917028427124,0.9861449003219604,0.8841143846511841,0.9983258843421936,0.9573887586593628,1,1.0952684774316015,467.3590046543736,9898.611828561954
950018,8,uav_U1,uav_U2,False,0.9963942766189575,0.9858401417732239,0.9870124459266663,0.882074236869812,0.9971737861633301,0.9599788784980774,1,0.8516865712994728,1122.0720006890053,17773.09397447001
950018,9,uav_U1,uav_U2,False,0.9957815408706665,0.9702863693237305,0.9606121182441711,0.852060079574585,0.9990404844284058,0.9613996744155884,0,-3.868913594406215,2692.473549790154,87945.19695724019
950018,10,uav_U1,uav_U2,False,0.9969812631607056,0.9795200228691101,0.9788417220115662,0.8614642024040222,0.9982037544250488,0.9670979976654053,1,1.203370776718943,463.7849882709903,13924.215589430998
950018,11,uav_U1,uav_U2,False,0.9957674145698547,0.9707227945327759,0.9568299651145935,0.8375672101974487,0.9993175864219666,0.9659581780433655,0,-4.23580701863391,2803.179920666398,30567.720724692535
950018,12,uav_U1,uav_U2,False,0.9972333908081055,0.9718813896179199,0.9624385237693787,0.8607484698295593,0.9987978935241699,0.9471730589866638,0,-7.121664133033901,1728.468105598237,40672.2716752463
950018,13,uav_U1,uav_U2,False,0.9970963001251221,0.9826114177703857,0.9845718145370483,0.8717018365859985,0.9983050227165222,0.9675981998443604,0,-4.305808731501989,426.14922275921907,8241.975717553101
950018,14,uav_U1,uav_U2,False,0.9963077306747437,0.9766280651092529,0.9750453233718872,0.8738073110580444,0.9987050294876099,0.9635604619979858,1,1.2952764023601617,361.38023969861683,7643.5202408694395
950018,15,uav_U1,uav_U2,False,0.9975012540817261,0.9808778166770935,0.9834747314453125,0.8858291506767273,0.9984714388847351,0.9536725878715515,0,-4.846327775259904,1804.2554979932456,36122.98140667232
950018,16,uav_U1,uav_U2,False,0.997267484664917,0.9826151132583618,0.9837355613708496,0.8619682788848877,0.9987472891807556,0.9531992077827454,0,-3.826652729961208,1164.7204082658545,14753.870873070424
950018,17,uav_U1,uav_U2,False,0.9975062608718872,0.9798682928085327,0.9809567332267761,0.8614718317985535,0.9987618923187256,0.9539288878440857,1,0.9927486426937606,778.4899991931928,15791.890764742773
950018,18,uav_U1,uav_U2,False,0.9965718388557434,0.9779223799705505,0.9709362983703613,0.837288498878479,0.9989312291145325,0.9541866779327393,0,-4.506230187962967,1799.5063272846041,37457.440123344466
950018,19,uav_U1,uav_U2,False,0.9972003698348999,0.982297420501709,0.9815744161605835,0.8772312998771667,0.9976863861083984,0.9464141130447388,1,0.5264036502184359,1343.4358936821138,16308.367253794046
950018,20,uav_U1,uav_U2,False,0.9965914487838745,0.9808851480484009,0.9770073294639587,0.8489866852760315,0.9984482526779175,0.9673082232475281,1,1.1911088508663064,387.54351959868814,9690.33806804153
950018,21,uav_U1,uav_U2,False,0.9968057870864868,0.9863064289093018,0.9845337867736816,0.8677849173545837,0.9975071549415588,0.9656011462211609,0,-3.668684562515729,1362.579683659066,59841.04359154269
950018,22,uav_U1,uav_U2,False,0.9974886178970337,0.9850614666938782,0.9809579849243164,0.8642542362213135,0.998229444026947,0.9608007073402405,0,-7.211143723361023,1234.2956769330376,46040.99436505472
950018,23,uav_U1,uav_U2,False,0.9971394538879395,0.9893108606338501,0.9848097562789917,0.8860211372375488,0.9978370070457458,0.9612759351730347,0,-7.010512109190127,3901.5138922590763,161147.66533440968
950018,24,uav_U1,uav_U2,False,0.9979772567749023,0.9818646907806396,0.9825600385665894,0.8724572658538818,0.9988841414451599,0.9554911255836487,1,1.0257774462576186,638.180182866253,19458.068376182804
950018,25,uav_U1,uav_U2,False,0.9925044178962708,0.9534085988998413,0.932290256023407,0.8511546850204468,0.9991903901100159,0.9601938128471375,0,-7.500091751473808,7377.778463996293,52318.33054204323
950018,26,uav_U1,uav_U2,False,0.9975624084472656,0.9865480065345764,0.9853677749633789,0.8643765449523926,0.9985979199409485,0.9509145021438599,1,0.8013950150150075,171.13570835853966,2515.9711143683708
950018,27,uav_U1,uav_U2,False,0.9969409704208374,0.9851065874099731,0.9846749305725098,0.8718502521514893,0.997850775718689,0.9643962383270264,0,-4.73506270670565,1399.091939682149,33482.6630053332
950018,28,uav_U1,uav_U2,False,0.9956457614898682,0.9717837572097778,0.9516518115997314,0.8411731719970703,0.9990483522415161,0.965155303478241,0,-4.540674107244893,3605.7095603247003,63685.41113648774
950018,29,uav_U1,uav_U2,False,0.9974578619003296,0.9828911423683167,0.9801175594329834,0.8579510450363159,0.9980873465538025,0.9622366428375244,1,0.5025963239376858,1431.1429051571336,50103.897051797445
950018,30,uav_U1,uav_U2,False,0.9976193308830261,0.9827145338058472,0.9857819080352783,0.8860819935798645,0.998315155506134,0.9507227540016174,1,0.9786814157215498,864.7150308751903,12293.476595044991
950018,31,uav_U1,uav_U2,False,0.9959940910339355,0.9773802161216736,0.9841495752334595,0.8868606090545654,0.9983432292938232,0.9591255784034729,0,-4.612496742325712,1740.6210485390386,10929.000801489457
950018,32,uav_U1,uav_U2,False,0.996261477470398,0.9720157980918884,0.9702396988868713,0.8371126651763916,0.9991698265075684,0.9613485336303711,0,-4.302097176082198,1663.2511779721872,29762.08947783904
950018,33,uav_U1,uav_U2,False,0.9968430995941162,0.9787312150001526,0.9781115055084229,0.8735026717185974,0.9984250664710999,0.9628426432609558,1,0.5494864444042336,1369.5580117109075,29141.12307126131
950018,34,uav_U1,uav_U2,False,0.9974058866500854,0.9844372272491455,0.9837688207626343,0.8716004490852356,0.9981426000595093,0.9590933918952942,1,1.13148085686953,611.9581305112137,16100.219365616704
950018,35,uav_U1,uav_U2,False,0.9959721565246582,0.9756593108177185,0.958389163017273,0.8601417541503906,0.998504638671875,0.9566184282302856,0,-7.500091418338503,2939.4899350869046,71043.5653702738
950018,36,uav_U1,uav_U2,False,0.9969507455825806,0.983069896697998,0.9852375388145447,0.8640683889389038,0.9986445307731628,0.9602496027946472,1,0.9908278235332764,864.9266529739696,6484.481171882554
950018,37,uav_U1,uav_U2,False,0.9973689317703247,0.9826698899269104,0.9842292070388794,0.8658602833747864,0.99874347448349,0.9620500802993774,0,-3.7211865146797223,2011.141775875672,15006.918071014165
950018,38,uav_U1,uav_U2,False,0.9969731569290161,0.976148247718811,0.9740197658538818,0.841242790222168,0.9987097978591919,0.9450070858001709,0,-3.7380549144781954,1121.5947416659653,23771.628881374923
950018,39,uav_U1,uav_U2,False,0.9977779388427734,0.982613205909729,0.9814187288284302,0.8756736516952515,0.9986353516578674,0.9597957134246826,0,-3.670698598035135,1306.397069789257,21879.840385073803
950018,40,uav_U1,uav_U2,False,0.9967924356460571,0.9793089628219604,0.9829386472702026,0.8682005405426025,0.9987508058547974,0.9610718488693237,1,1.0289300396611678,197.33989766174446,3533.883079145409
950018,41,uav_U1,uav_U2,False,0.9955027103424072,0.9692087769508362,0.9616938829421997,0.8268119692802429,0.9991527795791626,0.9557712078094482,0,-5.922332387316688,4253.845122384106,48924.79225751103
950018,42,uav_U1,uav_U2,False,0.9970862865447998,0.9791043996810913,0.9600722789764404,0.8521850109100342,0.9984058737754822,0.9503457546234131,0,-7.500091429815053,3668.103863435599,150031.1828730229
950018,43,uav_U1,uav_U2,False,0.9968670606613159,0.969196081161499,0.9679063558578491,0.858443558216095,0.9988783597946167,0.9560105204582214,1,1.2625107646979423,2372.1430512768106,54096.83500308665
950018,44,uav_U1,uav_U2,False,0.9973530769348145,0.9742156267166138,0.9801592826843262,0.8658297061920166,0.9986005425453186,0.9463747143745422,1,1.4951970458169948,47.983532481255544,668.2191531805825
950018,45,uav_U1,uav_U2,False,0.9978638291358948,0.98027503490448,0.9834491014480591,0.8867738842964172,0.9975570440292358,0.9385632872581482,1,0.9555983897816609,542.6768687163748,11520.059165433759
950018,46,uav_U1,uav_U2,False,0.9971846342086792,0.9822770357131958,0.9819623231887817,0.8687063455581665,0.9983483552932739,0.9570730924606323,1,1.0348338524183167,763.65213136578,12243.420076824345
950018,47,uav_U1,uav_U2,False,0.9973556399345398,0.9806160926818848,0.9800138473510742,0.8522673845291138,0.9987733364105225,0.9630230665206909,1,1.321454844252544,229.66969702160767,6067.1062593370625
950018,48,uav_U1,uav_U2,False,0.9971612095832825,0.9754893183708191,0.9660338759422302,0.8599568009376526,0.9987702369689941,0.9525036811828613,0,-4.031679875758118,2354.0510904892562,52032.222578746485
950018,49,uav_U1,uav_U2,False,0.9977704286575317,0.983676552772522,0.978996753692627,0.8645457625389099,0.9988202452659607,0.9597234725952148,1,1.0670984000742585,727.5530092190281,11489.623321186866
950018,50,uav_U1,uav_U2,False,0.9970207214355469,0.9819198250770569,0.97950279712677,0.854284405708313,0.9987578392028809,0.964145839214325,1,1.2942250660075556,378.0453414575866,5081.052733083827
950018,51,uav_U1,uav_U2,False,0.9969933032989502,0.978236198425293,0.97413170337677,0.844047486782074,0.9991564750671387,0.945569634437561,0,-4.798614161962915,3011.064590519311,65171.57941382347
950018,52,uav_U1,uav_U2,False,0.99724280834198,0.9835388660430908,0.983417809009552,0.8799124956130981,0.9977357387542725,0.9621233344078064,1,0.6474911406395336,854.1216925102897,10967.47268591434
950018,53,uav_U1,uav_U2,False,0.9974702596664429,0.978148341178894,0.9794949293136597,0.8586721420288086,0.9987354278564453,0.9518916606903076,0,-6.888147183733721,219.40712820110016,1701.031090800557
950018,54,uav_U1,uav_U2,False,0.996878981590271,0.9844343662261963,0.9836215972900391,0.8842968940734863,0.9969087839126587,0.9626716375350952,0,-3.703571581901116,1474.2632004918864,52886.772012321606
950018,55,uav_U1,uav_U2,False,0.996371865272522,0.9790166616439819,0.9691528677940369,0.8504526019096375,0.9986683130264282,0.9594255685806274,0,-4.235809969395565,1989.133481349184,55173.635780595825
950018,56,uav_U1,uav_U2,False,0.9976993799209595,0.9831362366676331,0.983466625213623,0.8713089227676392,0.9982441663742065,0.9536802768707275,1,1.1718270343572113,187.00632911616364,4713.442647840645
950018,57,uav_U1,uav_U2,False,0.997352123260498,0.9798023104667664,0.9821914434432983,0.8747090101242065,0.9985975623130798,0.9534009695053101,0,-3.6781304920530093,596.0873890666087,5851.604316207552
950018,58,uav_U1,uav_U2,False,0.9977471828460693,0.9787114858627319,0.9804803133010864,0.8554592728614807,0.9988723397254944,0.9492695927619934,1,1.4129205607183353,145.35571022078764,1766.0923196642523
950018,59,uav_U1,uav_U2,False,0.9970142841339111,0.9753944277763367,0.9634689092636108,0.8462250232696533,0.9985179305076599,0.9485145807266235,1,0.6454232536057736,1303.0897818937792,30639.467655349625
950018,60,uav_U1,uav_U2,False,0.997086763381958,0.980607271194458,0.9840644598007202,0.9002383947372437,0.9972883462905884,0.9408450126647949,1,0.9161962967617545,1016.2422958602133,15772.74321880343
950018,61,uav_U1,uav_U2,False,0.9977569580078125,0.9852584600448608,0.9841314554214478,0.8662376999855042,0.9976770281791687,0.9456830620765686,0,-4.007710668070963,1314.6438061114814,42600.63842290954
950018,62,uav_U1,uav_U2,False,0.9978775978088379,0.984688937664032,0.9837825894355774,0.8743793964385986,0.9985035061836243,0.9561736583709717,0,-7.250755498891872,1097.4033591936002,38700.83473555681
950018,63,uav_U1,uav_U2,False,0.9977669715881348,0.9788566827774048,0.9815542101860046,0.8673371076583862,0.9986820816993713,0.9430814385414124,1,1.4208785512641968,153.23840454339788,3201.483530407362
950018,64,uav_U1,uav_U2,False,0.9970673322677612,0.9838478565216064,0.9830145835876465,0.8703069686889648,0.9983853101730347,0.9672579169273376,1,0.6979729705854762,647.963853978381,17018.67991873036
950018,65,uav_U1,uav_U2,False,0.9975003004074097,0.9824023246765137,0.9865549802780151,0.8875834941864014,0.9968463182449341,0.9509533643722534,1,1.304499063572103,389.8411726152285,7083.181195834548
950018,66,uav_U1,uav_U2,False,0.9963155388832092,0.9753158688545227,0.9859882593154907,0.8912526369094849,0.9980271458625793,0.9382628202438354,0,-3.921853329133896,2294.722619264235,20087.938022131762
950018,67,uav_U1,uav_U2,False,0.9978013634681702,0.9834697246551514,0.9852257370948792,0.872512936592102,0.9974139928817749,0.9404844045639038,0,-5.4950827524461054,1991.6691100010432,65193.77409074197
950018,68,uav_U1,uav_U2,False,0.9979926347732544,0.9803900122642517,0.9816921353340149,0.8741599321365356,0.997786283493042,0.9442796111106873,0,-3.693285022421806,482.05014319697506,18673.06696056796
950018,69,uav_U1,uav_U2,False,0.9959771633148193,0.9675608277320862,0.9519867897033691,0.8489192724227905,0.9988871216773987,0.9573456645011902,0,-4.254718756893848,3368.884249264804,61112.76722244165
950018,70,uav_U1,uav_U2,False,0.9964166879653931,0.9718406200408936,0.9610711336135864,0.840277910232544,0.9991396069526672,0.9424155950546265,0,-4.526647499943273,2521.035103733396,30089.46074434255
950018,71,uav_U1,uav_U2,False,0.9976294040679932,0.9800543189048767,0.9856976866722107,0.8803891539573669,0.9986193180084229,0.9347197413444519,1,0.9806451939474712,468.89447384436215,7481.920050627742
950018,72,uav_U1,uav_U2,False,0.9974043965339661,0.9836133718490601,0.9828665256500244,0.8708101511001587,0.9984179735183716,0.9468489289283752,1,1.0044661820979863,983.451940752902,14204.782935696898
950018,73,uav_U1,uav_U2,False,0.9976488351821899,0.9750744700431824,0.9801775217056274,0.8633588552474976,0.9979242086410522,0.9507423043251038,1,1.0172982621975932,167.94827793696948,3949.8660617520068
950018,74,uav_U1,uav_U2,False,0.9974246025085449,0.9799033403396606,0.9806200265884399,0.8621485233306885,0.9988460540771484,0.9655379056930542,0,-4.340037082536796,535.4240707499052,8921.590022036313
950018,75,uav_U1,uav_U2,False,0.9976909160614014,0.984291136264801,0.982978343963623,0.8733226656913757,0.9980556964874268,0.9431400299072266,1,1.3202015165964163,241.3461565510588,5483.937421392677
950018,76,uav_U1,uav_U2,False,0.9968961477279663,0.9772711396217346,0.9757727384567261,0.851540207862854,0.9987145662307739,0.9651774764060974,1,1.0811839778346823,823.6308503158289,17368.21399282966
950018,77,uav_U1,uav_U2,False,0.996640682220459,0.9737366437911987,0.985436737537384,0.8861759901046753,0.9981643557548523,0.9368130564689636,1,0.570005871438821,933.6217286937493,8243.767167287911
950018,78,uav_U1,uav_U2,False,0.9964812994003296,0.9685250520706177,0.9686645269393921,0.8470385074615479,0.9988772869110107,0.9330762028694153,0,-7.500092360454056,4852.191696352087,36786.00877179065
950018,79,uav_U1,uav_U2,False,0.996566891670227,0.971261203289032,0.9615375995635986,0.8438939452171326,0.9988528490066528,0.9562299847602844,0,-7.500091554790688,1981.4821022913998,42703.75693566935
950018,80,uav_U1,uav_U2,False,0.9958103895187378,0.9667774438858032,0.9580159187316895,0.8254523873329163,0.9990420937538147,0.953741192817688,0,-4.592708994276525,2416.973202034839,45251.06050927982
950018,81,uav_U1,uav_U2,False,0.9973174929618835,0.9793616533279419,0.9762612581253052,0.8535592555999756,0.998810887336731,0.9636353850364685,1,1.2108875817948952,475.15017646696634,12467.661042245443
950018,82,uav_U1,uav_U2,False,0.9972066879272461,0.9818678498268127,0.9805617332458496,0.8526660799980164,0.9986646175384521,0.9602677226066589,0,-3.666736197785817,932.148871238412,16437.12251406748
950018,83,uav_U1,uav_U2,False,0.9973543286323547,0.9821076393127441,0.984402596950531,0.8829343318939209,0.9965453743934631,0.9521235823631287,1,0.8737133983091188,563.575484037022,14884.927618639396
950018,84,uav_U1,uav_U2,False,0.9979281425476074,0.9798873662948608,0.9828903675079346,0.8623172044754028,0.9984886646270752,0.9302491545677185,1,1.3927581941231264,170.47544615200079,2843.530985867004
950018,85,uav_U1,uav_U2,False,0.9975602626800537,0.9818873405456543,0.9802020192146301,0.8725272417068481,0.9980237483978271,0.9477248787879944,1,0.6034897900195817,381.8743104759793,10909.696133650208
950018,86,uav_U1,uav_U2,False,0.9971441030502319,0.9782639741897583,0.9838513135910034,0.8864181041717529,0.997627854347229,0.9390842318534851,1,0.8509150138712682,754.7791594684844,13059.201552399805
950018,87,uav_U1,uav_U2,False,0.9974124431610107,0.9788132905960083,0.9805043935775757,0.846853494644165,0.9987040758132935,0.9507055878639221,1,0.979507985712972,339.30082139680144,5288.571301659537
950018,88,uav_U1,uav_U2,False,0.9974458813667297,0.9768700003623962,0.9811460375785828,0.8403844833374023,0.9988868832588196,0.9394740462303162,1,1.2626539694285772,402.6201238202236,5574.2598209925545
950018,89,uav_U1,uav_U2,False,0.9975466728210449,0.9802546501159668,0.9847390651702881,0.863120436668396,0.9982033967971802,0.9530190229415894,1,1.0190343110163793,360.6554988867018,8807.608586517774
950018,90,uav_U1,uav_U2,False,0.9977664947509766,0.9807608127593994,0.9871516227722168,0.8811570405960083,0.9977477192878723,0.9352335333824158,1,0.6805732524344654,1156.0819028505416,37859.988038984
950018,91,uav_U1,uav_U2,False,0.9975780844688416,0.9642298221588135,0.9701688289642334,0.8401467800140381,0.9988129138946533,0.9170271158218384,1,0.7318940684099273,748.8136965263682,13100.128747345772
950018,92,uav_U1,uav_U2,False,0.9974958896636963,0.9856634736061096,0.9853380918502808,0.8916127681732178,0.9974700212478638,0.9427375793457031,0,-4.302232588624954,2879.8214701413085,117257.59359797895
950018,93,uav_U1,uav_U2,False,0.9973676204681396,0.9838424921035767,0.9840505719184875,0.8665964603424072,0.9977352619171143,0.9595974683761597,1,1.3213988039898414,244.02257433278442,6331.922958727063
950018,94,uav_U1,uav_U2,False,0.9957261085510254,0.9632815718650818,0.9475672245025635,0.8291077613830566,0.9989547729492188,0.9547688961029053,0,-5.735444399656192,4128.31035666211,80038.36170147742
950018,95,uav_U1,uav_U2,False,0.9945197105407715,0.9606049060821533,0.9567217230796814,0.8396391868591309,0.9989438652992249,0.9539021849632263,0,-4.980918319876954,4765.668988925866,87390.26551489357
950018,96,uav_U1,uav_U2,False,0.996207594871521,0.946017861366272,0.964159369468689,0.8575268387794495,0.9988093972206116,0.90257328748703,0,-6.506563078123391,4611.449003313831,142552.40152345967
950018,97,uav_U1,uav_U2,False,0.9974877238273621,0.9814833998680115,0.9862995147705078,0.8850104212760925,0.997994065284729,0.9390857219696045,1,0.6802457009554377,1407.3591638051093,9755.287701103061
950018,98,uav_U1,uav_U2,False,0.9961262941360474,0.9575773477554321,0.962436318397522,0.8271505832672119,0.9988924860954285,0.9484677910804749,0,-3.571125626519231,1415.9070337946537,26015.012349463796
950018,99,uav_U1,uav_U2,False,0.9971683025360107,0.9789974093437195,0.9814475774765015,0.8667335510253906,0.9974716901779175,0.9521802663803101,1,1.2727799289089174,275.9608703489917,5426.742728976411
950019,0,uav_U1,uav_U2,False,0.9973537921905518,0.9808563590049744,0.9880331754684448,0.895626425743103,0.9912257790565491,0.9457828998565674,1,1.492263954388774,77.31453109083229,1121.9128765160176
950019,1,uav_U1,uav_U2,False,0.9978326559066772,0.986870288848877,0.9877240061759949,0.8810076713562012,0.9971146583557129,0.9597013592720032,1,1.2494640130894181,437.77511158532093,3677.4926983538903
950019,2,uav_U1,uav_U2,False,0.9979351758956909,0.985603928565979,0.9878538846969604,0.8833979368209839,0.9960632920265198,0.9601792693138123,1,1.1859364334100064,210.0469809967994,3460.645586341806
950019,3,uav_U1,uav_U2,False,0.9979939460754395,0.9897499084472656,0.9885678291320801,0.887542724609375,0.9960777163505554,0.9527150988578796,1,1.4742108775428016,46.17802418825791,959.0908019992228
950019,4,uav_U1,uav_U2,False,0.9979473352432251,0.9864944219589233,0.986601710319519,0.8795586228370667,0.996498167514801,0.957792341709137,1,1.1021104344709522,558.1101724081782,10276.07575157452
950019,5,uav_U1,uav_U2,False,0.9977375268936157,0.9874903559684753,0.9872707724571228,0.880599319934845,0.9964732527732849,0.9629001617431641,1,1.0870970878326731,412.39835252671264,9615.893876662009
950019,6,uav_U1,uav_U2,False,0.9980692863464355,0.9877586960792542,0.9892222881317139,0.8983112573623657,0.9951131939888,0.9554157853126526,1,1.3103946402700741,193.30394520645652,6002.763078813773
950019,7,uav_U1,uav_U2,False,0.9972296357154846,0.9821758270263672,0.976939857006073,0.8839702606201172,0.9956035614013672,0.9569615125656128,0,-7.500091452491256,7289.303586603092,293609.68075649865
950019,8,uav_U1,uav_U2,False,0.998191237449646,0.9856910705566406,0.9873911142349243,0.8876455426216125,0.9966045022010803,0.9648464918136597,0,-5.834947392065017,987.1173027368959,39104.057490736806
950019,9,uav_U1,uav_U2,False,0.9974817633628845,0.9874547719955444,0.9883148670196533,0.8901689648628235,0.9930158853530884,0.9607691764831543,1,1.0485316842747667,334.01867922095903,6967.046843799324
950019,10,uav_U1,uav_U2,False,0.9968636631965637,0.9849977493286133,0.9884064793586731,0.9027508497238159,0.9931095838546753,0.9537935853004456,0,-5.692413472280349,734.2340160265805,12610.397297279176
950019,11,uav_U1,uav_U2,False,0.9972119331359863,0.9852920770645142,0.9868796467781067,0.8904346227645874,0.9922651052474976,0.9548267722129822,1,0.8892399414984893,865.927669268879,17247.255874125294
950019,12,uav_U1,uav_U2,False,0.9979015588760376,0.9867268204689026,0.9864192008972168,0.8881059288978577,0.9955947995185852,0.9584397077560425,1,1.2137624132949691,271.26630957407536,7777.830266454774
950019,13,uav_U1,uav_U2,False,0.9974336624145508,0.984887957572937,0.9837899208068848,0.8737616539001465,0.9980389475822449,0.9643634557723999,0,-4.5984707470042245,2740.483184784427,70969.34291202466
950019,14,uav_U1,uav_U2,False,0.9973405599594116,0.9834180474281311,0.9859299659729004,0.8778969645500183,0.9966955780982971,0.9564724564552307,0,-5.574981984075508,3533.047853949417,25219.44009476039
950019,15,uav_U1,uav_U2,False,0.9976328611373901,0.9851937294006348,0.9871158599853516,0.8774804472923279,0.9964298009872437,0.9665943384170532,1,0.752055571374882,555.6545491364337,12426.04232051203
950019,16,uav_U1,uav_U2,False,0.9976069927215576,0.9777063131332397,0.984365701675415,0.8871257305145264,0.9969645738601685,0.9474359750747681,0,-5.174885011105431,1923.1762319935535,27727.46478830644
950019,17,uav_U1,uav_U2,False,0.9980700016021729,0.9826803207397461,0.9785125851631165,0.8738758563995361,0.9971368312835693,0.9527133107185364,0,-7.500091728965911,2301.7960096682796,62964.257478872816
950019,18,uav_U1,uav_U2,False,0.9977385997772217,0.9821178317070007,0.9863868951797485,0.897480309009552,0.9962969422340393,0.9485571384429932,1,0.9705056395878975,557.4607264197172,7999.848240627423
950019,19,uav_U1,uav_U2,False,0.9980627298355103,0.9876360893249512,0.9877407550811768,0.8891736268997192,0.9966875910758972,0.9529029130935669,0,-3.6492968465769717,638.958002106477,14561.13506511387
950019,20,uav_U1,uav_U2,False,0.9972347617149353,0.980879545211792,0.9736763834953308,0.8825638294219971,0.9974849224090576,0.962428867816925,0,-6.290346943071558,7197.695102888407,257466.65389834507
950019,21,uav_U1,uav_U2,False,0.9971531629562378,0.9832118153572083,0.9883283972740173,0.9067498445510864,0.9892979860305786,0.956963062286377,0,-3.6685955433049324,365.74170660443747,7324.4541104054915
950019,22,uav_U1,uav_U2,False,0.9976934194564819,0.9789160490036011,0.9795583486557007,0.8605566024780273,0.9981598258018494,0.9591510891914368,0,-7.500091826871738,3889.354500733212,66678.56379653505
950019,23,uav_U1,uav_U2,False,0.9979451894760132,0.9874000549316406,0.9872313141822815,0.8922451734542847,0.9957199096679688,0.9607157707214355,1,1.277410564289835,254.98242688746785,7607.369193150894
950019,24,uav_U1,uav_U2,False,0.9972743988037109,0.9868739247322083,0.986689567565918,0.8831489086151123,0.994531512260437,0.9505746960639954,1,1.2306319749151946,419.26327982855565,10247.423228081867
950019,25,uav_U1,uav_U2,False,0.9976701140403748,0.980027437210083,0.977383017539978,0.8693669438362122,0.9973161816596985,0.9701526165008545,0,-4.076911735988831,2904.502724201182,99580.97750676474
950019,26,uav_U1,uav_U2,False,0.9976460933685303,0.984732985496521,0.9885686635971069,0.8948579430580139,0.9945970773696899,0.9634808301925659,1,0.8937158214297369,163.06575766485165,3335.7437097171714
950019,27,uav_U1,uav_U2,False,0.9979167580604553,0.9878783226013184,0.9887071847915649,0.902479350566864,0.995341420173645,0.9560301303863525,1,1.1378196578154618,259.61746899622665,5280.296604667475
950019,28,uav_U1,uav_U2,False,0.9978331923484802,0.9805992841720581,0.9859377145767212,0.8638249039649963,0.9979494214057922,0.9424787163734436,0,-4.086258524887435,2991.5076671191246,14205.909699906955
950019,29,uav_U1,uav_U2,False,0.9969971179962158,0.9789218902587891,0.9812864065170288,0.880765974521637,0.9979045391082764,0.96198970079422,0,-4.054486981315566,2045.5841610621287,35235.04599519536
950019,30,uav_U1,uav_U2,False,0.9975669384002686,0.9804472923278809,0.9797095060348511,0.8849669694900513,0.9975154399871826,0.9589310884475708,0,-6.432236191183864,4046.176725557469,99111.52518963211
950019,31,uav_U1,uav_U2,False,0.9974416494369507,0.9882646799087524,0.9883348345756531,0.892390251159668,0.9938111901283264,0.953776478767395,0,-4.503986409035361,723.4060131235765,19675.214297248727
950019,32,uav_U1,uav_U2,False,0.9973806142807007,0.9738966822624207,0.9784605503082275,0.8751602172851562,0.9975422620773315,0.9602176547050476,0,-6.604671292935241,4104.57895251468,40162.88687810746
950019,33,uav_U1,uav_U2,False,0.9975765943527222,0.9845638275146484,0.9870558977127075,0.8884670734405518,0.9942731261253357,0.9553907513618469,1,0.5799787381343666,1401.9728531300616,47526.12279188262
950019,34,uav_U1,uav_U2,False,0.9967384338378906,0.969793975353241,0.9749720096588135,0.8799049258232117,0.9977662563323975,0.9574592113494873,0,-5.4511261580235475,3576.653261518273,37131.96097859
950019,35,uav_U1,uav_U2,False,0.9935212135314941,0.9726011753082275,0.9521670341491699,0.8714199662208557,0.9974035024642944,0.9460095167160034,0,-4.573146934391872,20728.745990630032,802467.8223892172
950019,36,uav_U1,uav_U2,False,0.9979300498962402,0.9833462834358215,0.9803739786148071,0.8554820418357849,0.9983983635902405,0.9596287608146667,1,0.7605295739857056,1407.0373947411906,28279.55855972075
950019,37,uav_U1,uav_U2,False,0.9981446862220764,0.9872815012931824,0.9902771711349487,0.8977274894714355,0.9965358972549438,0.9421064257621765,1,1.4381258368349916,99.16078627935907,2701.332403413193
950019,38,uav_U1,uav_U2,False,0.9980860948562622,0.9851385951042175,0.9868439435958862,0.8895683288574219,0.9957291483879089,0.9510530829429626,1,1.2697963696676884,459.0731033275386,11127.441833670338
950019,39,uav_U1,uav_U2,False,0.9978303909301758,0.9809935688972473,0.9830834865570068,0.879098653793335,0.9969412684440613,0.9608597159385681,0,-4.034714629060608,1169.3818332851708,9270.351347922531
950019,40,uav_U1,uav_U2,False,0.9976218938827515,0.9867856502532959,0.9895981550216675,0.9023957848548889,0.9926228523254395,0.9579418897628784,1,1.1172143233572442,344.80712961665193,5935.5130818759535
950019,41,uav_U1,uav_U2,False,0.9978211522102356,0.9866377115249634,0.987515926361084,0.8877101540565491,0.994192898273468,0.9590430855751038,0,-3.520039691968608,522.2133019290118,10163.848952217255
950019,42,uav_U1,uav_U2,False,0.9970898032188416,0.985238254070282,0.9887039661407471,0.8967130184173584,0.9923708438873291,0.9490145444869995,1,0.634687036347664,1451.840561888136,14616.423715473045
950019,43,uav_U1,uav_U2,False,0.9975122213363647,0.9815971851348877,0.9813372492790222,0.8607414364814758,0.9980351328849792,0.9649290442466736,0,-5.185064546171763,2491.6547589214597,51763.33923025153
950019,44,uav_U1,uav_U2,False,0.9974571466445923,0.9839259386062622,0.9898606538772583,0.8981679677963257,0.9933544993400574,0.9643778204917908,1,0.8578018630973225,809.0542953781382,26422.470633584973
950019,45,uav_U1,uav_U2,False,0.9976823925971985,0.9885188341140747,0.9901065826416016,0.8937491178512573,0.9955559372901917,0.9518351554870605,0,-5.7174574693919435,752.8635538033104,12347.887839966314
950019,46,uav_U1,uav_U2,False,0.9980555772781372,0.9864792823791504,0.9873354434967041,0.9018482565879822,0.9951640367507935,0.9566605091094971,0,-3.7103424575441935,418.74679175977565,16670.533855488877
950019,47,uav_U1,uav_U2,False,0.9976725578308105,0.976071834564209,0.9792733788490295,0.857336163520813,0.9980666041374207,0.9673965573310852,0,-6.423504876375477,1910.7020963894438,30473.764637439446
950019,48,uav_U1,uav_U2,False,0.9975736141204834,0.9855173230171204,0.989288330078125,0.900314211845398,0.9955808520317078,0.9454194903373718,1,1.3823660761025403,232.49831926309733,4837.536937167258
950019,49,uav_U1,uav_U2,False,0.9978845715522766,0.9835678935050964,0.9818775653839111,0.8696401715278625,0.9982759952545166,0.9633097648620605,0,-6.150624251376174,2668.53916675568,49136.774026864165
950019,50,uav_U1,uav_U2,False,0.9973458051681519,0.985753059387207,0.9864917993545532,0.8887808918952942,0.9929952025413513,0.9487566351890564,0,-4.522307991118112,1573.2842007912934,27357.097088059254
950019,51,uav_U1,uav_U2,False,0.9977374076843262,0.9840625524520874,0.9844964742660522,0.8890597820281982,0.9952936172485352,0.9531677961349487,1,0.732744260315622,1046.4117565060114,28217.272444965496
950019,52,uav_U1,uav_U2,False,0.9979248642921448,0.9773145318031311,0.9799449443817139,0.8615863919258118,0.9975982308387756,0.9611929655075073,0,-7.09112342965422,1482.9031918731298,30618.882274053
950019,53,uav_U1,uav_U2,False,0.997597336769104,0.9835986495018005,0.9863721132278442,0.8954766392707825,0.9946749210357666,0.9528306722640991,1,0.8691427342427591,586.6119729263556,14036.64894993572
950019,54,uav_U1,uav_U2,False,0.9981571435928345,0.9851510524749756,0.9868228435516357,0.8932604193687439,0.9952428936958313,0.9598784446716309,0,-5.801707027792389,752.7683033582692,27050.812911870464
950019,55,uav_U1,uav_U2,False,0.9979715347290039,0.9847984313964844,0.9888765811920166,0.9060226678848267,0.9948562383651733,0.952538013458252,0,-7.5000915902550735,1986.7294294210462,79836.56957435863
950019,56,uav_U1,uav_U2,False,0.9977862238883972,0.9785609245300293,0.9887584447860718,0.8952870965003967,0.996248185634613,0.9539011716842651,1,1.0722851901039816,762.0246495872582,31000.111993715356
950019,57,uav_U1,uav_U2,False,0.9977142214775085,0.9869159460067749,0.9869394898414612,0.8986825346946716,0.9920496344566345,0.9445838928222656,0,-7.500274746135784,1771.8798379936952,58126.617257392274
950019,58,uav_U1,uav_U2,False,0.9978706240653992,0.9854740500450134,0.9881840348243713,0.8921477198600769,0.9958921670913696,0.9538885951042175,0,-3.8620645162330067,1435.51865215666,14651.00836410384
950019,59,uav_U1,uav_U2,False,0.9969288110733032,0.965303897857666,0.9715375900268555,0.8577356934547424,0.9984391331672668,0.931145966053009,1,0.5866998826493726,9130.224101715581,61388.88310934647
950019,60,uav_U1,uav_U2,False,0.9979610443115234,0.9804976582527161,0.9882826805114746,0.8852633237838745,0.9972884058952332,0.958180844783783,1,0.8747937628539224,843.2786333272629,8639.271975279216
950019,61,uav_U1,uav_U2,False,0.9973111748695374,0.9812871217727661,0.9876930713653564,0.8982983827590942,0.9948135614395142,0.9525548219680786,1,0.5080787144669106,1427.2420658538033,12883.062080446765
950019,62,uav_U1,uav_U2,False,0.9980182647705078,0.9862576127052307,0.9889310598373413,0.8843448758125305,0.9961313009262085,0.9448058009147644,0,-6.020290288003672,1527.7662081726298,51709.03956518938
950019,63,uav_U1,uav_U2,False,0.9976751804351807,0.9843803644180298,0.9879391193389893,0.9000900387763977,0.9963822364807129,0.958169162273407,1,1.2369506469276832,458.0716221984383,6543.877665244297
950019,64,uav_U1,uav_U2,False,0.9975601434707642,0.9743095636367798,0.9770225882530212,0.87211674451828,0.9977149367332458,0.9604488611221313,0,-6.002048515419821,5000.794037954325,83488.8148553006
950019,65,uav_U1,uav_U2,False,0.9977734088897705,0.9744114279747009,0.9841678142547607,0.9014625549316406,0.9963422417640686,0.9484834671020508,1,0.854848999558057,1070.7983444085103,25349.13511022183
950019,66,uav_U1,uav_U2,False,0.9976047277450562,0.9861735105514526,0.9870060682296753,0.8752679824829102,0.9950527548789978,0.9525125026702881,1,0.8810262205369637,304.48997015535355,6729.7050314969665
950019,67,uav_U1,uav_U2,False,0.9971736669540405,0.9760833382606506,0.9819742441177368,0.86036217212677,0.9967778921127319,0.9619891047477722,0,-5.730683285022701,1783.2866503446094,55724.69150147289
950019,68,uav_U1,uav_U2,False,0.9979732036590576,0.9844558238983154,0.9877403974533081,0.8871246576309204,0.995681881904602,0.9537903070449829,1,0.6703823751874134,667.7683864108546,20451.177190822767
950019,69,uav_U1,uav_U2,False,0.997412919998169,0.9787544012069702,0.9776813983917236,0.8574283719062805,0.9979875087738037,0.9598881006240845,0,-7.500091957671645,2759.05628277326,39104.70790538109
950019,70,uav_U1,uav_U2,False,0.9976531267166138,0.9821699857711792,0.9849473834037781,0.8869972229003906,0.9957702159881592,0.9493135809898376,0,-4.357464789733633,1554.6213249405366,45207.2751783684
950019,71,uav_U1,uav_U2,False,0.9979873895645142,0.9855709671974182,0.9887439608573914,0.876299262046814,0.9960322976112366,0.9580009579658508,1,1.3746072528805808,159.13228854136065,4157.413430372639
950019,72,uav_U1,uav_U2,False,0.99769127368927,0.98585045337677,0.9858711361885071,0.9012052416801453,0.990297257900238,0.9434778094291687,0,-4.35556462126159,2037.3094638470843,89594.03978708126
950019,73,uav_U1,uav_U2,False,0.9976236820220947,0.9807542562484741,0.9863080978393555,0.8927475214004517,0.9946783781051636,0.9409708976745605,0,-4.271518074847363,1624.3973339120396,14046.483800780761
950019,74,uav_U1,uav_U2,False,0.9973335862159729,0.9820539951324463,0.9892975091934204,0.8961130976676941,0.9911304712295532,0.9392773509025574,0,-6.0477930222550675,1624.8469139237359,13143.837340117656
950019,75,uav_U1,uav_U2,False,0.9974356889724731,0.9837428331375122,0.9891600012779236,0.8819394707679749,0.9947295784950256,0.9443845748901367,1,1.094245072769893,741.1451871091548,5629.0441231409895
950019,76,uav_U1,uav_U2,False,0.9973189830780029,0.9794282913208008,0.9869557619094849,0.8948652148246765,0.9929976463317871,0.954595148563385,0,-4.5017368397006825,2454.0169383629514,49351.92772274133
950019,77,uav_U1,uav_U2,False,0.9974209070205688,0.9810211658477783,0.9753711223602295,0.8687096834182739,0.9970123767852783,0.9571644067764282,0,-6.215560427042495,2990.952431421694,91920.73139478681
950019,78,uav_U1,uav_U2,False,0.9978150725364685,0.9800072908401489,0.9873907566070557,0.9013593792915344,0.9953797459602356,0.9390895366668701,1,1.2838242717836923,361.5083079917583,6111.8417876187395
950019,79,uav_U1,uav_U2,False,0.9976493120193481,0.9774954319000244,0.9859806895256042,0.8816148042678833,0.9965353608131409,0.9599688649177551,1,1.3118769059916096,300.4732092057793,3169.0288125789866
950019,80,uav_U1,uav_U2,False,0.9980900287628174,0.9776195287704468,0.9825361371040344,0.8683034181594849,0.9973969459533691,0.9536517262458801,1,0.6119858522402888,1217.3416379610371,34188.22867422762
950019,81,uav_U1,uav_U2,False,0.9963449239730835,0.9668087959289551,0.9733814001083374,0.8467927575111389,0.9977251887321472,0.9343701004981995,1,1.028471266396148,4712.545231040928,130651.34190148811
950019,82,uav_U1,uav_U2,False,0.9981309175491333,0.9820795655250549,0.9879910349845886,0.8787362575531006,0.9958465695381165,0.9405034184455872,1,0.8078091499513573,254.69242125108522,4848.974533903481
950019,83,uav_U1,uav_U2,False,0.9981557130813599,0.9808244705200195,0.9784760475158691,0.8701015710830688,0.9976348876953125,0.9503917694091797,0,-7.500091831764921,1834.0738368001578,42200.37420360926
950019,84,uav_U1,uav_U2,False,0.9981755018234253,0.9861975312232971,0.9871628284454346,0.8899433016777039,0.9963045120239258,0.9615936279296875,1,0.8343720842970466,380.68654805914764,6583.544266735481
950019,85,uav_U1,uav_U2,False,0.9975692629814148,0.9794918894767761,0.9776978492736816,0.8738868236541748,0.9978734850883484,0.9629295468330383,0,-5.37327837317716,3554.1317131991814,54852.320342141
950019,86,uav_U1,uav_U2,False,0.9981880187988281,0.9826289415359497,0.9866729974746704,0.885890007019043,0.9960023164749146,0.9600986242294312,1,1.3980699298985746,143.7954556411756,2665.5596063247635
950019,87,uav_U1,uav_U2,False,0.9980185031890869,0.9760633707046509,0.9873799085617065,0.8709054589271545,0.9976510405540466,0.9531276226043701,1,1.3117213900091667,304.1087118666128,2497.194209972173
950019,88,uav_U1,uav_U2,False,0.9977746605873108,0.9854534268379211,0.9882593154907227,0.913603663444519,0.9923802614212036,0.9468638300895691,0,-3.525830300667444,882.1353098321418,34443.169894442384
950019,89,uav_U1,uav_U2,False,0.9964394569396973,0.9753868579864502,0.9785031080245972,0.8860763311386108,0.9969736933708191,0.9559515118598938,0,-5.4952220160596985,4504.6765419146905,158631.49411747148
950019,90,uav_U1,uav_U2,False,0.9971749782562256,0.9794880151748657,0.9803338646888733,0.8446136713027954,0.997863233089447,0.9613125920295715,1,0.5887018989792663,1650.194967977065,42391.65734668789
950019,91,uav_U1,uav_U2,False,0.997856855392456,0.9819901585578918,0.977044939994812,0.8766472339630127,0.9974960684776306,0.9539071917533875,0,-6.786760924323666,4488.142744140337,142261.36730191193
950019,92,uav_U1,uav_U2,False,0.9978159666061401,0.9843413829803467,0.9876428842544556,0.8884599208831787,0.9950340390205383,0.9492718577384949,1,1.0397265033727001,169.80704631594836,3727.0510231003614
950019,93,uav_U1,uav_U2,False,0.9977916479110718,0.9816346168518066,0.9895294904708862,0.8946905136108398,0.9956049919128418,0.9485753774642944,0,-4.230156889741076,3204.0809747954845,118237.20330646279
950019,94,uav_U1,uav_U2,False,0.9982656240463257,0.9840133190155029,0.9866659641265869,0.8858094811439514,0.9970642924308777,0.9478863477706909,1,1.2186608464729554,518.9014248352017,14634.92568748303
950019,95,uav_U1,uav_U2,False,0.9982182383537292,0.9850127696990967,0.9877141714096069,0.905332624912262,0.9940178990364075,0.9430705904960632,1,1.2132184165577213,203.54986416144453,8398.307886283712
950019,96,uav_U1,uav_U2,False,0.9980711936950684,0.9820647239685059,0.9881377220153809,0.8870922327041626,0.9966024160385132,0.9408532381057739,1,0.9258260199253738,723.3428729467249,7069.363829803742
950019,97,uav_U1,uav_U2,False,0.9977863430976868,0.9856996536254883,0.9870222210884094,0.8779518604278564,0.9965603947639465,0.9565128684043884,1,1.3385719373040583,244.26321475559195,6365.981689400633
950019,98,uav_U1,uav_U2,False,0.997370719909668,0.9838764667510986,0.9891377091407776,0.9101904630661011,0.991080105304718,0.9532316327095032,1,1.1399027212274273,367.56567820855327,7883.649459115127
950019,99,uav_U1,uav_U2,False,0.9975157976150513,0.9826061129570007,0.9895431995391846,0.8995087146759033,0.9947454929351807,0.9394971132278442,1,1.4975028453170993,24.925673481238857,537.7145035838107
950020,0,uav_U1,uav_U2,False,0.9973838925361633,0.9802517890930176,0.9732688665390015,0.847482442855835,0.9984161853790283,0.9692299962043762,0,-3.5406540381835674,1708.603272588737,35256.86978588197
950020,1,uav_U1,uav_U2,False,0.9970371723175049,0.983026921749115,0.984602689743042,0.8875182867050171,0.9967180490493774,0.9564419984817505,0,-3.5685243155810347,454.0838664274397,9309.99372462622
950020,2,uav_U1,uav_U2,False,0.9972602128982544,0.9863917827606201,0.9857708215713501,0.8626192808151245,0.997773289680481,0.9617818593978882,0,-3.54311489985506,52.1555162103879,1714.2949872154586
950020,3,uav_U1,uav_U2,False,0.9975191354751587,0.9801978468894958,0.9839881658554077,0.8655815124511719,0.9983878135681152,0.9579277038574219,1,1.4994285985057874,5.668093245268917,107.58521087921723
950020,4,uav_U1,uav_U2,False,0.9962634444236755,0.9753098487854004,0.9736355543136597,0.8688572645187378,0.9983471035957336,0.961959719657898,1,0.6276251088928706,1099.0770026092296,21430.842372218838
950020,5,uav_U1,uav_U2,False,0.9971979260444641,0.9801592230796814,0.9826523661613464,0.8827192783355713,0.9971734285354614,0.9538405537605286,1,1.1294545788404167,727.200623992591,16574.563344386184
950020,6,uav_U1,uav_U2,False,0.9975557327270508,0.985585629940033,0.9851828217506409,0.8667157292366028,0.9980599284172058,0.9570233821868896,1,1.0160252347141727,473.72117655249053,6761.99208362973
950020,7,uav_U1,uav_U2,False,0.9971015453338623,0.9794406294822693,0.9753589630126953,0.846229612827301,0.998431384563446,0.9678546190261841,0,-5.776578436833204,1864.321047224924,54314.37161931976
950020,8,uav_U1,uav_U2,False,0.9975113272666931,0.9865840673446655,0.9846322536468506,0.8707446455955505,0.996932327747345,0.9551768898963928,1,1.042844688902912,399.01662744937266,11957.882217574645
950020,9,uav_U1,uav_U2,False,0.9974620342254639,0.9857958555221558,0.9861696362495422,0.8898801207542419,0.9973738193511963,0.9578224420547485,0,-5.768653775875455,951.1515520071271,19849.086340008882
950020,10,uav_U1,uav_U2,False,0.9965572357177734,0.97093266248703,0.972023069858551,0.8620132803916931,0.9986975193023682,0.9603463411331177,0,-7.500091543166233,1191.9434806505326,27417.769130162058
950020,11,uav_U1,uav_U2,False,0.9975597858428955,0.9812909364700317,0.9796392321586609,0.8495084047317505,0.9986529350280762,0.9591720700263977,0,-4.684261458402618,1404.4212027191495,40356.46299419603
950020,12,uav_U1,uav_U2,False,0.9978054761886597,0.9857873916625977,0.986648440361023,0.869568407535553,0.9980236291885376,0.9593810439109802,1,1.392364261771598,168.19891178583262,4525.702510163832
950020,13,uav_U1,uav_U2,False,0.9976708889007568,0.9863038659095764,0.9879563450813293,0.88322913646698,0.9971491694450378,0.9552326798439026,1,1.1772406787795007,355.90226854099546,7212.372427393869
950020,14,uav_U1,uav_U2,False,0.9971857666969299,0.9839237928390503,0.9855855703353882,0.8842134475708008,0.9981880784034729,0.9637478590011597,0,-4.210780349391916,364.3766999819375,8539.084802608242
950020,15,uav_U1,uav_U2,False,0.9976283311843872,0.9827815294265747,0.9867504239082336,0.8642948865890503,0.9978094696998596,0.9466202259063721,1,0.9293571253728838,28.531913068524123,279.0230091060957
950020,16,uav_U1,uav_U2,False,0.9976933002471924,0.984263002872467,0.9839690923690796,0.8659163117408752,0.997928261756897,0.9604214429855347,1,0.9057607305477378,518.6906613545842,8782.295945556078
950020,17,uav_U1,uav_U2,False,0.9974936842918396,0.9840176105499268,0.9842550754547119,0.8717226982116699,0.9963117241859436,0.961567223072052,0,-4.398463277609645,654.9382456587666,23580.491072189787
950020,18,uav_U1,uav_U2,False,0.9969422817230225,0.9781245589256287,0.971672534942627,0.8472553491592407,0.9986401200294495,0.9657666683197021,0,-4.768799207735381,4321.888130018628,116014.28771405572
950020,19,uav_U1,uav_U2,False,0.9971083998680115,0.9842119216918945,0.9870694875717163,0.8756310939788818,0.9975214600563049,0.9617989659309387,0,-3.7933985511982584,620.7871346702001,8010.593933688712
950020,20,uav_U1,uav_U2,False,0.9973224997520447,0.9797822833061218,0.972032904624939,0.865835964679718,0.9980423450469971,0.9514134526252747,0,-4.710268990453722,3184.8657267314093,106680.26383950778
950020,21,uav_U1,uav_U2,False,0.9976736307144165,0.9860344529151917,0.988257646560669,0.8702962398529053,0.9968241453170776,0.9659214019775391,1,1.1788998290543462,498.20534493272896,17567.4473116485
950020,22,uav_U1,uav_U2,False,0.9972521066665649,0.9814730286598206,0.9840648770332336,0.8802093267440796,0.9982195496559143,0.9600935578346252,1,0.8179099955613507,229.83337133448615,3361.2447014413906
950020,23,uav_U1,uav_U2,False,0.9972769021987915,0.9727504253387451,0.9768255949020386,0.8524709939956665,0.99918133020401,0.9563090205192566,0,-7.17765663452152,2698.954873287262,36085.349268734266
950020,24,uav_U1,uav_U2,False,0.9971713423728943,0.9753949642181396,0.9743366837501526,0.8544442653656006,0.9986706972122192,0.9554740190505981,0,-5.713271409168033,2885.435235062519,42833.04091412178
950020,25,uav_U1,uav_U2,False,0.9977554082870483,0.9836393594741821,0.9854165315628052,0.8681336641311646,0.9981800317764282,0.9543386697769165,0,-3.7002999503669214,270.046790354686,3936.566680965519
950020,26,uav_U1,uav_U2,False,0.9971288442611694,0.9818584322929382,0.9802525639533997,0.8467998504638672,0.9986239671707153,0.9564383625984192,0,-3.668430295601901,1107.5848680954616,18623.29719654543
950020,27,uav_U1,uav_U2,False,0.9977338910102844,0.984325647354126,0.9848219752311707,0.8739196062088013,0.9973427653312683,0.9572691917419434,1,0.944895023804367,524.4874441601626,10465.70079030635
950020,28,uav_U1,uav_U2,False,0.9974684119224548,0.9854089021682739,0.9876545667648315,0.8803025484085083,0.9975241422653198,0.9629630446434021,1,1.0489807409752328,699.3882270301842,10116.330881814496
950020,29,uav_U1,uav_U2,False,0.9976605176925659,0.978172779083252,0.9844862222671509,0.8827158212661743,0.9984574317932129,0.9643327593803406,1,1.1776651734479777,548.7800763393072,14071.576400646118
950020,30,uav_U1,uav_U2,False,0.9975535869598389,0.9853988885879517,0.9823492765426636,0.8671873211860657,0.9978552460670471,0.9580681324005127,1,1.0678622462759482,448.8954547655913,6364.831651204717
950020,31,uav_U1,uav_U2,False,0.9972825646400452,0.9872066974639893,0.9871121048927307,0.8800632953643799,0.9958897233009338,0.9615742564201355,1,1.0711150034123127,481.5350957212465,16969.296078822706
950020,32,uav_U1,uav_U2,False,0.9972273111343384,0.9858182072639465,0.9872390031814575,0.8720493316650391,0.9978316426277161,0.9572550654411316,0,-4.351077928217458,860.7085114023592,12816.436597565013
950020,33,uav_U1,uav_U2,False,0.9969361424446106,0.9759618639945984,0.96660315990448,0.8504551649093628,0.9987412691116333,0.9603351354598999,0,-6.7935892129031705,3945.7243548420215,98708.66211397757
950020,34,uav_U1,uav_U2,False,0.9977601170539856,0.9834394454956055,0.9856603145599365,0.882407009601593,0.9977744221687317,0.9550868272781372,1,1.0559551003086807,782.6886392332232,7240.619283152337
950020,35,uav_U1,uav_U2,False,0.9976928234100342,0.9874609708786011,0.9872658252716064,0.8811089992523193,0.9975215792655945,0.9620609283447266,1,1.071429963673008,460.6143446060767,15086.745016212191
950020,36,uav_U1,uav_U2,False,0.9974830150604248,0.9761364459991455,0.9772784113883972,0.8495275378227234,0.998683512210846,0.9483368992805481,1,0.7059784593333456,1553.720529224797,30134.252302642504
950020,37,uav_U1,uav_U2,False,0.9963771104812622,0.974781334400177,0.976382851600647,0.8388510942459106,0.9985828399658203,0.9587692618370056,0,-4.607452650984763,1856.58496762962,27769.358640412913
950020,38,uav_U1,uav_U2,False,0.99701327085495,0.9670417308807373,0.9808717966079712,0.8610079884529114,0.9985499382019043,0.93629390001297,1,1.4882132731476911,117.82142895796025,2245.7045257222044
950020,39,uav_U1,uav_U2,False,0.9977293014526367,0.9861376285552979,0.9835550785064697,0.8752753138542175,0.9973976612091064,0.9646299481391907,1,0.8492099372228405,454.8381852671282,13008.71540081724
950020,40,uav_U1,uav_U2,False,0.9975875616073608,0.9874276518821716,0.9871357679367065,0.8841388821601868,0.9949546456336975,0.9525333642959595,0,-3.536209912790305,1116.935597856985,40326.25806745749
950020,41,uav_U1,uav_U2,False,0.9971030354499817,0.9784233570098877,0.9849627017974854,0.8855655193328857,0.998137354850769,0.9569911956787109,0,-3.7218934702646362,1363.530454606792,17100.86746402132
950020,42,uav_U1,uav_U2,False,0.9976438879966736,0.9826913475990295,0.9876181483268738,0.8894530534744263,0.9973717927932739,0.9532653093338013,0,-4.1591724553664,917.4714344209108,11362.347792981082
950020,43,uav_U1,uav_U2,False,0.9977749586105347,0.985217273235321,0.9845548868179321,0.8785891532897949,0.9968827962875366,0.9610936045646667,1,1.139233044591162,509.6340768609454,13065.288564397877
950020,44,uav_U1,uav_U2,False,0.9973394274711609,0.9839203357696533,0.9863436222076416,0.8836917281150818,0.9962760210037231,0.957446277141571,1,1.165188815489432,516.1375123654506,12754.671059390377
950020,45,uav_U1,uav_U2,False,0.9972074627876282,0.9773164987564087,0.9733290672302246,0.8588399887084961,0.9987025260925293,0.9593130946159363,0,-5.072361672292672,3482.853559039195,75800.08282058983
950020,46,uav_U1,uav_U2,False,0.9968917369842529,0.9747179746627808,0.976832389831543,0.8483140468597412,0.9983090162277222,0.9592797756195068,1,0.7538127026532233,1472.0468133060178,31929.4033962078
950020,47,uav_U1,uav_U2,False,0.9977103471755981,0.9803040027618408,0.9855290055274963,0.873069703578949,0.9982221722602844,0.9654574394226074,1,0.7580435291645444,1054.9318352896837,33025.4458797872
950020,48,uav_U1,uav_U2,False,0.998322606086731,0.9839234352111816,0.9888975024223328,0.8751174807548523,0.9976809024810791,0.9437210559844971,0,-3.9003397582203854,358.46351828213903,15091.598259060529
950020,49,uav_U1,uav_U2,False,0.9977188110351562,0.9803199172019958,0.9826600551605225,0.8790675401687622,0.9979850053787231,0.9592432379722595,0,-4.899563136169148,873.4075406024892,14582.419708020721
950020,50,uav_U1,uav_U2,False,0.9972660541534424,0.9846915006637573,0.9831158518791199,0.8743977546691895,0.9972521662712097,0.9598273038864136,1,0.7972661922286,300.73079895069435,5928.623842444608
950020,51,uav_U1,uav_U2,False,0.9973273873329163,0.9786611795425415,0.979271411895752,0.8633885383605957,0.9982189536094666,0.9608709812164307,0,-7.500274509184788,5793.094482940316,200761.7204040735
950020,52,uav_U1,uav_U2,False,0.9973844289779663,0.9830158948898315,0.9877939224243164,0.8858359456062317,0.995749831199646,0.942236065864563,1,0.5569377379366311,1723.7494373414174,18231.419643357865
950020,53,uav_U1,uav_U2,False,0.997412919998169,0.9838723540306091,0.9857699871063232,0.8849822282791138,0.9980816841125488,0.958563506603241,0,-4.736322039477464,3135.194444678097,37999.583106925435
950020,54,uav_U1,uav_U2,False,0.9970163106918335,0.9822604060173035,0.9848208427429199,0.8640536069869995,0.9981244206428528,0.9673480987548828,0,-7.318734930703093,1329.9454795460529,20197.67194559587
950020,55,uav_U1,uav_U2,False,0.9974733591079712,0.9854735136032104,0.9881958961486816,0.8802492618560791,0.9972677230834961,0.9540159702301025,0,-4.962105221450235,979.8811364139754,8217.811032615962
950020,56,uav_U1,uav_U2,False,0.9976603984832764,0.9845404624938965,0.9872810244560242,0.8898508548736572,0.9967913031578064,0.9489797353744507,1,1.0374857371165,596.5243419746322,6208.289834743242
950020,57,uav_U1,uav_U2,False,0.9969916343688965,0.9800682067871094,0.9826112985610962,0.8819414973258972,0.9981259703636169,0.960681140422821,0,-3.518246150540712,606.8201405026987,16679.355586174177
950020,58,uav_U1,uav_U2,False,0.9973576068878174,0.9809874892234802,0.9841225743293762,0.8759890794754028,0.9984983205795288,0.9659094214439392,1,1.2886536575825114,309.91056067582383,6793.239437126773
950020,59,uav_U1,uav_U2,False,0.9975976943969727,0.9831716418266296,0.984513521194458,0.8807973861694336,0.9976039528846741,0.949092447757721,1,1.0087279588740719,858.5823977870227,9903.119927288604
950020,60,uav_U1,uav_U2,False,0.9977624416351318,0.9838330745697021,0.9859371185302734,0.8799732327461243,0.9977509379386902,0.9631534814834595,0,-5.942177586605814,832.9847403228356,16587.090798151086
950020,61,uav_U1,uav_U2,False,0.9969826936721802,0.976502537727356,0.9783209562301636,0.8412511944770813,0.9986323714256287,0.9522273540496826,1,0.5714494019235141,1018.5194135061015,21029.790429737684
950020,62,uav_U1,uav_U2,False,0.9979623556137085,0.980463981628418,0.9859055280685425,0.8982259035110474,0.9957616925239563,0.9453961849212646,0,-3.5108681389929193,1653.6304515411173,70548.97108095087
950020,63,uav_U1,uav_U2,False,0.9973301887512207,0.9824772477149963,0.9865149855613708,0.8834537267684937,0.9969215989112854,0.9485949873924255,1,1.1388965059987226,491.6977475171944,7196.799521932472
950020,64,uav_U1,uav_U2,False,0.9975228309631348,0.9874289035797119,0.9902973175048828,0.8793512582778931,0.9968103766441345,0.9519243836402893,0,-3.5866703357401013,1873.261925561246,75682.74598754504
950020,65,uav_U1,uav_U2,False,0.9978700280189514,0.9849858283996582,0.9864305257797241,0.8636855483055115,0.9985637068748474,0.9582610726356506,0,-3.914711823326648,844.5279049317777,8940.395283103979
950020,66,uav_U1,uav_U2,False,0.9970474243164062,0.9795444011688232,0.9692559242248535,0.85418301820755,0.9981937408447266,0.9609786868095398,0,-4.910271824465326,2641.55765830605,88395.62460832117
950020,67,uav_U1,uav_U2,False,0.9977081418037415,0.9821451902389526,0.9882433414459229,0.8913733959197998,0.9968680739402771,0.9368947148323059,1,1.1678326654629898,626.2942492360711,10108.886444701697
950020,68,uav_U1,uav_U2,False,0.9972316026687622,0.9830256104469299,0.9831547737121582,0.8769619464874268,0.9976557493209839,0.9635171890258789,0,-3.680189506476591,867.3717604587364,14343.238921618808
950020,69,uav_U1,uav_U2,False,0.9975742101669312,0.9807406067848206,0.9862651824951172,0.8900066614151001,0.9966001510620117,0.9481599926948547,1,0.8891310480830692,507.5558370339208,10853.112523548732
950020,70,uav_U1,uav_U2,False,0.9973500967025757,0.9739382266998291,0.9690500497817993,0.8593591451644897,0.9986673593521118,0.9564652442932129,0,-6.105661723546126,3432.5028005454164,100149.64155526161
950020,71,uav_U1,uav_U2,False,0.9972262382507324,0.9843754172325134,0.9850320816040039,0.882745623588562,0.996281623840332,0.9503099918365479,1,1.0920618511585682,542.0279803136012,12029.611688890333
950020,72,uav_U1,uav_U2,False,0.9973341226577759,0.9851287007331848,0.9870718121528625,0.8810977339744568,0.9963130354881287,0.9669976830482483,1,1.1511870491370069,440.4348573617476,8457.58211827601
950020,73,uav_U1,uav_U2,False,0.9976532459259033,0.9842138886451721,0.9857958555221558,0.8847442865371704,0.9975523948669434,0.9503313302993774,0,-3.9569856543248183,1114.523622096246,13184.210522924312
950020,74,uav_U1,uav_U2,False,0.9979749321937561,0.9784468412399292,0.9841639399528503,0.8805444240570068,0.9982584714889526,0.9493892192840576,1,1.1547280771851416,518.4600593862205,6402.166042496284
950020,75,uav_U1,uav_U2,False,0.9982185959815979,0.9842219352722168,0.9852659702301025,0.8852032423019409,0.9973142743110657,0.9549657702445984,0,-4.607855215232893,1555.5295303618027,65459.72113903156
950020,76,uav_U1,uav_U2,False,0.9967687129974365,0.967617392539978,0.9722172617912292,0.8398988246917725,0.9988848567008972,0.9495472311973572,0,-5.216814121211415,5123.738218777598,70701.4879665506
950020,77,uav_U1,uav_U2,False,0.9974849224090576,0.9796609878540039,0.9793564081192017,0.8676357269287109,0.9985038638114929,0.9583922624588013,0,-7.500092448781854,2906.3408550829286,24721.89399118464
950020,78,uav_U1,uav_U2,False,0.9976000785827637,0.982029378414154,0.9870586395263672,0.8699976205825806,0.9967953562736511,0.9535564184188843,0,-4.150783699871582,736.208564630819,13241.260009315742
950020,79,uav_U1,uav_U2,False,0.9977532029151917,0.9829813838005066,0.9868342876434326,0.8858397006988525,0.9974901676177979,0.9517217874526978,1,1.1752245374530836,599.3662794662824,16408.63090797834
950020,80,uav_U1,uav_U2,False,0.9969288110733032,0.976795494556427,0.972393274307251,0.8556052446365356,0.9986697435379028,0.9552851319313049,0,-4.875030262881305,2902.1747068282966,42044.463239354496
950020,81,uav_U1,uav_U2,False,0.997290849685669,0.9839808940887451,0.9860023856163025,0.8788461685180664,0.9975927472114563,0.9581668376922607,1,0.5108164507122175,1182.9536235065634,17930.172235471444
950020,82,uav_U1,uav_U2,False,0.9971593618392944,0.9746171236038208,0.9807469248771667,0.8580441474914551,0.9981880784034729,0.9391468167304993,0,-4.320899591083003,1682.4264195480846,27414.039551283156
950020,83,uav_U1,uav_U2,False,0.9978094100952148,0.9820406436920166,0.9880271553993225,0.8935601115226746,0.9971333146095276,0.9457343816757202,1,0.9464737989176482,303.83548924566315,6651.533452753977
950020,84,uav_U1,uav_U2,False,0.9967774152755737,0.9688664078712463,0.9745410680770874,0.8623754382133484,0.9984884262084961,0.9400502443313599,0,-4.026245891893622,2335.015141650163,21855.247362368187
950020,85,uav_U1,uav_U2,False,0.9979974031448364,0.9828343987464905,0.9843463897705078,0.8773587942123413,0.9981274008750916,0.9592100381851196,1,0.7317145863342924,1119.2583850561803,43562.8577118071
950020,86,uav_U1,uav_U2,False,0.9976882338523865,0.9825307130813599,0.9860663414001465,0.8775663375854492,0.9977849125862122,0.9572845101356506,1,0.7522811215901304,532.3105074057238,10990.638633269604
950020,87,uav_U1,uav_U2,False,0.9975422620773315,0.9810715317726135,0.9836786389350891,0.8820865750312805,0.9977935552597046,0.9514565467834473,1,1.2354015138658392,338.3038384186655,4473.027414404485
950020,88,uav_U1,uav_U2,False,0.9977864623069763,0.9816114902496338,0.983361005783081,0.8886446952819824,0.997975766658783,0.9526716470718384,1,1.2975079039190736,366.95204793177766,11757.344102941848
950020,89,uav_U1,uav_U2,False,0.9978488683700562,0.9773563146591187,0.9841388463973999,0.8837436437606812,0.9972296357154846,0.9519789218902588,1,1.2889807990802957,135.6264495343811,5022.37949937728
950020,90,uav_U1,uav_U2,False,0.9974769353866577,0.9799858927726746,0.9874836206436157,0.8976674675941467,0.9969915747642517,0.9368679523468018,0,-3.6348863918284104,1924.6107960201396,16346.789574362914
950020,91,uav_U1,uav_U2,False,0.997887372970581,0.9780949950218201,0.9858182668685913,0.8923874497413635,0.9982014298439026,0.9331201910972595,1,1.0345134186016391,549.1656338539448,8226.928642417297
950020,92,uav_U1,uav_U2,False,0.9978475570678711,0.9817330837249756,0.9817941188812256,0.8687245845794678,0.9972149729728699,0.9529027342796326,1,1.3191112343615665,331.40124998357373,13263.91604000762
950020,93,uav_U1,uav_U2,False,0.9974136352539062,0.9806327819824219,0.983467161655426,0.8748714327812195,0.9978317022323608,0.9599579572677612,1,1.052894504653337,710.3051803389781,24526.1347514282
950020,94,uav_U1,uav_U2,False,0.9965229034423828,0.9679574966430664,0.9797508120536804,0.8852602243423462,0.9982140064239502,0.9245696067810059,1,0.8910045536257567,6087.208028995538,120393.71522251605
950020,95,uav_U1,uav_U2,False,0.9973950982093811,0.9649215936660767,0.9786714315414429,0.855144739151001,0.998589813709259,0.9342650175094604,0,-4.656274929274893,1912.5340042084733,18544.61981017267
950020,96,uav_U1,uav_U2,False,0.9957259297370911,0.975560188293457,0.9568756818771362,0.8568115830421448,0.9976047277450562,0.9561020135879517,0,-7.500091149622384,9417.625203885054,421079.9810756913
950020,97,uav_U1,uav_U2,False,0.9974192380905151,0.9795677661895752,0.9819252490997314,0.8883616328239441,0.9975957274436951,0.949293315410614,1,0.7419001737427702,1407.6206503360602,22287.80270300243
950020,98,uav_U1,uav_U2,False,0.9979859590530396,0.9765909910202026,0.9865590333938599,0.8629653453826904,0.9985266923904419,0.928490400314331,1,1.0696520709557977,844.1615320318833,8991.070695859935
950020,99,uav_U1,uav_U2,False,0.9977863430976868,0.9820887446403503,0.9856990575790405,0.8687869310379028,0.998426079750061,0.9581148624420166,0,-3.6180862492091213,245.95862894297466,2184.979836131521
950021,0,uav_U1,uav_U2,False,0.9969668388366699,0.976374626159668,0.9755158424377441,0.8711409568786621,0.9982870221138,0.9595617651939392,0,-6.879675694424021,2811.692935656062,53335.99665532864
950021,1,uav_U1,uav_U2,False,0.9976586699485779,0.9857999086380005,0.9859164953231812,0.8909304738044739,0.9974622130393982,0.96207195520401,1,1.1424192228975252,628.1085105183734,20911.983771834675
950021,2,uav_U1,uav_U2,False,0.9973652362823486,0.9865595102310181,0.9863812923431396,0.8791805505752563,0.9960948824882507,0.9649513959884644,0,-5.119704424744786,2876.3350418767677,128143.56695947127
950021,3,uav_U1,uav_U2,False,0.9975547790527344,0.9851953387260437,0.9856854677200317,0.8741676211357117,0.9978874325752258,0.9565754532814026,0,-7.50009215596052,2207.709816578159,21188.65075240544
950021,4,uav_U1,uav_U2,False,0.9972110986709595,0.9831604957580566,0.9825246334075928,0.8690714836120605,0.9977408647537231,0.9647838473320007,1,0.6872581727452012,751.7014954529641,21762.494200967547
950021,5,uav_U1,uav_U2,False,0.9968072772026062,0.9781779646873474,0.9763680696487427,0.8558481931686401,0.9986914992332458,0.9614601135253906,0,-5.121682893818555,3187.8546362184543,43613.473208707226
950021,6,uav_U1,uav_U2,False,0.997336745262146,0.9790322780609131,0.9798905849456787,0.8542285561561584,0.9984887838363647,0.9605361223220825,0,-3.984126235558093,2435.3007043473963,44427.81731918562
950021,7,uav_U1,uav_U2,False,0.9977365732192993,0.9810107350349426,0.9845151901245117,0.874651312828064,0.9977791905403137,0.9531519412994385,1,1.0845369659870983,683.2846400795032,6670.1229811029825
950021,8,uav_U1,uav_U2,False,0.9972312450408936,0.9850066304206848,0.9853158593177795,0.8767634630203247,0.9963708519935608,0.9543989300727844,1,0.9636033589133088,957.8407564802412,22701.470621969223
950021,9,uav_U1,uav_U2,False,0.9981221556663513,0.9864720106124878,0.9865759611129761,0.8762639164924622,0.9968642592430115,0.9567440152168274,0,-4.16301579282861,628.5853186503797,20920.42131627202
950021,10,uav_U1,uav_U2,False,0.997525691986084,0.983611524105072,0.9862450957298279,0.8888335227966309,0.9981884360313416,0.9587926864624023,1,0.9289794209809568,846.1160615039154,9681.341052732234
950021,11,uav_U1,uav_U2,False,0.9971502423286438,0.9781967997550964,0.9722676277160645,0.8624340295791626,0.9986212253570557,0.9556885361671448,0,-5.576032902605887,4573.923909673797,44729.29363202793
950021,12,uav_U1,uav_U2,False,0.9974332451820374,0.9756262898445129,0.9744442701339722,0.8733119368553162,0.9985287189483643,0.9608145952224731,0,-7.500091637396916,1911.9400478126602,48891.94027680668
950021,13,uav_U1,uav_U2,False,0.9975371360778809,0.9846960306167603,0.9896596670150757,0.9053943157196045,0.9956426620483398,0.9549118876457214,0,-5.571654485818776,2469.536600173469,83628.8900582048
950021,14,uav_U1,uav_U2,False,0.9972271919250488,0.9849308133125305,0.9846643209457397,0.8524053692817688,0.9982335567474365,0.9691346883773804,0,-4.417234105668517,454.3627663153372,11121.850653376629
950021,15,uav_U1,uav_U2,False,0.9976176023483276,0.9835772514343262,0.9860731363296509,0.8900146484375,0.9960559606552124,0.9551908373832703,0,-4.376360185065253,1684.8891757197398,51059.284961539364
950021,16,uav_U1,uav_U2,False,0.997456967830658,0.9827726483345032,0.983524739742279,0.8746891021728516,0.9978578686714172,0.9552175998687744,0,-6.726992195953875,3998.6477195671064,72354.2154732951
950021,17,uav_U1,uav_U2,False,0.9971383810043335,0.9827222228050232,0.9854376912117004,0.8744697570800781,0.9974274635314941,0.9506292939186096,1,1.124267068200971,512.7495369150969,4906.1968396217835
950021,18,uav_U1,uav_U2,False,0.9975100755691528,0.9845393300056458,0.9888448715209961,0.8810368776321411,0.9972224831581116,0.9561964273452759,0,-4.434897570512696,1909.6533144503494,33198.57218320297
950021,19,uav_U1,uav_U2,False,0.9978179931640625,0.9840165376663208,0.9864789843559265,0.8769454956054688,0.9974316358566284,0.9506255984306335,1,1.1538788296391425,591.0173819302921,5813.127377820083
950021,20,uav_U1,uav_U2,False,0.9972121715545654,0.9854129552841187,0.9862220883369446,0.8764927387237549,0.9964090585708618,0.9539837837219238,1,1.1647917341611154,379.35196065593055,7708.629809108836
950021,21,uav_U1,uav_U2,False,0.9976152181625366,0.9835189580917358,0.9862119555473328,0.8804850578308105,0.9967623949050903,0.9497939348220825,1,1.0328014651599655,699.258411245151,8566.425595107472
950021,22,uav_U1,uav_U2,False,0.9975423812866211,0.9832964539527893,0.9849828481674194,0.8713406324386597,0.9976575970649719,0.9594411849975586,1,1.3842321555813188,138.92675070713761,1984.8652975871328
950021,23,uav_U1,uav_U2,False,0.9972363710403442,0.9850097298622131,0.9867375493049622,0.8693117499351501,0.9976227283477783,0.9652091860771179,0,-3.5963728936342374,975.6900437915139,13938.015948901633
950021,24,uav_U1,uav_U2,False,0.9976559281349182,0.9845999479293823,0.9862097501754761,0.8859753012657166,0.9956141710281372,0.956404983997345,0,-4.742037121306478,869.8748259483035,23058.05955507085
950021,25,uav_U1,uav_U2,False,0.9966955780982971,0.983572244644165,0.986819863319397,0.8806937336921692,0.9973541498184204,0.951266884803772,1,1.3847240881735894,1150.0121122016542,27071.73126864249
950021,26,uav_U1,uav_U2,False,0.9975874423980713,0.9836674928665161,0.9885729551315308,0.8611639738082886,0.9979976415634155,0.9481160044670105,1,1.2727677449596044,398.85842193914675,5971.053642348422
950021,27,uav_U1,uav_U2,False,0.9975802898406982,0.9818881154060364,0.9862302541732788,0.878652811050415,0.9980708956718445,0.9580599069595337,1,1.4681264429475238,60.798525691288496,1139.125265859627
950021,28,uav_U1,uav_U2,False,0.9975074529647827,0.9848796725273132,0.984952986240387,0.8832405209541321,0.9960352778434753,0.9600287675857544,1,1.0165289747366797,696.0663835997526,21522.07813552469
950021,29,uav_U1,uav_U2,False,0.9976842403411865,0.977715790271759,0.9740278720855713,0.8567647933959961,0.9988045692443848,0.9633716940879822,0,-3.738585809896925,1655.8664849834383,34518.10381828209
950021,30,uav_U1,uav_U2,False,0.9976574182510376,0.9785908460617065,0.9767659306526184,0.862489640712738,0.9987052083015442,0.9605292081832886,0,-3.539897465432564,1639.7736270504565,37802.70166892012
950021,31,uav_U1,uav_U2,False,0.9974762201309204,0.9826778769493103,0.9832931756973267,0.8741315603256226,0.9977971911430359,0.9608433246612549,1,1.377731598809898,161.27300145415165,2586.4722291867174
950021,32,uav_U1,uav_U2,False,0.9972567558288574,0.9857159852981567,0.9892616271972656,0.8848150372505188,0.9971216320991516,0.9554492831230164,1,1.2219118329772864,542.9264723476113,6486.635899399312
950021,33,uav_U1,uav_U2,False,0.9969910383224487,0.9821310639381409,0.9860643148422241,0.8711806535720825,0.9978132843971252,0.9635946750640869,1,0.9630304523246545,583.5856448200407,4888.214717625697
950021,34,uav_U1,uav_U2,False,0.9974603652954102,0.9861421585083008,0.9875655174255371,0.8762193322181702,0.9974616169929504,0.9530526995658875,1,1.202947971696858,441.28280481326726,7304.157949660271
950021,35,uav_U1,uav_U2,False,0.9971554279327393,0.9843823313713074,0.9838954210281372,0.8827361464500427,0.9964907765388489,0.9543890357017517,0,-4.13756086695133,2333.3938277531365,70256.41982300936
950021,36,uav_U1,uav_U2,False,0.9974673986434937,0.9845760464668274,0.9867836833000183,0.8991717100143433,0.9954494833946228,0.954282820224762,0,-4.618943747681857,1019.1676723249632,12871.087394213808
950021,37,uav_U1,uav_U2,False,0.9982272982597351,0.9855403304100037,0.9860982894897461,0.8836162090301514,0.9965519905090332,0.9611764550209045,0,-3.718894511546557,934.8218154157096,39971.510381876054
950021,38,uav_U1,uav_U2,False,0.997827410697937,0.9808142185211182,0.9848695993423462,0.892323911190033,0.9973389506340027,0.9605997204780579,1,1.4220636859061506,102.05439483878526,3557.6652070195714
950021,39,uav_U1,uav_U2,False,0.9971781969070435,0.9774426817893982,0.9775789976119995,0.8543378710746765,0.9988285899162292,0.959632933139801,0,-4.088591123268242,2525.7127598320503,20561.133275545406
950021,40,uav_U1,uav_U2,False,0.997927188873291,0.9838755130767822,0.9857821464538574,0.8749370574951172,0.998021125793457,0.9584088921546936,1,1.390452166041043,138.6806330985771,2332.6348668787446
950021,41,uav_U1,uav_U2,False,0.9971214532852173,0.9828567504882812,0.9879627227783203,0.8931198716163635,0.9969834685325623,0.958686351776123,0,-4.140050468080106,2628.8539686713657,53613.57212892046
950021,42,uav_U1,uav_U2,False,0.997647762298584,0.9842491149902344,0.9855906963348389,0.8801041841506958,0.9975783824920654,0.9619797468185425,1,1.3678538247253378,157.9368775160772,2343.098867928919
950021,43,uav_U1,uav_U2,False,0.9969368577003479,0.9774329662322998,0.9776714444160461,0.8501976132392883,0.9986440539360046,0.9587549567222595,0,-4.4696548850211375,3041.005738482336,68984.65720944166
950021,44,uav_U1,uav_U2,False,0.9977489113807678,0.984614372253418,0.9849492907524109,0.8758031129837036,0.9980452060699463,0.9654659032821655,1,1.4540608913039477,69.9172427810746,1623.0834741985955
950021,45,uav_U1,uav_U2,False,0.9964470863342285,0.977470338344574,0.9702218770980835,0.8448966145515442,0.9986209273338318,0.9652029871940613,0,-6.567390811342058,5368.833913848931,44326.81245695118
950021,46,uav_U1,uav_U2,False,0.9966778755187988,0.9692954421043396,0.972808837890625,0.8384221196174622,0.9985741376876831,0.9623361825942993,1,0.5048135482234646,1843.9107077248636,38854.422306227134
950021,47,uav_U1,uav_U2,False,0.9978694319725037,0.9874036312103271,0.98594069480896,0.8768587708473206,0.9968518614768982,0.9581236243247986,1,1.1356724172138453,329.99770812280434,9196.811807786658
950021,48,uav_U1,uav_U2,False,0.9978078603744507,0.9744569063186646,0.9835826754570007,0.8859567642211914,0.9979450702667236,0.947824239730835,1,1.2052702968037887,513.257852863795,4254.367687445509
950021,49,uav_U1,uav_U2,False,0.9964437484741211,0.969986081123352,0.9813373684883118,0.8601071834564209,0.9981362819671631,0.9395663142204285,1,1.4799480417812836,200.4733642562801,1346.5756572123485
950021,50,uav_U1,uav_U2,False,0.9965382814407349,0.9758720993995667,0.9737235307693481,0.8581331372261047,0.9985077381134033,0.9609448909759521,0,-4.445048536475479,3321.9863515272054,60093.27094425263
950021,51,uav_U1,uav_U2,False,0.9974760413169861,0.9820454120635986,0.9777594208717346,0.8565728664398193,0.9984074234962463,0.9583430290222168,0,-4.819884065692831,1563.5400566644205,35611.84130352272
950021,52,uav_U1,uav_U2,False,0.9974459409713745,0.9866434931755066,0.9867750406265259,0.8826464414596558,0.9962771534919739,0.9533440470695496,1,1.346948850107922,213.22534376643713,3867.679189239234
950021,53,uav_U1,uav_U2,False,0.9979373216629028,0.9796246886253357,0.9807387590408325,0.8558809161186218,0.9980250597000122,0.9475563764572144,0,-3.6224078322699382,873.1618092297182,17394.95257364315
950021,54,uav_U1,uav_U2,False,0.9980075359344482,0.9811961054801941,0.9873387813568115,0.8751134872436523,0.9975558519363403,0.942876935005188,1,1.3154642407846977,167.47469679449952,1871.8819869067213
950021,55,uav_U1,uav_U2,False,0.9973324537277222,0.9827156066894531,0.9860466718673706,0.8825428485870361,0.997376024723053,0.9638073444366455,1,0.8485362005800503,780.3435241890427,11650.022336923035
950021,56,uav_U1,uav_U2,False,0.9972422122955322,0.9837968945503235,0.986762523651123,0.8831397891044617,0.9967471957206726,0.9614103436470032,1,1.0459842727535562,711.2987286725469,10431.508237432914
950021,57,uav_U1,uav_U2,False,0.998031497001648,0.9855457544326782,0.9860841035842896,0.8792695999145508,0.9968568682670593,0.9543125629425049,1,1.0549608505358725,590.4452728399046,16903.030372226607
950021,58,uav_U1,uav_U2,False,0.9975316524505615,0.9863758087158203,0.9870951175689697,0.8714008331298828,0.9974870681762695,0.9616619348526001,1,0.5579149844788811,1006.9909125696241,26457.97952788411
950021,59,uav_U1,uav_U2,False,0.9976087808609009,0.9849653840065002,0.987959086894989,0.8965483903884888,0.9954975843429565,0.946014940738678,1,1.2349075120196078,458.7160071589229,7568.922652624952
950021,60,uav_U1,uav_U2,False,0.9975237250328064,0.979937732219696,0.988215446472168,0.8899863958358765,0.9977960586547852,0.9521394968032837,1,1.0233952935184167,686.6536381961575,4467.393041468005
950021,61,uav_U1,uav_U2,False,0.9969229698181152,0.9757800102233887,0.9757565259933472,0.8724170327186584,0.9981912970542908,0.9591172337532043,0,-7.500091470006396,2573.8522724470217,78398.54115724708
950021,62,uav_U1,uav_U2,False,0.9971978664398193,0.9765968918800354,0.9780765771865845,0.8395801782608032,0.9984378814697266,0.9568769931793213,0,-5.804289603798154,2058.5151936511984,33253.47573616151
950021,63,uav_U1,uav_U2,False,0.9975601434707642,0.9850971102714539,0.9872549772262573,0.8912352323532104,0.9957472681999207,0.9437255859375,0,-6.15916691850612,1588.0386064269806,27043.366919534885
950021,64,uav_U1,uav_U2,False,0.997943639755249,0.9790171384811401,0.9830466508865356,0.8842063546180725,0.997593343257904,0.9601957201957703,1,0.9573578575730042,963.5697710547062,37961.49639739335
950021,65,uav_U1,uav_U2,False,0.9972885251045227,0.9840766191482544,0.985843300819397,0.8758912086486816,0.9973936676979065,0.9597839117050171,0,-6.19996086924149,1087.7615320036007,21771.877729862124
950021,66,uav_U1,uav_U2,False,0.9970102310180664,0.9828338027000427,0.9875506162643433,0.9046037793159485,0.9962230324745178,0.954595685005188,0,-3.7777747214211033,2393.10023413718,40587.13918321801
950021,67,uav_U1,uav_U2,False,0.9974081516265869,0.9783011078834534,0.9774817824363708,0.8696438074111938,0.998218297958374,0.9520335793495178,1,0.6356667460851311,1322.2892299263176,19768.166105002714
950021,68,uav_U1,uav_U2,False,0.9955830574035645,0.9670866131782532,0.9743461608886719,0.8697665929794312,0.9979708790779114,0.9600478410720825,0,-7.5000912105487645,4422.14408015814,131680.5633503707
950021,69,uav_U1,uav_U2,False,0.997913122177124,0.9850711226463318,0.9867463111877441,0.8806089162826538,0.996325671672821,0.9587854146957397,1,1.1724790447195395,579.5497700398872,17286.38833270191
950021,70,uav_U1,uav_U2,False,0.9978069067001343,0.978126585483551,0.9846198558807373,0.8723849058151245,0.9978130459785461,0.9621845483779907,1,1.3573396615341582,226.8267183048098,6462.130733062382
950021,71,uav_U1,uav_U2,False,0.9977517127990723,0.9859511852264404,0.988019585609436,0.8771050572395325,0.9969517588615417,0.9583482146263123,1,1.0004700825070858,678.7364410747173,14181.594211189555
950021,72,uav_U1,uav_U2,False,0.9974390864372253,0.9697849154472351,0.9763998985290527,0.8418461084365845,0.9986680746078491,0.9378463625907898,0,-7.5000920591111315,4190.636220688168,54219.0727583332
950021,73,uav_U1,uav_U2,False,0.9958814382553101,0.966755211353302,0.972436785697937,0.8465948104858398,0.9981180429458618,0.9607453942298889,0,-4.715457158376038,4273.440352178384,78693.54348168847
950021,74,uav_U1,uav_U2,False,0.9979504346847534,0.9842950105667114,0.9860005378723145,0.889981210231781,0.9965413212776184,0.9467102885246277,0,-4.333082572428238,2725.65759108937,105882.35670650082
950021,75,uav_U1,uav_U2,False,0.9973706603050232,0.9813528656959534,0.9839715361595154,0.8793286681175232,0.9961443543434143,0.953920841217041,0,-7.500091499494054,1654.8172835899743,63331.76428282975
950021,76,uav_U1,uav_U2,False,0.9976986646652222,0.9812877774238586,0.9861608743667603,0.895721435546875,0.996396005153656,0.9577956199645996,1,0.5997969454829202,902.811795229169,30694.631639059015
950021,77,uav_U1,uav_U2,False,0.9973110556602478,0.9838783144950867,0.987519383430481,0.906250536441803,0.9956579208374023,0.9527029991149902,1,1.1202136641943181,637.1277775522368,17416.280450883944
950021,78,uav_U1,uav_U2,False,0.9980981945991516,0.9836119413375854,0.9864953756332397,0.8795467615127563,0.998328447341919,0.9567963480949402,1,1.4142698886345921,168.53619583258305,4031.0137958617674
950021,79,uav_U1,uav_U2,False,0.9968807697296143,0.9665879011154175,0.9752050638198853,0.864331066608429,0.9987766146659851,0.9462220072746277,0,-7.500091697903806,5146.344673505546,97318.45377124395
950021,80,uav_U1,uav_U2,False,0.9978522062301636,0.9789943099021912,0.9863030910491943,0.9002844095230103,0.9973419904708862,0.9432282447814941,1,1.0630709283129136,213.17664676601743,5972.6937013587685
950021,81,uav_U1,uav_U2,False,0.9976814985275269,0.9812688231468201,0.9810525178909302,0.8788956999778748,0.996829092502594,0.9630494117736816,1,1.3998879624623748,151.8307473568812,3575.4082258161825
950021,82,uav_U1,uav_U2,False,0.9970259666442871,0.9765183329582214,0.9695703983306885,0.8601281046867371,0.9980619549751282,0.9522178769111633,0,-5.765171002880603,3585.057337713209,126259.42490269622
950021,83,uav_U1,uav_U2,False,0.9972941279411316,0.983240008354187,0.9869225025177002,0.8877496123313904,0.9940752387046814,0.9530125260353088,0,-7.500091453296437,3657.3067018957345,155502.4243524952
950021,84,uav_U1,uav_U2,False,0.9972516298294067,0.9743669629096985,0.9823876619338989,0.882229745388031,0.9982284307479858,0.9567127227783203,0,-3.526034949884406,871.0258970393463,23354.79371169976
950021,85,uav_U1,uav_U2,False,0.9972429275512695,0.9822822213172913,0.987155556678772,0.8771283626556396,0.9981049299240112,0.9578001499176025,1,0.8299927531789748,1319.0636905805968,23753.034589327453
950021,86,uav_U1,uav_U2,False,0.9971929788589478,0.9858518838882446,0.9881277084350586,0.8802392482757568,0.9955189824104309,0.943203330039978,1,0.8414651296932645,429.96335369644595,7284.943257820759
950021,87,uav_U1,uav_U2,False,0.9976907968521118,0.983492374420166,0.9860400557518005,0.8884021043777466,0.9962195754051208,0.9467494487762451,1,0.5505628238951055,673.0858057389638,11016.829619205862
950021,88,uav_U1,uav_U2,False,0.9976491928100586,0.9796702861785889,0.9843575954437256,0.8761640787124634,0.9974195957183838,0.9490184783935547,1,0.6274594926739163,698.8311470724599,7884.34003330167
950021,89,uav_U1,uav_U2,False,0.9973917007446289,0.9786787033081055,0.9863898754119873,0.9034606218338013,0.9954860210418701,0.944639265537262,0,-7.5000916498453005,1497.567336083679,35952.62343520202
950021,90,uav_U1,uav_U2,False,0.9961069822311401,0.9607362747192383,0.9643728137016296,0.8696640133857727,0.9986299276351929,0.9519331455230713,0,-4.692768263875071,4128.810151699058,67308.66074051622
950021,91,uav_U1,uav_U2,False,0.9981358647346497,0.9832702875137329,0.9863866567611694,0.8815814852714539,0.9980355501174927,0.9433400630950928,1,1.2692764148059932,348.48436426316,5971.866426922555
950021,92,uav_U1,uav_U2,False,0.9973914623260498,0.9683871269226074,0.9773681163787842,0.8552209138870239,0.9987235069274902,0.9477048516273499,0,-3.8299914084937674,2638.5207752457472,37337.85686496451
950021,93,uav_U1,uav_U2,False,0.9975149631500244,0.9838016033172607,0.9859120845794678,0.8918437361717224,0.996276319026947,0.9520074725151062,1,0.8737149337018775,829.0798442411239,16092.038163179763
950021,94,uav_U1,uav_U2,False,0.9977246522903442,0.9842140674591064,0.9886234402656555,0.8982931971549988,0.9965149164199829,0.9502360224723816,0,-3.5620157219637507,955.7317562094037,38179.493540032905
950021,95,uav_U1,uav_U2,False,0.9979225397109985,0.9835876226425171,0.9848145842552185,0.8726111650466919,0.9977279305458069,0.9496132135391235,1,1.3985497513090148,197.44627560977412,4615.081622717064
950021,96,uav_U1,uav_U2,False,0.9969627857208252,0.9791991114616394,0.9859195351600647,0.9068745374679565,0.9964297413825989,0.9425897002220154,0,-5.190357948178434,4075.7536893272068,119685.63648576039
950021,97,uav_U1,uav_U2,False,0.9978587627410889,0.982037365436554,0.9860943555831909,0.8801772594451904,0.9979803562164307,0.9551824331283569,1,0.8718211207463868,364.2904857066319,7726.52238761363
950021,98,uav_U1,uav_U2,False,0.9977683424949646,0.9718470573425293,0.9746584892272949,0.8557048439979553,0.9981634020805359,0.9370617866516113,0,-3.71464156709186,1299.568290972656,31484.527014101346
950021,99,uav_U1,uav_U2,False,0.996516764163971,0.9774802923202515,0.9804983139038086,0.8772376775741577,0.9965882897377014,0.944246768951416,1,1.1135341819528168,3861.9173790037967,142491.04697698477
950022,0,uav_U1,uav_U2,False,0.9982337355613708,0.983407735824585,0.9822797775268555,0.8695114850997925,0.997494101524353,0.956305980682373,0,-3.6929027908401233,481.8957037799019,18682.078100642106
950022,1,uav_U1,uav_U2,False,0.9958630204200745,0.9755734205245972,0.9575936794281006,0.8486616015434265,0.9989954829216003,0.9677969813346863,0,-4.248276079101115,3356.5143521833656,61097.37094679396
950022,2,uav_U1,uav_U2,False,0.9959903955459595,0.9765560626983643,0.962388813495636,0.8414889574050903,0.9991315007209778,0.9532565474510193,0,-4.5247448641567205,2518.668323113466,30063.60316531944
950022,3,uav_U1,uav_U2,False,0.997372031211853,0.9830606579780579,0.9848929643630981,0.8757956624031067,0.9987154006958008,0.9507542252540588,1,0.9803139146502635,469.1936614094448,7478.097726350097
950022,4,uav_U1,uav_U2,False,0.9969484806060791,0.9840848445892334,0.9816746711730957,0.8675819635391235,0.9982636570930481,0.9542469382286072,1,1.0039731978865556,984.4306788585585,14191.996534639304
950022,5,uav_U1,uav_U2,False,0.9974714517593384,0.9799643754959106,0.9807660579681396,0.8609628677368164,0.9980185031890869,0.9606210589408875,1,1.0174105694248692,167.90920639657227,3948.4588272172614
950022,6,uav_U1,uav_U2,False,0.9969955682754517,0.9814932942390442,0.9800410270690918,0.8587063550949097,0.998896598815918,0.9704188108444214,0,-4.341025285834883,535.7116607299042,8913.970601383537
950022,7,uav_U1,uav_U2,False,0.9974288940429688,0.9855543971061707,0.9826459884643555,0.8698058724403381,0.9979134202003479,0.953134298324585,1,1.3201469772064145,241.41946736616714,5481.070334611427
950022,8,uav_U1,uav_U2,False,0.996566891670227,0.9806297421455383,0.9768570065498352,0.8502752780914307,0.998772919178009,0.9720954298973083,1,1.0813929094502164,823.2200011525092,17356.717312526755
950022,9,uav_U1,uav_U2,False,0.9963607788085938,0.9772695899009705,0.984652578830719,0.8817524909973145,0.998300313949585,0.9496819972991943,1,0.5693502091143128,934.280064575287,8239.224106845346
950022,10,uav_U1,uav_U2,False,0.9964215755462646,0.977642297744751,0.9694059491157532,0.8479359745979309,0.9990388751029968,0.952265202999115,0,-7.5000923486773665,4849.08661413867,36781.31826425735
950022,11,uav_U1,uav_U2,False,0.9963560700416565,0.9769237637519836,0.9646925926208496,0.843660295009613,0.9989136457443237,0.9647536277770996,0,-7.500091515280913,1977.9975540773928,42685.32845342984
950022,12,uav_U1,uav_U2,False,0.9954566359519958,0.9735467433929443,0.9607969522476196,0.8277554512023926,0.9990906715393066,0.9633223414421082,0,-4.589220459040304,2412.9440198205493,45218.52711307829
950022,13,uav_U1,uav_U2,False,0.9969707727432251,0.982441246509552,0.9771671295166016,0.8519394993782043,0.9988633990287781,0.9718766808509827,1,1.2109611050481146,475.0294090408031,12458.9870807494
950022,14,uav_U1,uav_U2,False,0.9967010021209717,0.9819377660751343,0.9799154996871948,0.8512212038040161,0.9985626339912415,0.9640085697174072,0,-3.667442644869964,932.7133962919994,16420.577254770727
950022,15,uav_U1,uav_U2,False,0.9972962141036987,0.984749972820282,0.9847920536994934,0.878840982913971,0.9966834187507629,0.962864100933075,1,0.8738100853105404,563.4884753933825,14883.184256352324
950022,16,uav_U1,uav_U2,False,0.9977906942367554,0.9845640659332275,0.9828989505767822,0.8610944747924805,0.9986039996147156,0.950952410697937,1,1.3927539092746664,170.4823034640249,2842.7510619568084
950022,17,uav_U1,uav_U2,False,0.9974298477172852,0.9853183031082153,0.9808055758476257,0.8686691522598267,0.9981289505958557,0.9611270427703857,1,0.6036572176090116,381.80299655633104,10906.836329643424
950022,18,uav_U1,uav_U2,False,0.9969372749328613,0.9808253049850464,0.9835705161094666,0.881921648979187,0.9976620674133301,0.9486636519432068,1,0.8507473799397978,754.9741617040795,13053.818543825382
950022,19,uav_U1,uav_U2,False,0.9971476793289185,0.9817129969596863,0.9801996946334839,0.8465227484703064,0.998744547367096,0.9607887268066406,1,0.9793536333259152,339.4014906891685,5285.790326476608
950022,20,uav_U1,uav_U2,False,0.9972163438796997,0.9823719263076782,0.981003999710083,0.8411020040512085,0.9990066885948181,0.9603967666625977,1,1.2626140399049108,402.6879555026851,5571.714254029317
950022,21,uav_U1,uav_U2,False,0.9973740577697754,0.9830291271209717,0.9845919609069824,0.8606904149055481,0.9983365535736084,0.9636583924293518,1,1.0189569121361661,360.71357175877944,8804.571625405386
950022,22,uav_U1,uav_U2,False,0.9977350831031799,0.9849578142166138,0.9872564077377319,0.878130316734314,0.9980199337005615,0.9533674716949463,1,0.6805859449098055,1156.0640019106133,37857.60262976679
950022,23,uav_U1,uav_U2,False,0.9974938631057739,0.9742107391357422,0.971137523651123,0.8416633605957031,0.9989386200904846,0.9387037754058838,1,0.7323686385933297,748.3510060605089,13097.86762406562
950022,24,uav_U1,uav_U2,False,0.9974197149276733,0.9885420799255371,0.985144853591919,0.8869308233261108,0.9977487325668335,0.961348295211792,0,-4.302409037263013,2880.103457371396,117239.70381003509
950022,25,uav_U1,uav_U2,False,0.9971175193786621,0.9850267171859741,0.984050452709198,0.8635596632957458,0.9977284669876099,0.9671250581741333,1,1.3213754707125878,244.0545335965535,6328.754800499089
950022,26,uav_U1,uav_U2,False,0.9956614375114441,0.972334623336792,0.9534203410148621,0.8303515911102295,0.999099850654602,0.9658264517784119,0,-5.723437789329058,4112.989939556036,80026.2415765078
950022,27,uav_U1,uav_U2,False,0.9946085214614868,0.9710030555725098,0.9599981904029846,0.8393545150756836,0.9991323351860046,0.966529130935669,0,-4.975517328324683,4755.293654570532,87405.02993786105
950022,28,uav_U1,uav_U2,False,0.9963580369949341,0.9651004076004028,0.9640101194381714,0.8571239709854126,0.9991077780723572,0.9356817603111267,0,-6.506418006939456,4611.281994651728,142595.43785319614
950022,29,uav_U1,uav_U2,False,0.9972501397132874,0.983924388885498,0.9856871366500854,0.8813735246658325,0.9981085062026978,0.950847327709198,1,0.6797798293943498,1408.1591388560134,9750.772322753033
950022,30,uav_U1,uav_U2,False,0.9960805177688599,0.9686959385871887,0.9647023677825928,0.8284810185432434,0.9990377426147461,0.9619652628898621,0,-3.5695596521515034,1413.8368278811456,26012.390176756857
950022,31,uav_U1,uav_U2,False,0.9969881176948547,0.9813486337661743,0.9819358587265015,0.8636936545372009,0.9975289702415466,0.9594398140907288,1,1.2728320829464705,275.8975435553642,5424.778579130025
950022,32,uav_U1,uav_U2,False,0.9973423480987549,0.9822068214416504,0.9844027161598206,0.8714015483856201,0.9969273805618286,0.9373242259025574,1,1.123058244130203,546.4324103354503,10844.288323423896
950022,33,uav_U1,uav_U2,False,0.9969364404678345,0.982850968837738,0.9831916093826294,0.8525229096412659,0.9983144998550415,0.9565529823303223,1,1.0380612068127457,508.95489929485217,4442.468332356239
950022,34,uav_U1,uav_U2,False,0.9965312480926514,0.9630769491195679,0.9632974863052368,0.8358407020568848,0.9992324113845825,0.9483363628387451,0,-5.334976085767631,3447.2186069744444,30184.56641338007
950022,35,uav_U1,uav_U2,False,0.994189441204071,0.9648381471633911,0.9270852208137512,0.8299466371536255,0.9990365505218506,0.9592223763465881,0,-7.5002730769073995,7047.196473974351,192004.88986940458
950022,36,uav_U1,uav_U2,False,0.9977178573608398,0.983258843421936,0.9835249185562134,0.8723543882369995,0.9983623027801514,0.9576748013496399,1,1.1958550907013696,545.7755543543543,15508.890819275444
950022,37,uav_U1,uav_U2,False,0.9976687431335449,0.9868030548095703,0.986364483833313,0.8687169551849365,0.9983409643173218,0.9462630748748779,1,1.0755273458408752,737.5742359865915,21739.19113533442
950022,38,uav_U1,uav_U2,False,0.9940733909606934,0.949586808681488,0.9210084676742554,0.8528977036476135,0.9990350008010864,0.951524555683136,0,-6.3852502427286355,7117.611608771332,162710.26340051254
950022,39,uav_U1,uav_U2,False,0.9944740533828735,0.9656772613525391,0.9626502990722656,0.8390041589736938,0.9987433552742004,0.9485142230987549,0,-4.325344589554545,3060.9484388076244,23553.64907969049
950022,40,uav_U1,uav_U2,False,0.9959434270858765,0.9663785696029663,0.9596047401428223,0.8624419569969177,0.9988283514976501,0.9533909559249878,0,-4.74177793901934,1573.664008382762,46443.84642226574
950022,41,uav_U1,uav_U2,False,0.9973447918891907,0.9771905541419983,0.9709610342979431,0.8326543569564819,0.9991426467895508,0.9441016912460327,1,0.5329741186778749,1573.2013168541898,18997.53468442397
950022,42,uav_U1,uav_U2,False,0.9948182106018066,0.9727349877357483,0.9523463249206543,0.8476921319961548,0.9988295435905457,0.9676194190979004,0,-7.500091057859774,4495.639452234486,152066.45222062475
950022,43,uav_U1,uav_U2,False,0.9975762963294983,0.9712254405021667,0.9700524210929871,0.8429504632949829,0.9987592697143555,0.9276700019836426,0,-4.031438374773254,1391.9941161997929,33589.122738509446
950022,44,uav_U1,uav_U2,False,0.9966458678245544,0.9702082872390747,0.9598422646522522,0.8393574357032776,0.9991791844367981,0.964599072933197,0,-4.0110191481040545,2538.3581587095487,42802.80563862168
950022,45,uav_U1,uav_U2,False,0.9978203773498535,0.9797213077545166,0.9776890873908997,0.8721524477005005,0.9987121224403381,0.9577397704124451,1,1.1634187109827474,161.85143821605453,3378.2931201932556
950022,46,uav_U1,uav_U2,False,0.9976474046707153,0.980241596698761,0.9845510721206665,0.8702868819236755,0.9986196160316467,0.93190598487854,1,1.282048443103229,405.8728656023959,9633.615723859217
950022,47,uav_U1,uav_U2,False,0.99736088514328,0.9826774001121521,0.9823030829429626,0.8695327639579773,0.9981390237808228,0.9608333110809326,1,1.2631084568722257,441.395137752695,13228.992526577957
950022,48,uav_U1,uav_U2,False,0.9962246417999268,0.9784621000289917,0.9709896445274353,0.8423187732696533,0.9991275668144226,0.9547905325889587,0,-5.421399786418348,2915.465387714419,35266.4187568558
950022,49,uav_U1,uav_U2,False,0.9954136610031128,0.9724366664886475,0.9659979343414307,0.8458012938499451,0.9984292387962341,0.9550570845603943,0,-4.089801496629085,2384.5649037263593,33256.741818093134
950022,50,uav_U1,uav_U2,False,0.996706485748291,0.9828431010246277,0.9829286336898804,0.8778731822967529,0.998733401298523,0.9618651866912842,0,-4.778260688048734,1050.2357794368736,13828.103681568591
950022,51,uav_U1,uav_U2,False,0.9978111982345581,0.9823928475379944,0.9826569557189941,0.8834291696548462,0.998076856136322,0.9441182613372803,0,-7.5002746089041965,1594.655147780095,71158.97574083516
950022,52,uav_U1,uav_U2,False,0.9972569942474365,0.9814453721046448,0.9750344753265381,0.863027811050415,0.9985053539276123,0.9648096561431885,1,1.42530969411541,99.58907478332763,2086.7251258396145
950022,53,uav_U1,uav_U2,False,0.9961212873458862,0.965198278427124,0.957732081413269,0.8626036047935486,0.9990078210830688,0.9449849724769592,0,-7.500091678752305,2264.639225820592,32600.318123762216
950022,54,uav_U1,uav_U2,False,0.9949499368667603,0.9528288841247559,0.9558528065681458,0.8546450138092041,0.9991297125816345,0.9489356875419617,0,-4.386486585756964,2918.2528622143677,28632.59485800655
950022,55,uav_U1,uav_U2,False,0.9977457523345947,0.9774184226989746,0.9813294410705566,0.879697322845459,0.9983218312263489,0.9313361644744873,1,1.0295409506869204,425.2119654390557,8583.615994045827
950022,56,uav_U1,uav_U2,False,0.9972092509269714,0.9783680438995361,0.9819769859313965,0.8902654647827148,0.9984123110771179,0.9532918930053711,0,-6.852789730358783,2629.029363316508,33020.32340645432
950022,57,uav_U1,uav_U2,False,0.9971237778663635,0.9675626754760742,0.9853492975234985,0.8871302604675293,0.9982883930206299,0.9166000485420227,1,1.4891349230537376,108.60489971780655,2035.7296177304984
950022,58,uav_U1,uav_U2,False,0.9964370727539062,0.9543125033378601,0.9599164724349976,0.8655444383621216,0.9981580376625061,0.8959285020828247,1,1.4603307590108858,396.64676516145187,17124.505097320587
950022,59,uav_U1,uav_U2,False,0.9974422454833984,0.98157799243927,0.9853900074958801,0.8728262186050415,0.997541606426239,0.9251601696014404,0,-4.593964658636198,1227.0094068987942,15080.454880347505
950022,60,uav_U1,uav_U2,False,0.9971579313278198,0.9774032831192017,0.9844667911529541,0.888774573802948,0.9983083009719849,0.9463721513748169,1,0.6756285921260601,41.21834041920639,483.54728472217175
950022,61,uav_U1,uav_U2,False,0.9960510730743408,0.9601085186004639,0.9602643251419067,0.8356133699417114,0.9991124868392944,0.9477792978286743,0,-7.500092240089857,4208.735018634678,35482.61474823585
950022,62,uav_U1,uav_U2,False,0.9970005750656128,0.9757384657859802,0.9816716909408569,0.895635724067688,0.9974410533905029,0.9367616772651672,1,0.545164541009824,1203.9314701376127,14568.222776351617
950022,63,uav_U1,uav_U2,False,0.9975389242172241,0.9819634556770325,0.9825091361999512,0.882790207862854,0.9977817535400391,0.9539674520492554,1,0.9412653103618447,855.2827185814996,36716.790603843016
950022,64,uav_U1,uav_U2,False,0.997657835483551,0.977933406829834,0.973039984703064,0.8447100520133972,0.9986273050308228,0.9313070774078369,0,-3.5610266869934666,859.3572503477227,17721.76450807858
950022,65,uav_U1,uav_U2,False,0.9972275495529175,0.9701353907585144,0.9724560976028442,0.8510491847991943,0.9983815550804138,0.924543559551239,0,-3.812855796529046,1815.5530447625029,66199.03761402934
950022,66,uav_U1,uav_U2,False,0.997911274433136,0.9838041067123413,0.9789402484893799,0.8681119084358215,0.9983294606208801,0.9496463537216187,1,0.5724624841943895,617.6789160385614,17582.258890660698
950022,67,uav_U1,uav_U2,False,0.9973458051681519,0.9850250482559204,0.984357476234436,0.8771951198577881,0.9981279373168945,0.9523658752441406,0,-7.5000920679943945,2399.116561539581,27472.788144481587
950022,68,uav_U1,uav_U2,False,0.9978259801864624,0.968694806098938,0.9795961380004883,0.8791792392730713,0.998701274394989,0.9294316172599792,1,1.3080109961425053,332.74988846957166,7736.960945360693
950022,69,uav_U1,uav_U2,False,0.9975725412368774,0.9743559956550598,0.983298659324646,0.8616998791694641,0.998177170753479,0.9159127473831177,1,0.9240909960838766,924.1866595107764,17247.306656614703
950022,70,uav_U1,uav_U2,False,0.9962916374206543,0.9697129726409912,0.9510985016822815,0.8466262221336365,0.9989369511604309,0.9619753360748291,0,-4.432973083848402,2945.711398174306,56011.94652874741
950022,71,uav_U1,uav_U2,False,0.9965582489967346,0.9731709361076355,0.9571816921234131,0.8432852029800415,0.9987720847129822,0.9544388651847839,0,-3.868258590381539,1987.9467209658044,44988.889332663195
950022,72,uav_U1,uav_U2,False,0.9972378015518188,0.970608115196228,0.9735995531082153,0.8401725888252258,0.9989402890205383,0.9283246397972107,0,-7.5000917450264915,1561.5721120036424,26673.925530140135
950022,73,uav_U1,uav_U2,False,0.9978996515274048,0.9822813272476196,0.9814907312393188,0.8597197532653809,0.998616099357605,0.9435534477233887,1,1.3032016503362323,262.60297052165294,3809.787174537138
950022,74,uav_U1,uav_U2,False,0.9975945949554443,0.9815666675567627,0.9832755327224731,0.8796132802963257,0.9978398084640503,0.9363830089569092,0,-3.8662489646491136,1572.447197029483,55912.688986583315
950022,75,uav_U1,uav_U2,False,0.9971963167190552,0.9824146032333374,0.9860026836395264,0.887485146522522,0.9982379674911499,0.9531557559967041,1,0.5630250363121314,1331.3104123540647,11010.17711626476
950022,76,uav_U1,uav_U2,False,0.9976589679718018,0.9802508354187012,0.9839224815368652,0.8843690156936646,0.9983500242233276,0.9381868243217468,1,0.8013572614791582,1181.2492745257507,18061.30827668717
950022,77,uav_U1,uav_U2,False,0.9970442056655884,0.9822322726249695,0.9820741415023804,0.876167893409729,0.9977635145187378,0.9536651372909546,1,0.96131458276312,711.4825553757134,21207.100038961922
950022,78,uav_U1,uav_U2,False,0.9980171918869019,0.9806822538375854,0.9806719422340393,0.8770685195922852,0.997663140296936,0.9508198499679565,1,0.8108620619940796,1296.7852430750227,56564.39301584094
950022,79,uav_U1,uav_U2,False,0.9976196885108948,0.9844961762428284,0.9846049547195435,0.8800402283668518,0.9971028566360474,0.9377756118774414,0,-5.023548773417064,1415.6594341624007,35536.4895121626
950022,80,uav_U1,uav_U2,False,0.9964433908462524,0.9644250869750977,0.955446720123291,0.8552470803260803,0.9990847706794739,0.9336786866188049,0,-7.500091688073962,7070.475036665499,98597.41481921944
950022,81,uav_U1,uav_U2,False,0.9975696802139282,0.9806510210037231,0.9833933115005493,0.8581012487411499,0.9987674355506897,0.9439881443977356,1,1.243077048209481,148.19155489395405,2578.631072951995
950022,82,uav_U1,uav_U2,False,0.9969810247421265,0.9731320738792419,0.9851195812225342,0.8883931636810303,0.9981182813644409,0.9347121715545654,1,1.0864043910296166,550.7868663599673,6277.069550088602
950022,83,uav_U1,uav_U2,False,0.9968168139457703,0.9733074903488159,0.9845181703567505,0.8572719693183899,0.9983863830566406,0.9094228148460388,1,1.4927765501319425,72.18817195585595,408.42989693561714
950022,84,uav_U1,uav_U2,False,0.9974817633628845,0.9837934970855713,0.9880166053771973,0.8683868646621704,0.9982408285140991,0.9285512566566467,1,0.6619506968138222,1400.2263656841908,14119.030658325226
950022,85,uav_U1,uav_U2,False,0.9976530075073242,0.9825052618980408,0.9812302589416504,0.8537427186965942,0.9985411167144775,0.9433229565620422,0,-3.580818613981093,480.9235013308526,13860.850673141505
950022,86,uav_U1,uav_U2,False,0.9974966049194336,0.97437584400177,0.9769864082336426,0.8593937158584595,0.9986242055892944,0.9428984522819519,1,0.5084838124480184,634.5115542359466,9808.97483050863
950022,87,uav_U1,uav_U2,False,0.997663676738739,0.9747239947319031,0.983548641204834,0.8707609176635742,0.9981544017791748,0.9198623895645142,0,-3.508804218342413,1091.4259619172099,8975.41018842492
950022,88,uav_U1,uav_U2,False,0.9973618984222412,0.980667769908905,0.9853942394256592,0.8690160512924194,0.9977548718452454,0.9385606050491333,1,1.081965710483042,404.568412870572,8937.16384727573
950022,89,uav_U1,uav_U2,False,0.9975712895393372,0.9822137355804443,0.984477162361145,0.8830055594444275,0.997497022151947,0.9331383109092712,1,0.5408572265492033,1238.134643218884,17976.982903466484
950022,90,uav_U1,uav_U2,False,0.9971861243247986,0.981189489364624,0.9851335287094116,0.8827499151229858,0.9979848861694336,0.9453756809234619,1,0.6133147195075281,183.5248710611501,3976.574445104279
950022,91,uav_U1,uav_U2,False,0.9969978928565979,0.961870551109314,0.9645479917526245,0.8499405980110168,0.9984217882156372,0.9414105415344238,0,-4.798537514495077,1838.7568524307255,67743.89259454323
950022,92,uav_U1,uav_U2,False,0.997883141040802,0.9747070074081421,0.9818289279937744,0.8761423230171204,0.9985714554786682,0.9416611194610596,1,1.0204144568089326,221.52610841805563,4504.364637330321
950022,93,uav_U1,uav_U2,False,0.9973725080490112,0.977918267250061,0.9851369857788086,0.8681550621986389,0.9987056255340576,0.9451001882553101,0,-7.500092310168989,2147.505164459744,18792.215343843465
950022,94,uav_U1,uav_U2,False,0.997840166091919,0.9753434658050537,0.9756435751914978,0.8713663816452026,0.9981323480606079,0.9307381510734558,1,1.1691786361725567,456.73746559417293,9457.915594942167
950022,95,uav_U1,uav_U2,False,0.9977137446403503,0.9849509596824646,0.9856030344963074,0.8696551322937012,0.9975032210350037,0.9400705695152283,1,0.9589072319580823,384.6516756979824,7681.776774157136
950022,96,uav_U1,uav_U2,False,0.9978663921356201,0.9765462279319763,0.9798233509063721,0.8519940972328186,0.9984206557273865,0.9387675523757935,1,0.5485492578855853,347.24591169626797,4965.92224068984
950022,97,uav_U1,uav_U2,False,0.9972952604293823,0.9840320348739624,0.9859416484832764,0.8923056125640869,0.9962639212608337,0.9402793645858765,0,-4.980763910494785,2654.3195269004987,110244.58828916699
950022,98,uav_U1,uav_U2,False,0.9970982074737549,0.9564721584320068,0.964041531085968,0.8347894549369812,0.998821496963501,0.8972733020782471,0,-4.035749463029278,2764.184083852812,61196.4296729563
950022,99,uav_U1,uav_U2,False,0.9961662292480469,0.9706827998161316,0.9830442667007446,0.8910322189331055,0.9978819489479065,0.942798912525177,0,-3.645633032825652,1639.2701069707225,41740.807228507365
950023,0,uav_U1,uav_U2,False,0.9974752068519592,0.9723435640335083,0.9734695553779602,0.8745405673980713,0.9986701607704163,0.9558894634246826,0,-3.6154443301616297,718.2868296131494,8600.48895778045
950023,1,uav_U1,uav_U2,False,0.9962761998176575,0.973770260810852,0.9626848697662354,0.8447958827018738,0.9992820024490356,0.9520134329795837,0,-4.391995094433982,2871.9096352209813,63072.27762350219
950023,2,uav_U1,uav_U2,False,0.9977133870124817,0.9831660985946655,0.982083797454834,0.8513742089271545,0.9989364147186279,0.953569769859314,1,1.1639294028651106,611.145111268674,8385.904391291067
950023,3,uav_U1,uav_U2,False,0.9965916872024536,0.9818264245986938,0.9795523881912231,0.8686477541923523,0.9986461997032166,0.966584324836731,0,-3.5475463161207563,698.6520114340437,7807.560421415372
950023,4,uav_U1,uav_U2,False,0.9971237182617188,0.9834194779396057,0.9840251207351685,0.8804062604904175,0.9975530505180359,0.9509052038192749,0,-4.0004552151259585,1623.3928713999321,17023.907637226795
950023,5,uav_U1,uav_U2,False,0.9976561665534973,0.9861268997192383,0.9838507175445557,0.873080849647522,0.9973316788673401,0.9516862630844116,0,-3.5693945514071768,483.32491276678763,13916.245778834944
950023,6,uav_U1,uav_U2,False,0.9969556331634521,0.986078143119812,0.9847118854522705,0.8817808032035828,0.9984198212623596,0.969732403755188,1,1.1905267181596761,512.9548058587701,11554.43754746129
950023,7,uav_U1,uav_U2,False,0.9965420961380005,0.981468677520752,0.979255199432373,0.8621956706047058,0.9986439943313599,0.9665565490722656,1,1.2269593851376113,501.40696688140196,6564.8851841823725
950023,8,uav_U1,uav_U2,False,0.9967535138130188,0.9775238037109375,0.9612587690353394,0.8372017741203308,0.9990045428276062,0.9633256793022156,0,-3.9651095950669304,1185.1994481343231,22361.269512455583
950023,9,uav_U1,uav_U2,False,0.99739009141922,0.9847497344017029,0.9821884632110596,0.8674652576446533,0.9978272318840027,0.9550164937973022,1,1.2671110231841458,393.427493808983,10128.861024545833
950023,10,uav_U1,uav_U2,False,0.9960228800773621,0.9768507480621338,0.9594296813011169,0.8519603610038757,0.9991243481636047,0.960728108882904,0,-4.602185252008814,3403.290061433524,96688.44353715812
950023,11,uav_U1,uav_U2,False,0.9967432022094727,0.9743314981460571,0.9784696698188782,0.8788663744926453,0.9986801743507385,0.9346163272857666,1,1.127296757346724,3724.248628244832,21249.881650701347
950023,12,uav_U1,uav_U2,False,0.9976588487625122,0.9853857159614563,0.985228419303894,0.8675707578659058,0.9985706806182861,0.9549411535263062,1,0.5673541822859489,756.3011458935305,10954.403127427056
950023,13,uav_U1,uav_U2,False,0.9969226121902466,0.9852068424224854,0.9826797246932983,0.8600103259086609,0.9985122680664062,0.9647420048713684,1,1.1922020319933049,544.0248941683793,13290.183168391528
950023,14,uav_U1,uav_U2,False,0.9973761439323425,0.9862957000732422,0.9853540658950806,0.8747811317443848,0.9965569972991943,0.9692308902740479,0,-4.650525225776569,1666.5861765807554,76552.05767410758
950023,15,uav_U1,uav_U2,False,0.9966500401496887,0.9774909615516663,0.9842562675476074,0.8905178904533386,0.9980946779251099,0.9537819027900696,1,0.8018914127832659,1119.6187163001046,12883.824629759902
950023,16,uav_U1,uav_U2,False,0.9973291158676147,0.987529993057251,0.9831164479255676,0.8780633211135864,0.9983338713645935,0.9543729424476624,0,-4.578585710053482,1558.8706897758532,66789.99927057634
950023,17,uav_U1,uav_U2,False,0.9968122243881226,0.9803466200828552,0.9781466126441956,0.8495327830314636,0.9988303184509277,0.9698870182037354,1,1.2440248680340893,511.7668933138771,9532.093757343606
950023,18,uav_U1,uav_U2,False,0.9970999956130981,0.9744933843612671,0.9616352319717407,0.8500266075134277,0.9990097880363464,0.943705677986145,0,-7.500091530097611,3271.6624243182296,90496.24989378816
950023,19,uav_U1,uav_U2,False,0.9974684715270996,0.9871668219566345,0.9835305213928223,0.8757195472717285,0.9969382286071777,0.9488105773925781,1,0.8616050257186378,866.1777152032644,26519.807656108496
950023,20,uav_U1,uav_U2,False,0.9978986978530884,0.9847145676612854,0.9828047752380371,0.8694165349006653,0.9975917339324951,0.9484472274780273,1,0.7469889002922023,1456.1464035468748,64165.60412506823
950023,21,uav_U1,uav_U2,False,0.9972654581069946,0.9846543669700623,0.9829765558242798,0.8681056499481201,0.9983804821968079,0.9572411775588989,0,-4.042578778382645,541.4130132555717,15867.335776013862
950023,22,uav_U1,uav_U2,False,0.9850791096687317,0.9647197127342224,0.8812195062637329,0.8639978766441345,0.998175859451294,0.9555979371070862,0,-7.500089260728937,20236.598064408354,714971.9493114055
950023,23,uav_U1,uav_U2,False,0.9974332451820374,0.985307514667511,0.9864097833633423,0.8753452301025391,0.9981253743171692,0.9514136910438538,1,0.6922209456631283,1432.0293499725942,20914.199108874473
950023,24,uav_U1,uav_U2,False,0.9972693920135498,0.982216477394104,0.9843525886535645,0.8899462223052979,0.9967545866966248,0.9420047402381897,1,0.9932247288410394,693.143211250854,16802.540272185022
950023,25,uav_U1,uav_U2,False,0.9942816495895386,0.9510341882705688,0.9480939507484436,0.8398032784461975,0.9991399049758911,0.9146444201469421,1,0.6830982516829862,8166.276754479034,116243.7808184323
950023,26,uav_U1,uav_U2,False,0.9943647384643555,0.9662067890167236,0.9559848308563232,0.8337817192077637,0.9990377426147461,0.9666156768798828,0,-5.838911905627269,3078.3918057842343,22424.88646689129
950023,27,uav_U1,uav_U2,False,0.9973188638687134,0.9767738580703735,0.9829331636428833,0.875595211982727,0.9986396431922913,0.9441774487495422,0,-6.096175167811097,1528.3355371061273,43060.886517081126
950023,28,uav_U1,uav_U2,False,0.9966177940368652,0.979191780090332,0.9711856245994568,0.8664711713790894,0.9983735084533691,0.9438186883926392,1,1.2811356896946031,2185.900697749577,68833.78402224317
950023,29,uav_U1,uav_U2,False,0.9973220825195312,0.9868816137313843,0.9835358262062073,0.8740534782409668,0.9974992275238037,0.9528552293777466,0,-3.6478111642418956,1264.7870464569048,43740.47839268489
950023,30,uav_U1,uav_U2,False,0.9974905252456665,0.9818525314331055,0.977337121963501,0.869484007358551,0.9984338283538818,0.9517444372177124,0,-4.208487549482245,1086.5397452455277,24356.97840020971
950023,31,uav_U1,uav_U2,False,0.9970825910568237,0.9790924191474915,0.9813295602798462,0.8729324340820312,0.99897301197052,0.9589865207672119,0,-4.300761490724177,1042.5877194893546,15148.661611254583
950023,32,uav_U1,uav_U2,False,0.9967167377471924,0.9746056199073792,0.9565577507019043,0.850838303565979,0.9991010427474976,0.9562833905220032,0,-3.5320201148092467,2049.4098399026557,36883.30803590031
950023,33,uav_U1,uav_U2,False,0.9964609146118164,0.9805670380592346,0.9818155765533447,0.8892213106155396,0.9967696666717529,0.9613922834396362,0,-7.490450925927883,4146.988853460717,179758.4260941718
950023,34,uav_U1,uav_U2,False,0.9966462850570679,0.9706162214279175,0.9438886642456055,0.8547251224517822,0.9989919066429138,0.9565966129302979,0,-7.5000919244027004,4998.338312707315,61438.04346697046
950023,35,uav_U1,uav_U2,False,0.996803343296051,0.978655219078064,0.9787392616271973,0.8583313822746277,0.998624324798584,0.9647423028945923,1,0.969461321478368,978.1447171100795,31315.62153191818
950023,36,uav_U1,uav_U2,False,0.9977244138717651,0.9891619682312012,0.9878910779953003,0.8817442655563354,0.9968677163124084,0.9403446912765503,0,-3.8020804484326893,1523.3270544348807,69946.00474035865
950023,37,uav_U1,uav_U2,False,0.9970823526382446,0.9753658771514893,0.9596114754676819,0.844760537147522,0.9989172220230103,0.9563306570053101,1,0.6286147995399107,1552.6450716603795,33620.214935241114
950023,38,uav_U1,uav_U2,False,0.9979168772697449,0.9755645394325256,0.9799976348876953,0.8623906373977661,0.9987597465515137,0.9390740990638733,1,1.2013704552692952,523.3363486528852,8685.977120270623
950023,39,uav_U1,uav_U2,False,0.9972227811813354,0.9852378368377686,0.982632040977478,0.8929121494293213,0.9973879456520081,0.9588144421577454,0,-4.050734718956669,1677.7960001372237,63632.57956311352
950023,40,uav_U1,uav_U2,False,0.9969847798347473,0.9848306179046631,0.9842947721481323,0.880967378616333,0.9971064925193787,0.9538830518722534,1,0.8925953663406632,516.21610401097,13556.781874450277
950023,41,uav_U1,uav_U2,False,0.9976393580436707,0.9840980768203735,0.9814996719360352,0.8687073588371277,0.9985436201095581,0.9630634784698486,0,-4.165450958740464,1930.1513999987892,46825.076561722475
950023,42,uav_U1,uav_U2,False,0.9945247769355774,0.9746949672698975,0.9387727975845337,0.8500334024429321,0.997913658618927,0.9387980103492737,0,-7.5000909392463395,12910.513998325503,556846.8004508467
950023,43,uav_U1,uav_U2,False,0.9965188503265381,0.9791629910469055,0.9784579277038574,0.8639229536056519,0.9983031749725342,0.9609506726264954,1,0.864721502554197,533.5569661774797,9202.084461887216
950023,44,uav_U1,uav_U2,False,0.9958279728889465,0.9730688333511353,0.9504704475402832,0.8449954390525818,0.9988488554954529,0.9506589770317078,0,-7.500091449978374,7138.407854625387,140242.53782408126
950023,45,uav_U1,uav_U2,False,0.9976388812065125,0.9815173745155334,0.9811620712280273,0.8694515228271484,0.9987418055534363,0.9574397206306458,1,1.4430090769931534,94.22467740582701,1454.611478830637
950023,46,uav_U1,uav_U2,False,0.9976990222930908,0.9799706339836121,0.9832239747047424,0.8422460556030273,0.9990828037261963,0.9454264044761658,0,-3.937145048522834,882.3502104804169,6517.988741466936
950023,47,uav_U1,uav_U2,False,0.9947889447212219,0.9610284566879272,0.9449746012687683,0.8592228293418884,0.9990696310997009,0.9545943737030029,0,-5.285352703787151,3445.3682500307905,53044.99727748037
950023,48,uav_U1,uav_U2,False,0.9966597557067871,0.974124550819397,0.9638124108314514,0.8356433510780334,0.9987168312072754,0.9561808109283447,0,-3.8835730982936014,1294.9387753143455,34536.843137922755
950023,49,uav_U1,uav_U2,False,0.996302604675293,0.9748685956001282,0.9477323293685913,0.8500738143920898,0.9985495805740356,0.9528206586837769,0,-7.1823594789654575,4850.829842794747,192069.8165382296
950023,50,uav_U1,uav_U2,False,0.9973496198654175,0.9813749194145203,0.9834957122802734,0.8679253458976746,0.9985625743865967,0.9622634649276733,1,0.9071122978479365,1015.4584678465162,10089.656601456174
950023,51,uav_U1,uav_U2,False,0.9979529976844788,0.9833200573921204,0.9814424514770508,0.8723225593566895,0.9976868629455566,0.9456472396850586,0,-3.544530013287461,621.4407717680609,17197.44442545802
950023,52,uav_U1,uav_U2,False,0.9973002076148987,0.9830420017242432,0.9794217944145203,0.8589237332344055,0.9984361529350281,0.9595896005630493,1,1.3955825556635897,149.3945397203644,3497.558376737408
950023,53,uav_U1,uav_U2,False,0.9965755343437195,0.966286838054657,0.9779371023178101,0.8768681287765503,0.9986990094184875,0.953967809677124,1,1.1385896413290035,688.3123653590359,14183.419571624683
950023,54,uav_U1,uav_U2,False,0.9975642561912537,0.986435055732727,0.9832826852798462,0.8784306049346924,0.9972553849220276,0.9462034106254578,1,0.7848368876257468,967.4917383832917,30103.863298291253
950023,55,uav_U1,uav_U2,False,0.9974856376647949,0.9827472567558289,0.9806094169616699,0.880164384841919,0.9986400008201599,0.9558656811714172,0,-3.686540624240121,980.00663101821,15440.166840427859
950023,56,uav_U1,uav_U2,False,0.996763288974762,0.9726583957672119,0.9647127985954285,0.8414630889892578,0.9990127086639404,0.944929838180542,0,-5.872123585604464,3446.215314448467,18800.314009343918
950023,57,uav_U1,uav_U2,False,0.9978985786437988,0.9845283031463623,0.9808989763259888,0.8763346076011658,0.9984599351882935,0.9569560885429382,1,1.2902271431705714,290.1983945327065,4882.443617427845
950023,58,uav_U1,uav_U2,False,0.9973334670066833,0.9849346876144409,0.9854810237884521,0.8742502927780151,0.9980375170707703,0.9460038542747498,1,1.0466311907613337,799.1272497003156,13080.914307780715
950023,59,uav_U1,uav_U2,False,0.9888431429862976,0.9473530054092407,0.8823121786117554,0.8420090079307556,0.9987754225730896,0.9255156517028809,0,-4.839315742291888,23390.430800269365,185374.55927640776
950023,60,uav_U1,uav_U2,False,0.9974921941757202,0.9832945466041565,0.9866378307342529,0.8916459083557129,0.9980118870735168,0.9421148896217346,0,-3.88080762684927,1061.7704623440773,17745.878422512018
950023,61,uav_U1,uav_U2,False,0.9979143142700195,0.9835827350616455,0.9837939739227295,0.8798772096633911,0.9980878233909607,0.9433943033218384,1,0.660366291517086,665.7567872311241,17520.41294536135
950023,62,uav_U1,uav_U2,False,0.9976967573165894,0.9808923602104187,0.9838117361068726,0.8574742674827576,0.9984872341156006,0.9367206692695618,1,1.2116649884671133,165.45165353366048,4132.619921408589
950023,63,uav_U1,uav_U2,False,0.997897207736969,0.9824636578559875,0.9826335906982422,0.8685958385467529,0.9983416795730591,0.9391119480133057,1,0.5413747235231754,1047.677210240885,31401.151748028915
950023,64,uav_U1,uav_U2,False,0.9965715408325195,0.9711161255836487,0.9553990960121155,0.8282970786094666,0.9989058971405029,0.9587859511375427,0,-3.7226499105842996,2269.0686183795983,76747.6014941104
950023,65,uav_U1,uav_U2,False,0.9965716004371643,0.9776990413665771,0.9813400506973267,0.8873753547668457,0.9977536797523499,0.9514264464378357,1,0.9274271110553871,518.66808517142,11546.108414515522
950023,66,uav_U1,uav_U2,False,0.9978786706924438,0.9839316606521606,0.986289381980896,0.8716138601303101,0.9981677532196045,0.9332928657531738,0,-3.647615284093911,1149.8186941069866,36404.84790639735
950023,67,uav_U1,uav_U2,False,0.9974877238273621,0.978650689125061,0.9834909439086914,0.883048415184021,0.9986162781715393,0.9405170679092407,1,0.5670576701993062,896.4695646903392,26119.84351658524
950023,68,uav_U1,uav_U2,False,0.9975818395614624,0.9872512817382812,0.9837474226951599,0.8822066783905029,0.9978864192962646,0.954469621181488,1,0.7292625235090733,1303.1622443635397,44391.2333342813
950023,69,uav_U1,uav_U2,False,0.996848464012146,0.9635810852050781,0.9670488834381104,0.863094687461853,0.9987623691558838,0.9235909581184387,0,-7.500092094854221,2344.3748125754432,23682.754455209626
950023,70,uav_U1,uav_U2,False,0.9959514141082764,0.9659995436668396,0.9505025148391724,0.8692966103553772,0.9984333515167236,0.9452289342880249,0,-4.19391501346525,3277.549003745923,126623.50146485718
950023,71,uav_U1,uav_U2,False,0.9980278611183167,0.984086275100708,0.9842842817306519,0.8688259124755859,0.9982964992523193,0.9613097310066223,1,0.8340510618944503,33.29721722531866,693.4967561470144
950023,72,uav_U1,uav_U2,False,0.9960932731628418,0.9683413505554199,0.9484144449234009,0.8415521383285522,0.9985685348510742,0.9467746019363403,0,-5.849604116987183,5911.890253475483,259032.15158463732
950023,73,uav_U1,uav_U2,False,0.9971393942832947,0.979086697101593,0.9791734218597412,0.8573322296142578,0.9986024498939514,0.952540397644043,1,0.6427286178043774,712.3158622762513,6435.833304460405
950023,74,uav_U1,uav_U2,False,0.9973398447036743,0.9681705832481384,0.9718085527420044,0.8394805192947388,0.9989562034606934,0.9206188321113586,0,-7.500091821151429,1407.2503605878394,24705.912515184562
950023,75,uav_U1,uav_U2,False,0.9972108602523804,0.9814328551292419,0.9793823957443237,0.8549613952636719,0.998786985874176,0.9622746109962463,1,1.2431986026655752,398.66977088445316,4885.985736936729
950023,76,uav_U1,uav_U2,False,0.9977985620498657,0.9813601970672607,0.9795173406600952,0.8666427135467529,0.9984990358352661,0.9460558295249939,1,0.8943915903315303,567.9746702841609,14702.753702402639
950023,77,uav_U1,uav_U2,False,0.9964197874069214,0.9667746424674988,0.9656503200531006,0.8473977446556091,0.9989219903945923,0.9267827272415161,0,-7.50009177613122,4673.647630560668,59846.950056728296
950023,78,uav_U1,uav_U2,False,0.997883677482605,0.9822536706924438,0.9814245700836182,0.8655044436454773,0.9983328580856323,0.9521917104721069,1,1.1822136858282188,537.2215385941937,14222.70988986924
950023,79,uav_U1,uav_U2,False,0.9979977011680603,0.9802035093307495,0.9821178913116455,0.8544026017189026,0.9987524151802063,0.9370012879371643,1,1.3506226483473605,199.89301863222508,2911.8328447412473
950023,80,uav_U1,uav_U2,False,0.9977304935455322,0.9858158230781555,0.9853154420852661,0.8710711598396301,0.9980767965316772,0.938880443572998,1,0.5626240210434998,1009.4548845030475,14656.831018749146
950023,81,uav_U1,uav_U2,False,0.9977065324783325,0.9831157326698303,0.9829472899436951,0.8844181299209595,0.9968127012252808,0.9398025274276733,0,-5.324647250204691,638.3495745567958,19667.999762061685
950023,82,uav_U1,uav_U2,False,0.9976110458374023,0.9841437339782715,0.9858503341674805,0.8764364123344421,0.9976032376289368,0.938223659992218,0,-3.783313346919819,606.963740986159,9840.290434802113
950023,83,uav_U1,uav_U2,False,0.9974880814552307,0.9822535514831543,0.9828122854232788,0.880359411239624,0.9980225563049316,0.9439087510108948,0,-3.9744917598659937,2530.0707290945343,81338.56111596143
950023,84,uav_U1,uav_U2,False,0.9975085258483887,0.9777653217315674,0.9791145324707031,0.8744279742240906,0.9982038736343384,0.9478314518928528,0,-4.1594940606772415,917.6495102935364,21044.15850268206
950023,85,uav_U1,uav_U2,False,0.9974740147590637,0.9848702549934387,0.9872627854347229,0.8635822534561157,0.9983683228492737,0.9433706998825073,0,-4.110306068213735,1769.6253544227748,24194.967290129687
950023,86,uav_U1,uav_U2,False,0.9979531764984131,0.9770951271057129,0.982135534286499,0.8580679297447205,0.9990488886833191,0.9330109357833862,1,1.2028578803069159,350.5182732709124,2610.6660436985944
950023,87,uav_U1,uav_U2,False,0.9979248046875,0.9797759056091309,0.9782148003578186,0.8514326214790344,0.9984931945800781,0.9328323602676392,1,1.0094713035549083,456.1064547699591,15565.028456026494
950023,88,uav_U1,uav_U2,False,0.9973636865615845,0.9828910231590271,0.9881737232208252,0.8853282928466797,0.9980288147926331,0.9375531077384949,1,1.0003867172173233,960.0796348582851,9708.89554410774
950023,89,uav_U1,uav_U2,False,0.9973050355911255,0.9829777479171753,0.9861164093017578,0.896998405456543,0.9949990510940552,0.9400743842124939,1,0.971958580924773,984.6265582075836,31800.64211237279
950023,90,uav_U1,uav_U2,False,0.9976180791854858,0.9808449149131775,0.9818423986434937,0.8856415748596191,0.9981640577316284,0.9514251947402954,1,0.9847589947227309,963.8445980780431,32630.07133376948
950023,91,uav_U1,uav_U2,False,0.9979633688926697,0.9748814105987549,0.979131817817688,0.8698604702949524,0.9984495043754578,0.9418647289276123,1,0.8996910618101066,396.1430085938544,4822.234267480172
950023,92,uav_U1,uav_U2,False,0.9970746636390686,0.9773402214050293,0.9814678430557251,0.8652567267417908,0.9980632066726685,0.9498448371887207,0,-5.410778821124872,1563.0389004676044,22760.02607371965
950023,93,uav_U1,uav_U2,False,0.996895432472229,0.9452171325683594,0.9593055248260498,0.8594731092453003,0.9988762736320496,0.906893789768219,0,-4.212406196303857,2955.454444077992,39959.41116641855
950023,94,uav_U1,uav_U2,False,0.9978395700454712,0.9673752784729004,0.977069616317749,0.8811395168304443,0.9977108240127563,0.921071469783783,1,1.1469693971906243,134.46976059342614,5079.702431341341
950023,95,uav_U1,uav_U2,False,0.9952149391174316,0.9644290804862976,0.954747200012207,0.8427466750144958,0.9985526204109192,0.953033983707428,0,-5.642359426982812,3761.2951525324966,121545.13333091086
950023,96,uav_U1,uav_U2,False,0.9974449872970581,0.9810888171195984,0.9850844144821167,0.8733302354812622,0.9983632564544678,0.9521141648292542,0,-6.764930133415937,1172.8304669784266,14496.792042898094
950023,97,uav_U1,uav_U2,False,0.9981515407562256,0.9820825457572937,0.9807292222976685,0.8724805116653442,0.998140811920166,0.94527268409729,1,1.4674574467145602,56.788755984013754,1299.8349553204496
950023,98,uav_U1,uav_U2,False,0.9975190162658691,0.9770280122756958,0.9767284393310547,0.848342776298523,0.9988377094268799,0.9562993049621582,1,0.6272164021612061,913.7082574276906,14414.167145323283
950023,99,uav_U1,uav_U2,False,0.9966588616371155,0.9804413914680481,0.9826159477233887,0.861797034740448,0.9984747171401978,0.9547180533409119,0,-4.960982106209967,1651.2573588799594,20029.698776928028
950024,0,uav_U1,uav_U2,False,0.9982881546020508,0.9818220138549805,0.9846782088279724,0.864733099937439,0.9976707100868225,0.9544867277145386,1,0.8872050795028255,705.8336387278707,8981.776210205591
950024,1,uav_U1,uav_U2,False,0.9919381141662598,0.9683563709259033,0.9168069362640381,0.8333459496498108,0.9988715052604675,0.9726421236991882,0,-7.500271911749418,9988.880592746671,258613.99528269685
950024,2,uav_U1,uav_U2,False,0.9976661205291748,0.985522985458374,0.9841336607933044,0.8847174048423767,0.997846245765686,0.9553878307342529,1,0.9846435502356843,624.5006230674073,10934.524423243685
950024,3,uav_U1,uav_U2,False,0.9969147443771362,0.9852067828178406,0.9848180413246155,0.8843237161636353,0.9965754151344299,0.9702996015548706,1,0.8391655508769447,1179.4262009366412,37088.20282341887
950024,4,uav_U1,uav_U2,False,0.9971271753311157,0.9799923896789551,0.9834774732589722,0.8844858407974243,0.9962829947471619,0.957148551940918,1,1.0814223874003177,362.4088226586436,6801.525705375682
950024,5,uav_U1,uav_U2,False,0.9976881146430969,0.9866008758544922,0.9863083958625793,0.8865322470664978,0.996806263923645,0.9574117064476013,1,0.9002678967201405,945.6326297283574,16633.44515441882
950024,6,uav_U1,uav_U2,False,0.9974900484085083,0.9785849452018738,0.9817115068435669,0.883481502532959,0.9980727434158325,0.963089644908905,1,1.4368416064578031,102.73562617973482,2402.040784312253
950024,7,uav_U1,uav_U2,False,0.9975497722625732,0.9784421324729919,0.9773013591766357,0.8757721185684204,0.998325526714325,0.9363777041435242,0,-4.913898933597861,1414.4909252953132,21502.96227821026
950024,8,uav_U1,uav_U2,False,0.9971482753753662,0.9834961891174316,0.9782998561859131,0.8608287572860718,0.998386561870575,0.9650529623031616,0,-5.2689606191282765,3425.09078102483,52019.047799995446
950024,9,uav_U1,uav_U2,False,0.9968037009239197,0.9743691682815552,0.9671630263328552,0.8642450571060181,0.9989973306655884,0.958962082862854,0,-7.1218397441640855,6336.416229680902,72507.63977949775
950024,10,uav_U1,uav_U2,False,0.9975259304046631,0.9875248074531555,0.9864003658294678,0.8796039819717407,0.9956276416778564,0.9373960494995117,1,1.0432739370556698,428.32285358950617,7178.046297462972
950024,11,uav_U1,uav_U2,False,0.9970227479934692,0.9838685989379883,0.9880210757255554,0.8868789672851562,0.9957274198532104,0.956064760684967,0,-4.3139192126201795,1329.535656592981,29279.286660295973
950024,12,uav_U1,uav_U2,False,0.9973958134651184,0.9856715798377991,0.9866005182266235,0.9023788571357727,0.9974828362464905,0.9584395885467529,1,0.6865480266326556,1397.3530129727667,33008.91857228951
950024,13,uav_U1,uav_U2,False,0.9978611469268799,0.9836443662643433,0.9799873232841492,0.8687029480934143,0.9973565936088562,0.9544075727462769,1,1.4364141491496427,99.11431260274291,2715.1192489590608
950024,14,uav_U1,uav_U2,False,0.9975272417068481,0.9869488477706909,0.9868189096450806,0.9036824107170105,0.9946777820587158,0.9477693438529968,0,-3.8173112097514847,505.8122618564256,10720.058782933424
950024,15,uav_U1,uav_U2,False,0.9979128837585449,0.9871804118156433,0.9838812351226807,0.8705648183822632,0.9972580671310425,0.95634925365448,1,1.1068664059248414,398.9375590132605,12091.781042441304
950024,16,uav_U1,uav_U2,False,0.9972968101501465,0.9823873043060303,0.9837206602096558,0.8740585446357727,0.9975642561912537,0.9598721265792847,1,0.6953839264315345,924.398093400208,11519.497989194937
950024,17,uav_U1,uav_U2,False,0.9968506097793579,0.9768136739730835,0.9704543352127075,0.8596044182777405,0.9985259175300598,0.968989908695221,0,-6.006897891126547,4127.5105498356625,48813.777594494255
950024,18,uav_U1,uav_U2,False,0.9973558187484741,0.9739677906036377,0.9627801179885864,0.8623785972595215,0.9985886812210083,0.9390984773635864,0,-7.500091600246126,6795.51946091093,178107.99748688622
950024,19,uav_U1,uav_U2,False,0.9978270530700684,0.9861477017402649,0.9824100732803345,0.8736274242401123,0.9977635145187378,0.9653927087783813,1,0.8580562511064767,1087.2976239020293,45873.85750212162
950024,20,uav_U1,uav_U2,False,0.9970492720603943,0.9739210605621338,0.9589554667472839,0.8534524440765381,0.9983046054840088,0.9664409756660461,0,-3.8518971209203685,2626.558251217248,74489.18097565988
950024,21,uav_U1,uav_U2,False,0.9975498914718628,0.9852778911590576,0.9857819080352783,0.8766159415245056,0.9974460601806641,0.9539045691490173,0,-4.661443056546798,778.0863863931703,10182.493784446458
950024,22,uav_U1,uav_U2,False,0.9971940517425537,0.9798994660377502,0.9850944876670837,0.8643466830253601,0.9977905750274658,0.9598463177680969,1,1.2069124663987336,348.371777987243,4432.424865655234
950024,23,uav_U1,uav_U2,False,0.9979338645935059,0.9858249425888062,0.9830577373504639,0.877871036529541,0.9972200393676758,0.9405806660652161,1,0.8264919143353171,33.675174252961156,549.1799469953248
950024,24,uav_U1,uav_U2,False,0.9973671436309814,0.9791668057441711,0.9814177751541138,0.8837489485740662,0.997465968132019,0.9607793688774109,1,1.4528158776719047,67.81321916010359,1924.9067611141031
950024,25,uav_U1,uav_U2,False,0.9969769716262817,0.9827702045440674,0.9863470196723938,0.906985878944397,0.9935237169265747,0.9397081136703491,1,0.625130328906351,394.5247458438413,5267.104808635174
950024,26,uav_U1,uav_U2,False,0.9982324838638306,0.9793987274169922,0.981691837310791,0.8739150762557983,0.9981509447097778,0.9427549839019775,0,-3.9245841362584235,826.2053591119603,12450.092775297622
950024,27,uav_U1,uav_U2,False,0.9965680241584778,0.9802783727645874,0.9867104291915894,0.8967228531837463,0.9957025647163391,0.9532576203346252,0,-6.329127615358559,4273.204399102285,129000.33421601597
950024,28,uav_U1,uav_U2,False,0.9979674816131592,0.9842203855514526,0.9832745790481567,0.8874408006668091,0.997052788734436,0.9487085342407227,1,0.7770036556696291,695.4339272385866,10425.778369000982
950024,29,uav_U1,uav_U2,False,0.9964216947555542,0.9690658450126648,0.9661494493484497,0.8560450673103333,0.9980403780937195,0.9632596969604492,0,-4.029685392473013,2927.642619455705,62532.06875504783
950024,30,uav_U1,uav_U2,False,0.9981045722961426,0.9832751750946045,0.9824670553207397,0.882517397403717,0.9973480701446533,0.9499545693397522,0,-4.267779852265275,358.8406280817729,5665.289283845883
950024,31,uav_U1,uav_U2,False,0.9978042840957642,0.989773690700531,0.9861853122711182,0.8722071051597595,0.9974592328071594,0.9499847292900085,1,1.3925378119054932,178.34202907585,3019.2182953485117
950024,32,uav_U1,uav_U2,False,0.9983303546905518,0.9828888177871704,0.9828671813011169,0.8813883066177368,0.9975608587265015,0.9379526376724243,1,1.3828801886690778,97.60125765627883,2066.077305999615
950024,33,uav_U1,uav_U2,False,0.9971493482589722,0.9747583270072937,0.9704428911209106,0.8390675783157349,0.9989101886749268,0.9520435333251953,0,-4.51085235813329,3359.9800587813424,30912.16970262084
950024,34,uav_U1,uav_U2,False,0.997421145439148,0.9821628332138062,0.9828346967697144,0.8665968179702759,0.9980373978614807,0.9625622630119324,1,1.2322902958189603,446.3859807938738,4469.617061761382
950024,35,uav_U1,uav_U2,False,0.9979726076126099,0.9839321374893188,0.984764575958252,0.8736792206764221,0.9972094297409058,0.9594553709030151,1,1.4172320242305625,150.30545784225112,4082.44467974616
950024,36,uav_U1,uav_U2,False,0.9970301389694214,0.9771071672439575,0.9624897241592407,0.8609057664871216,0.9982627034187317,0.9633684754371643,0,-3.9121448729923936,2202.8031643591407,59728.19280545855
950024,37,uav_U1,uav_U2,False,0.9979312419891357,0.9798389673233032,0.976284384727478,0.8522864580154419,0.9986166954040527,0.9372557997703552,1,0.6102024076966917,1435.9851886258227,31539.251255850388
950024,38,uav_U1,uav_U2,False,0.997808575630188,0.9844447374343872,0.9827600717544556,0.8818051815032959,0.9970844388008118,0.9518348574638367,1,0.8183841946369377,1288.0793643839022,14337.003293163394
950024,39,uav_U1,uav_U2,False,0.9978240728378296,0.9719030857086182,0.9728912115097046,0.8704569935798645,0.9982945919036865,0.9330970644950867,1,0.5490039894282421,1651.7205113884133,32150.99699209534
950024,40,uav_U1,uav_U2,False,0.9972184300422668,0.9821078777313232,0.9841527938842773,0.8798834085464478,0.996457040309906,0.961978554725647,1,0.8519959102729555,1150.0444644874235,24116.45658206659
950024,41,uav_U1,uav_U2,False,0.9980255365371704,0.9876953363418579,0.986011266708374,0.8858850002288818,0.9973777532577515,0.9497007727622986,0,-3.646878413711191,1533.2538137085712,39824.3961818347
950024,42,uav_U1,uav_U2,False,0.9977279901504517,0.9824069738388062,0.983542799949646,0.8791626691818237,0.9977123141288757,0.9587666988372803,0,-5.131502941180448,2076.1832848794925,30629.52753812146
950024,43,uav_U1,uav_U2,False,0.9982305765151978,0.9845241904258728,0.9813713431358337,0.8670611381530762,0.9983665347099304,0.9552819728851318,1,1.3103230665737584,370.8281123426413,6386.6903764215385
950024,44,uav_U1,uav_U2,False,0.9976922273635864,0.9814785122871399,0.9887669086456299,0.9133766293525696,0.9947268962860107,0.9198511242866516,1,1.1844337452821985,588.991327622319,24898.649390872586
950024,45,uav_U1,uav_U2,False,0.9978640079498291,0.983192503452301,0.9834481477737427,0.8776550889015198,0.9974677562713623,0.9524801969528198,1,1.1352289237611752,461.683390128454,5172.971072171179
950024,46,uav_U1,uav_U2,False,0.9974203109741211,0.9690573215484619,0.965714156627655,0.8657160997390747,0.9983770847320557,0.9399840831756592,0,-7.08378829388633,3946.5623642930304,41505.47873988839
950024,47,uav_U1,uav_U2,False,0.9979448318481445,0.9826251268386841,0.9876593351364136,0.8755070567131042,0.9982813000679016,0.9502865076065063,1,1.2732925504639472,281.682088348544,1758.0292227025832
950024,48,uav_U1,uav_U2,False,0.9975253343582153,0.9817719459533691,0.9812980890274048,0.8778945207595825,0.9964245557785034,0.9564548134803772,0,-7.500274563659615,900.694906184582,35039.921808583786
950024,49,uav_U1,uav_U2,False,0.9966608285903931,0.9801459908485413,0.9771376848220825,0.8475501537322998,0.9982907176017761,0.9538384079933167,0,-4.464053025167388,3287.670482629025,26139.14157208514
950024,50,uav_U1,uav_U2,False,0.9977649450302124,0.9808987379074097,0.9834415316581726,0.8830291628837585,0.9965859055519104,0.9401834011077881,0,-3.614747762335026,944.1130639556318,8850.853669674145
950024,51,uav_U1,uav_U2,False,0.9971980452537537,0.972135066986084,0.9722118973731995,0.8591905236244202,0.9984890222549438,0.9646149277687073,0,-3.626121151409138,1814.0332675864242,27532.675594482414
950024,52,uav_U1,uav_U2,False,0.9968599081039429,0.9799394607543945,0.9696005582809448,0.8482673168182373,0.9980780482292175,0.9614644050598145,0,-7.500091416424587,3451.8771681189937,122584.95950968102
950024,53,uav_U1,uav_U2,False,0.9976841807365417,0.9818382859230042,0.9836429953575134,0.8847033381462097,0.9969293475151062,0.963039755821228,0,-3.6909576672461233,969.3649050054001,25263.825164748152
950024,54,uav_U1,uav_U2,False,0.9981029629707336,0.9844167232513428,0.985558807849884,0.8863200545310974,0.9971213936805725,0.9368664026260376,0,-3.5291928180942733,1563.2047209357531,61765.67805402359
950024,55,uav_U1,uav_U2,False,0.9975043535232544,0.9817049503326416,0.9824109077453613,0.8749605417251587,0.9977678060531616,0.9594082832336426,0,-4.081515052749749,618.3362984437945,6803.566974764473
950024,56,uav_U1,uav_U2,False,0.9979931116104126,0.987285315990448,0.98665851354599,0.8936187624931335,0.9963611364364624,0.9553455114364624,1,1.2765907372708538,204.78220291251355,5482.715214475542
950024,57,uav_U1,uav_U2,False,0.9971051812171936,0.9665651321411133,0.9624810218811035,0.8667643070220947,0.9984920024871826,0.9506624937057495,0,-4.682858727566183,2411.957458308854,39689.037170567324
950024,58,uav_U1,uav_U2,False,0.998208224773407,0.98091721534729,0.9834645986557007,0.8665391802787781,0.9976893663406372,0.9403759837150574,1,0.8527643222815977,394.1105979050653,9090.829558616098
950024,59,uav_U1,uav_U2,False,0.9975459575653076,0.9791558384895325,0.9737586975097656,0.8571288585662842,0.9980506896972656,0.9476777911186218,0,-6.289219900843229,2110.544474342471,67875.24415591157
950024,60,uav_U1,uav_U2,False,0.9975841045379639,0.9766882658004761,0.9693455696105957,0.8591703176498413,0.99835205078125,0.9475468993186951,0,-7.500091748147392,2576.1331405861674,56129.63746984047
950024,61,uav_U1,uav_U2,False,0.9980503916740417,0.9799230098724365,0.9844217896461487,0.8619524240493774,0.9977009892463684,0.9477525353431702,1,0.9324584283023889,586.7428449857643,8438.303453718165
950024,62,uav_U1,uav_U2,False,0.9972989559173584,0.9695621728897095,0.9743627309799194,0.8488872647285461,0.9982014894485474,0.9417175650596619,0,-7.500091788025247,1335.8060614142144,24682.513380228265
950024,63,uav_U1,uav_U2,False,0.9981340169906616,0.9895539283752441,0.9876762628555298,0.8796484470367432,0.9973888993263245,0.9419756531715393,1,1.2542872891009644,290.56949735920745,6685.3491013783205
950024,64,uav_U1,uav_U2,False,0.9980102777481079,0.9820417165756226,0.985849916934967,0.8640956878662109,0.9981618523597717,0.9415783286094666,1,1.1605583504931818,566.3750755843178,15933.126882386483
950024,65,uav_U1,uav_U2,False,0.9976094961166382,0.9772913455963135,0.9818273782730103,0.8857743740081787,0.9965301752090454,0.9423466920852661,1,0.9067319885493799,478.1001035993618,11395.52176451363
950024,66,uav_U1,uav_U2,False,0.9976416826248169,0.9883224964141846,0.9880249500274658,0.8871875405311584,0.9959933757781982,0.943514883518219,0,-4.114038028935321,2115.8838787922505,88932.93324290913
950024,67,uav_U1,uav_U2,False,0.9974946975708008,0.9691838622093201,0.972413182258606,0.8505669832229614,0.998759388923645,0.9331989884376526,0,-7.500092428993289,5871.97186522839,47164.35869844836
950024,68,uav_U1,uav_U2,False,0.9978489279747009,0.9845716953277588,0.9866205453872681,0.8888048529624939,0.9963454604148865,0.9445523619651794,1,0.9173091951829677,724.7529727234244,12380.930141409986
950024,69,uav_U1,uav_U2,False,0.9975447654724121,0.9815270304679871,0.9793447256088257,0.859358549118042,0.9980158805847168,0.957358717918396,1,1.118600358391535,692.0733732844003,10013.0590043343
950024,70,uav_U1,uav_U2,False,0.9973943829536438,0.9813287854194641,0.9880156517028809,0.8976488709449768,0.9944889545440674,0.9329889416694641,0,-6.77645711952477,1436.8588061077107,33193.70141644179
950024,71,uav_U1,uav_U2,False,0.9952675104141235,0.9661167860031128,0.960112452507019,0.874268651008606,0.9980045557022095,0.9514339566230774,0,-4.109434693228995,2032.6004612220504,33074.966945936394
950024,72,uav_U1,uav_U2,False,0.9975075721740723,0.9869027733802795,0.985558032989502,0.8685178160667419,0.9971482157707214,0.9505395889282227,1,1.2581502222432959,463.2084407112315,10551.056981538419
950024,73,uav_U1,uav_U2,False,0.9968406558036804,0.9743469953536987,0.9607007503509521,0.8568769097328186,0.9983579516410828,0.9543685913085938,0,-7.500091464561899,5202.600344685188,160253.38588338028
950024,74,uav_U1,uav_U2,False,0.9964197278022766,0.9604798555374146,0.9651594161987305,0.865639328956604,0.9986299872398376,0.9474785327911377,0,-7.500092086982535,3325.3637981290044,29411.602107021114
950024,75,uav_U1,uav_U2,False,0.997655987739563,0.9853609800338745,0.9855530261993408,0.8915829062461853,0.9968178272247314,0.9598532915115356,1,0.7669262674173434,962.4055018381334,28246.832965598092
950024,76,uav_U1,uav_U2,False,0.9979133605957031,0.9749581813812256,0.9843519926071167,0.9009377956390381,0.9968951940536499,0.9236350655555725,1,0.931683662916208,440.94210052796217,6792.2669683718705
950024,77,uav_U1,uav_U2,False,0.9975043535232544,0.9804442524909973,0.9792193174362183,0.8709151148796082,0.9974445104598999,0.9589462280273438,1,1.3848383415650458,209.65738058698003,4405.325517011229
950024,78,uav_U1,uav_U2,False,0.9977551698684692,0.9774723052978516,0.9830048084259033,0.894566535949707,0.9964386224746704,0.9491249322891235,1,1.2813634006685266,434.90388919430063,7339.827836452355
950024,79,uav_U1,uav_U2,False,0.9979560971260071,0.983772873878479,0.9834679365158081,0.8711336255073547,0.9979366660118103,0.9535712003707886,1,1.195049409107311,481.37222106290164,14511.016182100526
950024,80,uav_U1,uav_U2,False,0.9974848031997681,0.9812327027320862,0.9861385226249695,0.889100193977356,0.9965158104896545,0.9590007066726685,0,-4.121055498374185,1539.9156480107972,37693.57157845275
950024,81,uav_U1,uav_U2,False,0.997820258140564,0.9716594219207764,0.9805384874343872,0.8796898126602173,0.9973526000976562,0.9198764562606812,1,1.4946763381725559,53.19081947855998,1827.6449792079995
950024,82,uav_U1,uav_U2,False,0.9979275465011597,0.9743345379829407,0.9732703566551208,0.8604606986045837,0.9980485439300537,0.9422250390052795,0,-4.364954993505018,1514.2690409919383,47596.44093779831
950024,83,uav_U1,uav_U2,False,0.9980508089065552,0.9841213822364807,0.9825400710105896,0.8799322247505188,0.9970781803131104,0.9449504613876343,1,1.0587272590635814,248.38485912709365,5642.8496989382675
950024,84,uav_U1,uav_U2,False,0.9970282912254333,0.9608973860740662,0.9576255083084106,0.8530038595199585,0.9981943964958191,0.9444839358329773,0,-4.948777549747892,2580.9149664081187,56509.42013387834
950024,85,uav_U1,uav_U2,False,0.9974218010902405,0.9776791334152222,0.9845565557479858,0.902471661567688,0.9967285990715027,0.9467383027076721,1,0.5697660863368466,1531.013438182324,20020.713528632394
950024,86,uav_U1,uav_U2,False,0.9973260760307312,0.9780552983283997,0.9762263298034668,0.8719491958618164,0.9974847435951233,0.9403310418128967,0,-7.500275106081417,2567.1068286524246,56985.25079168043
950024,87,uav_U1,uav_U2,False,0.9981270432472229,0.9796326756477356,0.9837002158164978,0.8753436803817749,0.9975772500038147,0.9443684816360474,1,0.9442964273506935,270.02731018130237,6070.917071429544
950024,88,uav_U1,uav_U2,False,0.997778058052063,0.9818894267082214,0.9856535196304321,0.865461528301239,0.9970499277114868,0.9359556436538696,1,0.9791620423829448,231.73203955847214,4749.465347157108
950024,89,uav_U1,uav_U2,False,0.9979935884475708,0.9635913372039795,0.9766261577606201,0.8462812304496765,0.998580813407898,0.9163634181022644,0,-4.158017655115101,2234.8836460569078,27549.15637690656
950024,90,uav_U1,uav_U2,False,0.9957830905914307,0.9544488787651062,0.9630484580993652,0.8668282628059387,0.9981212019920349,0.9491371512413025,0,-4.751109154430743,3331.5062235521746,69924.20470594909
950024,91,uav_U1,uav_U2,False,0.9971089959144592,0.9537208676338196,0.9784855246543884,0.881568193435669,0.9977321028709412,0.9102428555488586,1,0.512296955159586,1567.339191523621,29343.794643601726
950024,92,uav_U1,uav_U2,False,0.9972254037857056,0.9798574447631836,0.9865601062774658,0.8995325565338135,0.9948399662971497,0.9502328038215637,1,0.6781942127552665,654.906276850661,21125.886779905006
950024,93,uav_U1,uav_U2,False,0.9977065324783325,0.9721864461898804,0.9755212068557739,0.8826717734336853,0.9977825284004211,0.9465144872665405,1,1.2606604243443909,287.33661823810365,6563.382946988876
950024,94,uav_U1,uav_U2,False,0.9975958466529846,0.9662851691246033,0.9639191627502441,0.8490970730781555,0.9979825019836426,0.948727011680603,0,-3.731628665392833,1918.734843443135,73223.87151560378
950024,95,uav_U1,uav_U2,False,0.997169017791748,0.963700532913208,0.9707560539245605,0.8547456860542297,0.9984493851661682,0.9356456398963928,0,-5.538069893567615,4581.270385393422,40741.91968233551
950024,96,uav_U1,uav_U2,False,0.9980059862136841,0.9831897616386414,0.980129599571228,0.8683089017868042,0.9973883032798767,0.9497023820877075,1,1.2983304205782316,379.77239171525804,7611.210800755193
950024,97,uav_U1,uav_U2,False,0.9962605237960815,0.96499103307724,0.9604460597038269,0.847944438457489,0.9973499774932861,0.9399209022521973,0,-7.500091272462558,6400.320791267993,262119.06896672602
950024,98,uav_U1,uav_U2,False,0.9977753758430481,0.977043628692627,0.9731544852256775,0.8573894500732422,0.9981918931007385,0.9448622465133667,0,-4.163561274805046,1285.8619656677872,30285.329064892463
950024,99,uav_U1,uav_U2,False,0.9981265664100647,0.9785783290863037,0.9841592311859131,0.892630398273468,0.9967998266220093,0.9360554814338684,1,1.2773227585769518,358.8078973314669,11231.31755490367
950025,0,uav_U1,uav_U2,False,0.9976235628128052,0.9851728677749634,0.9840608835220337,0.8872441649436951,0.99758380651474,0.9693605899810791,1,1.1668973877818438,658.6955582096288,16409.39074685433
950025,1,uav_U1,uav_U2,False,0.9967390894889832,0.9855880737304688,0.9789348840713501,0.8793142437934875,0.9985817074775696,0.9674609303474426,0,-7.500274729798395,2702.702977928951,62551.35450744206
950025,2,uav_U1,uav_U2,False,0.997218906879425,0.9819250106811523,0.9707363247871399,0.8589416742324829,0.9984558820724487,0.9655948281288147,0,-4.004811670254689,1385.8471523721232,31385.02852499464
950025,3,uav_U1,uav_U2,False,0.9971036314964294,0.974795401096344,0.9632263779640198,0.8516429662704468,0.9989886283874512,0.9521214365959167,0,-4.598992008072349,3442.1951078997095,23712.366592143033
950025,4,uav_U1,uav_U2,False,0.997573733329773,0.9783697724342346,0.97929447889328,0.8478096723556519,0.9986690282821655,0.9436854720115662,1,0.5171180870721457,49.14386618475062,966.8078168796856
950025,5,uav_U1,uav_U2,False,0.9971578121185303,0.985361635684967,0.9830448031425476,0.8653737902641296,0.9976425766944885,0.9672696590423584,1,1.1455708969985436,500.32453168685663,12472.17098547939
950025,6,uav_U1,uav_U2,False,0.9971024990081787,0.9833858013153076,0.9830383062362671,0.888027012348175,0.9978391528129578,0.9535016417503357,1,0.8161251564431027,530.6155829362824,7780.9898770652535
950025,7,uav_U1,uav_U2,False,0.9956443905830383,0.9696153402328491,0.9651580452919006,0.8578806519508362,0.9989538192749023,0.9653782248497009,0,-3.6960929900035224,1428.025458341466,18003.906225238887
950025,8,uav_U1,uav_U2,False,0.9976848363876343,0.9837086796760559,0.9826077222824097,0.8697444796562195,0.9984668493270874,0.9515668153762817,0,-3.708410793423188,1704.9374245124916,14997.947439970218
950025,9,uav_U1,uav_U2,False,0.9960211515426636,0.9768317937850952,0.9599526524543762,0.8368263840675354,0.9990403652191162,0.9765300750732422,0,-3.802149379632503,2549.4292845966042,48342.89948940837
950025,10,uav_U1,uav_U2,False,0.9962962865829468,0.9778503179550171,0.966168999671936,0.8417108654975891,0.9989392161369324,0.970641016960144,0,-7.50009141362549,3877.2338006554173,97367.2012451869
950025,11,uav_U1,uav_U2,False,0.997298538684845,0.9819485545158386,0.9810317754745483,0.8961564302444458,0.9974912405014038,0.9582290053367615,1,0.8062112276024933,1384.6196261024952,43209.22639353113
950025,12,uav_U1,uav_U2,False,0.9961639642715454,0.9786779880523682,0.9807726144790649,0.8891409635543823,0.9974775910377502,0.9557459354400635,0,-4.825070172998318,485.9205308943573,8034.796991721257
950025,13,uav_U1,uav_U2,False,0.9964044690132141,0.9688715934753418,0.968980073928833,0.8704663515090942,0.9988648891448975,0.9570691585540771,0,-4.260948006442416,1003.6877586798468,9138.829193191883
950025,14,uav_U1,uav_U2,False,0.9964269399642944,0.9795905351638794,0.9630072116851807,0.8471829891204834,0.9985318779945374,0.9663238525390625,0,-6.722802786596513,1849.5475356801019,43235.370665876755
950025,15,uav_U1,uav_U2,False,0.9977952241897583,0.9812197089195251,0.9816431403160095,0.8807502388954163,0.9981665015220642,0.9529105424880981,1,0.7134534075542169,344.4672781177839,11385.56948325191
950025,16,uav_U1,uav_U2,False,0.9979145526885986,0.9833593368530273,0.9779329895973206,0.855514407157898,0.9987484216690063,0.9599729180335999,1,0.8523384231876734,648.8647891037987,11530.31590075434
950025,17,uav_U1,uav_U2,False,0.9966911673545837,0.9786339998245239,0.9601478576660156,0.8471556901931763,0.9986704587936401,0.9625491499900818,0,-6.7656328158319345,2670.2288969621454,77531.27536482833
950025,18,uav_U1,uav_U2,False,0.9976144433021545,0.9831748008728027,0.9834783673286438,0.8952131271362305,0.9976218342781067,0.9562307596206665,0,-4.023520489776059,1393.9374007797192,39764.956508273135
950025,19,uav_U1,uav_U2,False,0.996849775314331,0.9785439968109131,0.9663302898406982,0.8362677693367004,0.9989856481552124,0.9587658643722534,0,-4.438390786758762,2122.4374826229473,39819.129972499606
950025,20,uav_U1,uav_U2,False,0.9977352023124695,0.9846211075782776,0.985052764415741,0.8686257600784302,0.9982755184173584,0.9525490403175354,0,-3.7473787365805373,878.0897652029821,10451.44209780525
950025,21,uav_U1,uav_U2,False,0.9970539808273315,0.9822360277175903,0.9791339635848999,0.8360138535499573,0.998768150806427,0.9647855758666992,1,0.799760265690105,512.5082956116114,8693.627337986745
950025,22,uav_U1,uav_U2,False,0.9975117444992065,0.9833347797393799,0.9823153018951416,0.8727686405181885,0.9976860880851746,0.9593175053596497,1,0.8943254915097236,716.4046663540067,26320.698741508804
950025,23,uav_U1,uav_U2,False,0.9966886043548584,0.9863585829734802,0.9850983619689941,0.8796769976615906,0.9962181448936462,0.9590178728103638,1,1.2555788437966213,377.7333387895882,6678.352363126574
950025,24,uav_U1,uav_U2,False,0.9972823858261108,0.9689526557922363,0.9636595249176025,0.8631077408790588,0.9985758662223816,0.9510742425918579,1,0.6643792492880911,1277.523686281257,21962.821670771926
950025,25,uav_U1,uav_U2,False,0.9974743127822876,0.9810939431190491,0.9828650951385498,0.8708286285400391,0.9985676407814026,0.9646535515785217,1,1.1695923803933168,228.57848042031694,3301.2510741781302
950025,26,uav_U1,uav_U2,False,0.9975990056991577,0.9871674180030823,0.9851662516593933,0.8819140791893005,0.9963562488555908,0.9587968587875366,1,1.0848399746782635,481.89445841204315,16023.586647723547
950025,27,uav_U1,uav_U2,False,0.9976470470428467,0.9780644774436951,0.97834312915802,0.8769587278366089,0.9982125759124756,0.961526095867157,1,1.3792536897377696,223.3316499056652,5066.48966761673
950025,28,uav_U1,uav_U2,False,0.9978386163711548,0.9874459505081177,0.983971118927002,0.8693045973777771,0.9977974891662598,0.9573317766189575,1,1.1481402160534047,348.95388323599343,7837.8245195740365
950025,29,uav_U1,uav_U2,False,0.9978682994842529,0.9897860884666443,0.9886822700500488,0.8856542110443115,0.9972730278968811,0.9374117255210876,1,0.776153193639431,679.6061199698589,21310.296673533554
950025,30,uav_U1,uav_U2,False,0.9959951639175415,0.9727516174316406,0.9584352970123291,0.8299248814582825,0.9989969730377197,0.962611198425293,0,-6.393261150657137,7513.816182962468,61506.28273984531
950025,31,uav_U1,uav_U2,False,0.9976534843444824,0.9865214228630066,0.9857624769210815,0.8950409889221191,0.9971596002578735,0.9455934166908264,1,0.5400730953057638,775.5468670459014,20215.216008099473
950025,32,uav_U1,uav_U2,False,0.9978252649307251,0.98585444688797,0.985627293586731,0.8615049123764038,0.9987089037895203,0.9419032335281372,1,0.9084245330858118,1020.8996587521079,8066.092817389035
950025,33,uav_U1,uav_U2,False,0.9970199465751648,0.9699788689613342,0.9599227905273438,0.8405165672302246,0.9986268281936646,0.9528594613075256,0,-7.500091574545853,2275.8196329340176,60227.69818468432
950025,34,uav_U1,uav_U2,False,0.9975789785385132,0.9805715084075928,0.9849643111228943,0.8679169416427612,0.9981807470321655,0.9481669068336487,1,0.9521914246574339,545.5255839506501,6572.056260588991
950025,35,uav_U1,uav_U2,False,0.9971138834953308,0.9818952083587646,0.9804610013961792,0.8883973360061646,0.9975168704986572,0.957870364189148,0,-7.500091461438393,2306.00568097083,85685.0805238348
950025,36,uav_U1,uav_U2,False,0.9982415437698364,0.9860605001449585,0.9845089912414551,0.874332070350647,0.9975882768630981,0.9250501394271851,1,1.42850381783874,137.31089214577065,5044.432332481243
950025,37,uav_U1,uav_U2,False,0.9973943829536438,0.9726054668426514,0.9561154842376709,0.8572264909744263,0.9984727501869202,0.9498102068901062,0,-4.990977183831015,2167.0704611013825,62148.05144151436
950025,38,uav_U1,uav_U2,False,0.9977394938468933,0.9837830662727356,0.9868535995483398,0.8630456924438477,0.9984007477760315,0.9518328905105591,1,1.0798792764942333,148.68976645806504,778.5758995946962
950025,39,uav_U1,uav_U2,False,0.9973354339599609,0.9831056594848633,0.9852359294891357,0.8634397983551025,0.9984273910522461,0.9538899064064026,0,-5.20307616768611,1583.9487395694046,20407.04676314979
950025,40,uav_U1,uav_U2,False,0.9979373216629028,0.9877530336380005,0.9839239120483398,0.8766602873802185,0.9976857900619507,0.9544423222541809,1,1.087331141031066,657.2353950535047,18314.553989610115
950025,41,uav_U1,uav_U2,False,0.9961142539978027,0.9600189328193665,0.9486405849456787,0.8174933791160583,0.9988377690315247,0.9573105573654175,0,-7.5000913778126135,4458.1333264942705,126797.08241147039
950025,42,uav_U1,uav_U2,False,0.9979602694511414,0.9760645627975464,0.9683029055595398,0.8534526824951172,0.9987236857414246,0.9292017221450806,0,-3.9842201869516374,1460.3823142639826,32053.040763052068
950025,43,uav_U1,uav_U2,False,0.9979985356330872,0.9763500690460205,0.9802613258361816,0.8821465969085693,0.9976574182510376,0.9322795271873474,0,-4.270413562198302,355.83467840381365,8579.712801892703
950025,44,uav_U1,uav_U2,False,0.998096227645874,0.9873675107955933,0.9842480421066284,0.8747484683990479,0.997930109500885,0.9623551964759827,1,1.3077677283837206,384.0887916225493,8603.154420454603
950025,45,uav_U1,uav_U2,False,0.9972513914108276,0.9716383218765259,0.98540198802948,0.9011673331260681,0.9972668290138245,0.9199247360229492,0,-3.94713366556459,1610.5578331312415,39540.380059892
950025,46,uav_U1,uav_U2,False,0.997853696346283,0.9782503247261047,0.9817456007003784,0.8747361898422241,0.9982863664627075,0.9261581301689148,1,0.9844226835625725,858.282222391692,7361.926174205283
950025,47,uav_U1,uav_U2,False,0.9979538321495056,0.9766280055046082,0.9852821826934814,0.868094265460968,0.9983872175216675,0.9133021235466003,1,1.1415086080825405,458.3924047610761,4457.563848423962
950025,48,uav_U1,uav_U2,False,0.9978895783424377,0.9819495677947998,0.9827909469604492,0.871765673160553,0.9981365203857422,0.9378926157951355,0,-4.060941134332827,621.2180157974551,11433.47238689325
950025,49,uav_U1,uav_U2,False,0.996025562286377,0.9714615941047668,0.9591327905654907,0.8580653667449951,0.9985809326171875,0.9645676016807556,0,-5.537052239891052,5761.114762640647,133954.305555911
950025,50,uav_U1,uav_U2,False,0.997704267501831,0.9867422580718994,0.9858191013336182,0.8841464519500732,0.9964465498924255,0.9499167799949646,1,0.5784928620916896,1050.413765219849,40240.99804620727
950025,51,uav_U1,uav_U2,False,0.9970417022705078,0.9729915857315063,0.9824876189231873,0.9004237651824951,0.9959897398948669,0.9226503372192383,0,-4.649688982812766,1036.1057337569002,12040.706979868122
950025,52,uav_U1,uav_U2,False,0.9977009892463684,0.9763196110725403,0.964255154132843,0.859260618686676,0.9986252784729004,0.938123345375061,0,-7.500091717930822,2740.2304326149456,63003.95726944528
950025,53,uav_U1,uav_U2,False,0.9980226755142212,0.9756873250007629,0.9830172657966614,0.874759316444397,0.9983521103858948,0.9284624457359314,1,0.697003197341993,782.8321775639967,11396.888391723784
950025,54,uav_U1,uav_U2,False,0.9975447654724121,0.9750545024871826,0.9818827509880066,0.883939266204834,0.9985013008117676,0.94975346326828,0,-4.225655864835761,517.669276317626,13751.674706403366
950025,55,uav_U1,uav_U2,False,0.9968494176864624,0.9662909507751465,0.9625817537307739,0.8449169993400574,0.9987593293190002,0.9556647539138794,0,-3.6058507387820855,1264.9883142850613,23297.41509910123
950025,56,uav_U1,uav_U2,False,0.9969664812088013,0.9696643352508545,0.9551050662994385,0.8507861495018005,0.9982069730758667,0.9625701308250427,0,-3.504314447866153,1888.9431795290818,45866.645515620345
950025,57,uav_U1,uav_U2,False,0.9974833726882935,0.9805049896240234,0.9861290454864502,0.8714077472686768,0.9978408217430115,0.9327182769775391,1,1.2658667252955993,405.3598119947373,6254.851333022456
950025,58,uav_U1,uav_U2,False,0.9970687031745911,0.9720796942710876,0.976054847240448,0.8576586842536926,0.9981075525283813,0.9592111110687256,1,0.9112828129545067,241.92483713412105,2481.204461888707
950025,59,uav_U1,uav_U2,False,0.9965122938156128,0.9769287705421448,0.9822040796279907,0.9009070992469788,0.9964608550071716,0.9497185945510864,1,0.8113787987426457,1331.6160954796915,20926.506472835703
950025,60,uav_U1,uav_U2,False,0.9973411560058594,0.9853284358978271,0.9804110527038574,0.8793991208076477,0.9972255229949951,0.947492241859436,0,-4.857660608531432,4524.17517465265,185243.51985022187
950025,61,uav_U1,uav_U2,False,0.9981376528739929,0.9739313125610352,0.9817445278167725,0.8488451242446899,0.9979514479637146,0.9196832776069641,1,0.8635010899608502,1053.2540881449188,45995.95575994682
950025,62,uav_U1,uav_U2,False,0.9974693655967712,0.9730985760688782,0.9712042808532715,0.839531421661377,0.9988781809806824,0.9453964829444885,0,-6.966895783586324,1643.7838208408723,26001.653772391914
950025,63,uav_U1,uav_U2,False,0.9966591596603394,0.970516562461853,0.9464191198348999,0.8556497097015381,0.9981661438941956,0.9357497096061707,0,-7.4063517925142435,7383.921950794535,285357.0281797255
950025,64,uav_U1,uav_U2,False,0.9866949319839478,0.9468852281570435,0.860054612159729,0.8407765030860901,0.9983664155006409,0.9194396734237671,0,-4.139012303281585,16387.435514333734,520434.7145592579
950025,65,uav_U1,uav_U2,False,0.9971454739570618,0.9813658595085144,0.9792416095733643,0.8525789380073547,0.9978905320167542,0.9616827964782715,1,0.9670164725201718,438.5701121927597,13146.477976262067
950025,66,uav_U1,uav_U2,False,0.9964189529418945,0.9597630500793457,0.9509973526000977,0.8567785024642944,0.9986074566841125,0.9433038830757141,0,-5.380844785869374,1621.8640706618542,35098.62745472392
950025,67,uav_U1,uav_U2,False,0.9972532987594604,0.9591485261917114,0.9612309336662292,0.8602864146232605,0.9987707734107971,0.9405771493911743,1,0.7494719405086112,1438.5860607973302,19837.89675787601
950025,68,uav_U1,uav_U2,False,0.9978978037834167,0.9858551025390625,0.9840203523635864,0.8575651049613953,0.9983603358268738,0.9452090859413147,1,0.5560757888746788,666.3455048553169,8906.22156809214
950025,69,uav_U1,uav_U2,False,0.9981228113174438,0.980949878692627,0.9832080006599426,0.8689493536949158,0.9982927441596985,0.9318642020225525,1,0.7982529705143615,531.8545767884552,9499.773952537644
950025,70,uav_U1,uav_U2,False,0.9973015785217285,0.9833464622497559,0.982363224029541,0.8754008412361145,0.9979496598243713,0.9529983401298523,1,1.4982226771984126,17.727428203326667,462.5154887527705
950025,71,uav_U1,uav_U2,False,0.9973958730697632,0.9662812948226929,0.9630032777786255,0.8417441248893738,0.9988362193107605,0.9229280352592468,0,-3.723839285365249,2415.6775180734085,44908.599383032
950025,72,uav_U1,uav_U2,False,0.9975171089172363,0.9654480814933777,0.9676395654678345,0.8437606692314148,0.9986388087272644,0.922366201877594,0,-5.080771953299789,2296.8052793748275,35363.52239690919
950025,73,uav_U1,uav_U2,False,0.9979557991027832,0.9826588034629822,0.981857180595398,0.8620508909225464,0.9986289739608765,0.9512622952461243,1,1.224680864240614,501.739293819384,8732.38313470927
950025,74,uav_U1,uav_U2,False,0.9981184005737305,0.9828283786773682,0.9848589897155762,0.8625476360321045,0.9985730051994324,0.9377835392951965,1,1.1293827803894756,403.13123701627734,4818.809536607839
950025,75,uav_U1,uav_U2,False,0.9962030649185181,0.9529484510421753,0.9680670499801636,0.868510365486145,0.9983106851577759,0.9145920276641846,0,-4.550714397358279,2095.736470383558,28402.16098908406
950025,76,uav_U1,uav_U2,False,0.9972288608551025,0.9826279878616333,0.9837439060211182,0.8745041489601135,0.9973633885383606,0.9561340808868408,0,-4.411720633879181,560.1072325712956,9290.617517330564
950025,77,uav_U1,uav_U2,False,0.9975478649139404,0.9792180061340332,0.9805009365081787,0.8715816736221313,0.9980742931365967,0.9602742195129395,1,0.864180418951285,514.3039088133775,13384.270593211624
950025,78,uav_U1,uav_U2,False,0.9976813197135925,0.9662843942642212,0.9746552109718323,0.8545486927032471,0.9985182285308838,0.9181225299835205,0,-4.813100724207596,1387.8054121386224,33277.94897429751
950025,79,uav_U1,uav_U2,False,0.9974892139434814,0.9771019816398621,0.978596568107605,0.8637080788612366,0.9980514049530029,0.9578412175178528,1,1.4046985166626467,112.72824184097975,2112.9099216366726
950025,80,uav_U1,uav_U2,False,0.996184229850769,0.9684048891067505,0.9858647584915161,0.8938021063804626,0.9959313273429871,0.9079079031944275,1,0.6651256918066828,970.0171057129602,10113.622767604273
950025,81,uav_U1,uav_U2,False,0.9968453645706177,0.9546840190887451,0.9538822770118713,0.8741154670715332,0.997877299785614,0.928856372833252,0,-7.500091384951098,3675.7234733143023,148351.68531220852
950025,82,uav_U1,uav_U2,False,0.9954950213432312,0.9642581343650818,0.9536739587783813,0.8487510681152344,0.9985881447792053,0.9612616896629333,0,-7.500092230094094,4240.425453803867,30602.953931780285
950025,83,uav_U1,uav_U2,False,0.9966997504234314,0.9735594391822815,0.9639581441879272,0.8469708561897278,0.998288094997406,0.9291675090789795,0,-7.500091356014396,6175.1943576087315,244050.36855969398
950025,84,uav_U1,uav_U2,False,0.9976544380187988,0.9843308925628662,0.9850271940231323,0.884353756904602,0.9973999261856079,0.9465228319168091,0,-6.704868648973507,1471.6718106115404,19888.36398023288
950025,85,uav_U1,uav_U2,False,0.9975866079330444,0.9763757586479187,0.9611876010894775,0.8484951257705688,0.998767614364624,0.9500433206558228,0,-3.587183794895469,2090.4781352319674,49331.15744043185
950025,86,uav_U1,uav_U2,False,0.9979692101478577,0.9860774278640747,0.9848726391792297,0.8775293231010437,0.9975796341896057,0.95536869764328,1,1.128915004350374,456.69274602501275,13733.314248667726
950025,87,uav_U1,uav_U2,False,0.9975612163543701,0.9775435924530029,0.9802402257919312,0.8697277903556824,0.9984138011932373,0.9423717260360718,1,1.3158493882578945,266.5169343134312,4305.142913690072
950025,88,uav_U1,uav_U2,False,0.9969193935394287,0.9756425023078918,0.9731888175010681,0.853208065032959,0.9982500076293945,0.958305299282074,0,-4.4071395539921365,1180.4626078731199,20121.29003324026
950025,89,uav_U1,uav_U2,False,0.9966111779212952,0.9728482961654663,0.9858220219612122,0.899567186832428,0.9969962239265442,0.9298360347747803,0,-7.500091457084744,4947.953342807853,122280.29687315505
950025,90,uav_U1,uav_U2,False,0.9979129433631897,0.9621542692184448,0.9776318073272705,0.8889491558074951,0.9976766705513,0.9114271402359009,1,1.3051829044298908,369.58874474048554,9439.36963744779
950025,91,uav_U1,uav_U2,False,0.9975131750106812,0.9818768501281738,0.9829819202423096,0.8662636876106262,0.9984000325202942,0.9581760168075562,1,1.330484243886936,178.57292214973634,3525.3881716963656
950025,92,uav_U1,uav_U2,False,0.9968808889389038,0.9573054909706116,0.9625357389450073,0.8498588800430298,0.9985567331314087,0.9294517040252686,0,-7.500091691884009,5855.631245375018,102984.30714665669
950025,93,uav_U1,uav_U2,False,0.9976284503936768,0.9732089042663574,0.9765468239784241,0.8668397068977356,0.9983308911323547,0.9464696645736694,0,-4.466005552860892,794.22906708317,9674.052280394093
950025,94,uav_U1,uav_U2,False,0.997928261756897,0.9846888780593872,0.9857898950576782,0.8870646953582764,0.9973903298377991,0.9438271522521973,0,-4.110295272103911,782.5589122300738,19560.498870340653
950025,95,uav_U1,uav_U2,False,0.9977659583091736,0.9839370250701904,0.9877632856369019,0.8819451332092285,0.9970099329948425,0.9215488433837891,0,-5.774816050837242,1241.1205306637587,29979.368830164272
950025,96,uav_U1,uav_U2,False,0.9964152574539185,0.9618333578109741,0.9672261476516724,0.8436269164085388,0.9978923201560974,0.9240792989730835,0,-7.500091310896818,7754.5625025325435,299648.4627187814
950025,97,uav_U1,uav_U2,False,0.9974223971366882,0.9467068910598755,0.9600803256034851,0.8463529348373413,0.9985295534133911,0.9113406538963318,0,-3.9947322470169695,2508.006766687311,54914.94279331734
950025,98,uav_U1,uav_U2,False,0.9964395761489868,0.9671589136123657,0.9837254285812378,0.8873037099838257,0.9965276122093201,0.9188835024833679,0,-4.364760641619505,1208.3052968437357,13326.738594834158
950025,99,uav_U1,uav_U2,False,0.9975536465644836,0.9781555533409119,0.987284779548645,0.8806383013725281,0.9975382089614868,0.9233169555664062,0,-3.5571075251416326,812.8449727672783,11116.199388391135
950026,0,uav_U1,uav_U2,False,0.9979345798492432,0.9868952035903931,0.9875829815864563,0.8839842081069946,0.9932101368904114,0.9602095484733582,0,-3.8346454915492276,567.1852777993487,12052.985825962089
950026,1,uav_U1,uav_U2,False,0.9977138638496399,0.9844638109207153,0.9819857478141785,0.8708394169807434,0.9976693987846375,0.9703305959701538,1,0.9332385481003056,927.6381303954043,18178.40912477954
950026,2,uav_U1,uav_U2,False,0.9964622259140015,0.9809706807136536,0.973581075668335,0.8739705085754395,0.9966686367988586,0.9654664397239685,0,-7.500091323902745,9628.957495171668,373548.64168961335
950026,3,uav_U1,uav_U2,False,0.9973440170288086,0.9818311333656311,0.9868756532669067,0.8942596912384033,0.9954740405082703,0.9608588814735413,0,-4.26337697784493,597.753552901165,6802.2539701401
950026,4,uav_U1,uav_U2,False,0.9972440004348755,0.9842066168785095,0.9888429045677185,0.8975957632064819,0.9962718486785889,0.9546283483505249,0,-4.064915724586395,1722.8695966010393,8273.041938687364
950026,5,uav_U1,uav_U2,False,0.9970329999923706,0.9864326119422913,0.988683819770813,0.9038740992546082,0.9936933517456055,0.9626595973968506,1,0.9055635497069106,799.9883070292898,24608.73036884356
950026,6,uav_U1,uav_U2,False,0.9979325532913208,0.9873032569885254,0.9877892732620239,0.8952115774154663,0.9962543845176697,0.9624849557876587,1,1.346278149601306,113.07181406937887,3594.0434162271167
950026,7,uav_U1,uav_U2,False,0.9974595308303833,0.9842387437820435,0.9799340963363647,0.8514356017112732,0.9977900385856628,0.9653850197792053,0,-7.500091516134338,3380.356661142135,129532.51409356625
950026,8,uav_U1,uav_U2,False,0.9975559711456299,0.9864251017570496,0.9889321327209473,0.8874834775924683,0.9955106973648071,0.9573326110839844,1,1.4426737119516373,97.81360679526163,1614.5500460035887
950026,9,uav_U1,uav_U2,False,0.9977439641952515,0.9877323508262634,0.9892100095748901,0.8841704726219177,0.9966716170310974,0.9696775674819946,1,0.8417468679406677,1239.3182584767292,48111.89850624099
950026,10,uav_U1,uav_U2,False,0.9975059628486633,0.9843466877937317,0.984341561794281,0.8685269355773926,0.9971370697021484,0.9556823372840881,1,0.7636894472980582,1465.8117321076038,32692.886803461442
950026,11,uav_U1,uav_U2,False,0.9975654482841492,0.9876493215560913,0.9880485534667969,0.8902204632759094,0.9954767823219299,0.9628298878669739,1,0.8266786402064379,1296.6406052241136,46438.00473323019
950026,12,uav_U1,uav_U2,False,0.9960852861404419,0.9810584783554077,0.9825197458267212,0.8581745028495789,0.997654378414154,0.9648245573043823,0,-6.5142537688183735,5555.600851558505,158980.92110611993
950026,13,uav_U1,uav_U2,False,0.9980636835098267,0.9837601184844971,0.9870826005935669,0.8824189901351929,0.996370792388916,0.9526159763336182,0,-7.500275254975245,1577.8652772908806,39529.8288066529
950026,14,uav_U1,uav_U2,False,0.9978307485580444,0.9852177500724792,0.9881212711334229,0.8984663486480713,0.9935342073440552,0.9587934017181396,1,1.2517359988668857,444.47665820672466,13065.49482137591
950026,15,uav_U1,uav_U2,False,0.9975645542144775,0.9831966161727905,0.9848920106887817,0.8775158524513245,0.996488094329834,0.9638649821281433,0,-3.6634173521596924,1523.9567894898348,53944.37491217581
950026,16,uav_U1,uav_U2,False,0.9973843097686768,0.9834821224212646,0.9741582274436951,0.8611836433410645,0.9981321692466736,0.9623364210128784,0,-7.500274698298508,4578.347642151874,146486.3080886327
950026,17,uav_U1,uav_U2,False,0.997952938079834,0.9846794009208679,0.983268141746521,0.8625562787055969,0.998146116733551,0.9524033665657043,1,0.6256116761403074,1589.4712639643053,45919.820491792074
950026,18,uav_U1,uav_U2,False,0.9973663687705994,0.9860835671424866,0.9868000149726868,0.8645870685577393,0.9965733885765076,0.9605955481529236,1,1.259290191846092,423.0065925047098,9032.922483096469
950026,19,uav_U1,uav_U2,False,0.9978564381599426,0.9851849675178528,0.9812764525413513,0.8663324117660522,0.9975742101669312,0.9555917382240295,0,-4.635369164857954,1671.9221487199227,33923.540420344005
950026,20,uav_U1,uav_U2,False,0.9975322484970093,0.9847933650016785,0.9871275424957275,0.8843675851821899,0.995732843875885,0.9532409906387329,1,0.9629105770831465,821.6065266194026,18173.304503874308
950026,21,uav_U1,uav_U2,False,0.9974105358123779,0.9819599390029907,0.982548177242279,0.8679131269454956,0.9982344508171082,0.9688161611557007,0,-7.500091769236454,1454.926425867176,28863.125877555212
950026,22,uav_U1,uav_U2,False,0.9976739883422852,0.9860207438468933,0.9883254766464233,0.8738574385643005,0.9976406097412109,0.9587531089782715,1,0.549918614063351,1017.4379719048175,6978.137866518437
950026,23,uav_U1,uav_U2,False,0.9968806505203247,0.9835449457168579,0.9795300364494324,0.8872854709625244,0.996494472026825,0.962291955947876,0,-7.337902633574198,7039.015378526614,287804.89972362533
950026,24,uav_U1,uav_U2,False,0.9979082345962524,0.9806997776031494,0.9853166341781616,0.8917351961135864,0.9972118735313416,0.9631416201591492,1,1.424938639167707,128.19763212544134,2251.5079409259765
950026,25,uav_U1,uav_U2,False,0.9976421594619751,0.9826189875602722,0.98651123046875,0.8823835849761963,0.9961622357368469,0.9594961404800415,1,0.5752376310619949,917.2731022196004,15946.586631660404
950026,26,uav_U1,uav_U2,False,0.9980083703994751,0.9859338402748108,0.9878357648849487,0.8802598714828491,0.9975096583366394,0.9582087993621826,1,1.0550161062052603,511.6258647011054,10385.016022399019
950026,27,uav_U1,uav_U2,False,0.9971184730529785,0.9854205846786499,0.9892972707748413,0.9007769227027893,0.9953972101211548,0.9546916484832764,0,-3.7459588426533044,453.49563514852895,8312.81340182537
950026,28,uav_U1,uav_U2,False,0.9976937770843506,0.9836627244949341,0.9881796836853027,0.8945375680923462,0.9954395890235901,0.9621407389640808,1,1.083633732788043,618.9999850399056,11201.690552805132
950026,29,uav_U1,uav_U2,False,0.9973558187484741,0.980037271976471,0.979356050491333,0.8609408736228943,0.9981891512870789,0.9656009078025818,0,-6.731734350749981,3673.0657878288566,71583.88908794802
950026,30,uav_U1,uav_U2,False,0.9970144033432007,0.9866452813148499,0.9868053197860718,0.889680027961731,0.9946584105491638,0.9528028964996338,0,-7.500274211082703,5364.126789652325,219597.62029227125
950026,31,uav_U1,uav_U2,False,0.9973938465118408,0.983367919921875,0.9884916543960571,0.8891990184783936,0.9950048923492432,0.9542893767356873,0,-3.7700484337190376,2020.5003615066084,19187.382671373332
950026,32,uav_U1,uav_U2,False,0.9973387718200684,0.9828835725784302,0.9783217906951904,0.8618624210357666,0.9979248642921448,0.96064692735672,0,-5.690670449895068,2383.36234108069,53150.62297463469
950026,33,uav_U1,uav_U2,False,0.9979519844055176,0.9791282415390015,0.9772706031799316,0.8691340684890747,0.998110294342041,0.950769305229187,0,-3.702449252355936,2252.015158018063,34718.92021738163
950026,34,uav_U1,uav_U2,False,0.9973556995391846,0.9831785559654236,0.9879391193389893,0.8987901210784912,0.9955241680145264,0.9661617875099182,1,0.7052173891467635,1193.6260561479608,44782.63427138414
950026,35,uav_U1,uav_U2,False,0.9964512586593628,0.9790525436401367,0.9747926592826843,0.8589664101600647,0.9982099533081055,0.9641379714012146,0,-7.028919203970279,3921.9643961594006,42900.17272690875
950026,36,uav_U1,uav_U2,False,0.9977319240570068,0.9839255213737488,0.9869163036346436,0.8866451978683472,0.99427729845047,0.95303875207901,1,1.0649545213572358,374.49517111470567,8675.366273920585
950026,37,uav_U1,uav_U2,False,0.9968087077140808,0.9829561710357666,0.982585072517395,0.8626236319541931,0.9976204037666321,0.9715938568115234,0,-7.079267528055041,1360.0152548818935,28948.81036401618
950026,38,uav_U1,uav_U2,False,0.9979509115219116,0.9861806035041809,0.9884548187255859,0.8820027112960815,0.9974334836006165,0.9560122489929199,1,1.114653180407647,263.5144402093342,5472.846646986413
950026,39,uav_U1,uav_U2,False,0.9965636134147644,0.9674128293991089,0.9635805487632751,0.8333446979522705,0.9989333748817444,0.9525401592254639,0,-7.5002753639586786,8589.909606515159,122731.71881880322
950026,40,uav_U1,uav_U2,False,0.997647762298584,0.9807016253471375,0.9803850650787354,0.8712738156318665,0.9976311326026917,0.9620696902275085,0,-4.926004470593398,1530.7509588871776,37623.020821547354
950026,41,uav_U1,uav_U2,False,0.9974509477615356,0.9848088622093201,0.9872052669525146,0.8903293609619141,0.9949386119842529,0.9453508853912354,0,-6.073009850019671,2079.4383337828326,40143.577218893326
950026,42,uav_U1,uav_U2,False,0.9982074499130249,0.9854363203048706,0.9862897396087646,0.8808506727218628,0.99742192029953,0.9554173350334167,1,1.0768776397151552,518.6351006238887,7913.85748589589
950026,43,uav_U1,uav_U2,False,0.9976630806922913,0.984337568283081,0.9892467856407166,0.8914971351623535,0.9964653253555298,0.9535497426986694,0,-4.386076265698473,1380.5397251196569,7252.37875251249
950026,44,uav_U1,uav_U2,False,0.997428297996521,0.9845682382583618,0.9881716966629028,0.9006019234657288,0.9946672916412354,0.9552592635154724,1,1.0129634155618525,913.9953014850038,15031.336333424018
950026,45,uav_U1,uav_U2,False,0.9978998899459839,0.9851543307304382,0.9862942695617676,0.8879064917564392,0.9956946969032288,0.9618648290634155,1,1.149750175726317,392.17721226519444,14958.62924865733
950026,46,uav_U1,uav_U2,False,0.9969440698623657,0.9799966216087341,0.9666551351547241,0.8736990690231323,0.9974145293235779,0.965218722820282,0,-7.500091461587968,11030.741825886285,364161.03229841974
950026,47,uav_U1,uav_U2,False,0.9978902339935303,0.9780350923538208,0.9854094982147217,0.9026967287063599,0.9964718818664551,0.9432225227355957,0,-5.747005889581935,1269.543406921143,25163.02613143328
950026,48,uav_U1,uav_U2,False,0.9978562593460083,0.9705386161804199,0.9781050682067871,0.8481061458587646,0.998490571975708,0.950032114982605,0,-7.500092115649288,4453.383035043906,58882.88223137193
950026,49,uav_U1,uav_U2,False,0.9980430006980896,0.9749835729598999,0.9766566753387451,0.8581322431564331,0.997757613658905,0.9476366639137268,0,-3.5716958075349403,1806.7243485455067,44278.87679740692
950026,50,uav_U1,uav_U2,False,0.9971297383308411,0.9822365641593933,0.9892570972442627,0.8821259140968323,0.9967261552810669,0.9545019268989563,1,1.1389217110320673,486.24820292726645,4052.0156955803404
950026,51,uav_U1,uav_U2,False,0.9977107048034668,0.9849851131439209,0.9884332418441772,0.8862210512161255,0.9967421889305115,0.9588946104049683,1,1.2415493205294255,228.9055137028592,2168.7063851213206
950026,52,uav_U1,uav_U2,False,0.9977144598960876,0.9857332110404968,0.9871255159378052,0.8768987655639648,0.996502161026001,0.9554579257965088,1,0.9491470056741447,820.6341135106993,16490.156680963166
950026,53,uav_U1,uav_U2,False,0.997739315032959,0.9845700860023499,0.9820280075073242,0.8830432295799255,0.9966651797294617,0.9641805291175842,0,-3.6926141660219796,2012.9781039303546,68766.727118213
950026,54,uav_U1,uav_U2,False,0.9981861114501953,0.9862067699432373,0.9868201017379761,0.8859083652496338,0.9960396885871887,0.9561156630516052,1,1.39385475014024,117.61334104578573,3332.2415014746775
950026,55,uav_U1,uav_U2,False,0.9972778558731079,0.9691433310508728,0.9719265103340149,0.8506318926811218,0.9984254837036133,0.9609078168869019,0,-4.567273233110059,3311.62470693503,60571.734568814616
950026,56,uav_U1,uav_U2,False,0.9976760745048523,0.9826527833938599,0.9879232048988342,0.8880380392074585,0.9948773980140686,0.9473281502723694,0,-6.945726260784846,1324.7989426155948,14055.457645865452
950026,57,uav_U1,uav_U2,False,0.9975001811981201,0.9846505522727966,0.9868749976158142,0.8823482394218445,0.9964448809623718,0.9621436595916748,0,-6.890469378534524,1966.8892751609303,74294.93602935153
950026,58,uav_U1,uav_U2,False,0.9971864223480225,0.9837098121643066,0.988976240158081,0.8911126255989075,0.995722234249115,0.9538756012916565,0,-4.700006910020928,1885.327442629176,49420.85857913158
950026,59,uav_U1,uav_U2,False,0.9980063438415527,0.9853715896606445,0.9875328540802002,0.8716624975204468,0.9972670078277588,0.9660738110542297,1,1.0717799209374075,706.8399833372263,19834.382863805014
950026,60,uav_U1,uav_U2,False,0.9979042410850525,0.9864644408226013,0.9861676692962646,0.8864312171936035,0.9962620735168457,0.9599395990371704,1,1.1502163767739764,483.97358998459345,12120.28295686263
950026,61,uav_U1,uav_U2,False,0.9977847337722778,0.9788998961448669,0.9812873601913452,0.8658187389373779,0.9978362321853638,0.9505306482315063,1,0.5613925884884605,1257.6106995940238,18558.741878503522
950026,62,uav_U1,uav_U2,False,0.9977757930755615,0.9836323261260986,0.9901597499847412,0.8945468068122864,0.9968547821044922,0.9539961218833923,0,-4.594046017853062,956.9370091341767,13861.260987521367
950026,63,uav_U1,uav_U2,False,0.9978529214859009,0.9836596846580505,0.9888946413993835,0.8972549438476562,0.9964867830276489,0.9467730522155762,0,-6.00905081994976,1277.2609235691957,11231.18431723306
950026,64,uav_U1,uav_U2,False,0.9975869655609131,0.9747931957244873,0.981440007686615,0.8497228622436523,0.9978455305099487,0.9599674344062805,0,-4.057141580151711,1100.8341763876765,20720.323864945025
950026,65,uav_U1,uav_U2,False,0.9976765513420105,0.9863176941871643,0.9876002073287964,0.8944069147109985,0.9948455691337585,0.9550520181655884,0,-4.215257713890449,833.5706725943706,19038.520023332745
950026,66,uav_U1,uav_U2,False,0.9976940751075745,0.9813514351844788,0.9879534244537354,0.8962316513061523,0.9968213438987732,0.9506708383560181,0,-4.194558409672602,1411.4905163767967,19957.687131980154
950026,67,uav_U1,uav_U2,False,0.997602641582489,0.9856890439987183,0.9884624481201172,0.8869882822036743,0.9951570630073547,0.9573702216148376,0,-7.500091549496079,2805.648015948839,99021.23095244801
950026,68,uav_U1,uav_U2,False,0.997772216796875,0.9849221706390381,0.9873554706573486,0.8828582167625427,0.9966128468513489,0.9529748558998108,1,1.4362850278476507,78.12936528519772,1946.4164762660723
950026,69,uav_U1,uav_U2,False,0.9979691505432129,0.9844690561294556,0.9856859445571899,0.8848394155502319,0.9956053495407104,0.9587343335151672,1,1.2231094944483736,503.7737990039257,14229.589792235107
950026,70,uav_U1,uav_U2,False,0.9972665905952454,0.9761826992034912,0.9771655797958374,0.8589467406272888,0.9981324076652527,0.9616844058036804,0,-7.074167041708235,3929.130815698659,106789.25241377043
950026,71,uav_U1,uav_U2,False,0.9975874423980713,0.9854106307029724,0.9868214130401611,0.887320876121521,0.9958481788635254,0.9579029083251953,1,0.8240476592236059,636.6607421211346,15365.882353382076
950026,72,uav_U1,uav_U2,False,0.9975708723068237,0.9732734560966492,0.9747931361198425,0.860996425151825,0.9972702264785767,0.9642810821533203,0,-4.303448311002282,3020.622547664606,104257.70394609665
950026,73,uav_U1,uav_U2,False,0.9978681206703186,0.9729787111282349,0.9775898456573486,0.8564284443855286,0.9978547692298889,0.949948787689209,0,-5.2780925309313105,2039.0525491466817,48103.53501481586
950026,74,uav_U1,uav_U2,False,0.9970577359199524,0.9759429097175598,0.9823223948478699,0.8584421873092651,0.997936487197876,0.9596623182296753,0,-7.500091628278545,2631.098231816582,55336.87922474398
950026,75,uav_U1,uav_U2,False,0.9977849721908569,0.9856204986572266,0.9883213043212891,0.8997032046318054,0.9955637454986572,0.9519665241241455,1,0.9363056375685501,1096.7704640039392,20038.64277909896
950026,76,uav_U1,uav_U2,False,0.9976632595062256,0.9815119504928589,0.9882513880729675,0.8998494148254395,0.997024655342102,0.9538504481315613,1,1.1845980492770063,556.8376623078045,10369.474602897038
950026,77,uav_U1,uav_U2,False,0.9981523156166077,0.975831151008606,0.9817875623703003,0.8852301239967346,0.997088611125946,0.9417421817779541,0,-4.322528067769478,1703.9779950320508,50974.80751863526
950026,78,uav_U1,uav_U2,False,0.9976481199264526,0.9793466925621033,0.9802877902984619,0.8690810203552246,0.9975124597549438,0.9530330300331116,0,-6.027040762639936,2789.8167914075448,88360.67777729644
950026,79,uav_U1,uav_U2,False,0.9973970651626587,0.9839035868644714,0.9881076216697693,0.8959749937057495,0.9926887154579163,0.9495508670806885,1,0.9464298655852417,27.678276666372458,380.58188247924517
950026,80,uav_U1,uav_U2,False,0.9977880120277405,0.9783712029457092,0.9841164350509644,0.8589726686477661,0.9984413981437683,0.9534486532211304,1,0.8448141101040376,1291.8451671116243,18735.39676846101
950026,81,uav_U1,uav_U2,False,0.9976890683174133,0.9702281951904297,0.9774044752120972,0.8733704090118408,0.9981498718261719,0.9526851177215576,0,-5.195915215803228,3941.293974207302,98922.91087199333
950026,82,uav_U1,uav_U2,False,0.9978193044662476,0.9866073131561279,0.9868855476379395,0.888373851776123,0.9954472184181213,0.9531049728393555,0,-3.6288484315444363,555.3482583875449,11999.658090051606
950026,83,uav_U1,uav_U2,False,0.9973419904708862,0.9844925403594971,0.9885903596878052,0.8745096921920776,0.99720698595047,0.9623584747314453,1,1.330188462773255,222.84209607661094,4195.052078197705
950026,84,uav_U1,uav_U2,False,0.9970210790634155,0.9764068126678467,0.9869334697723389,0.8976998925209045,0.995505690574646,0.9418731927871704,1,1.0040864253756436,816.6170140723374,5204.552281532936
950026,85,uav_U1,uav_U2,False,0.9972334504127502,0.9795200824737549,0.9735963344573975,0.864586591720581,0.9974873065948486,0.9586436152458191,0,-7.500091464127144,6885.783345785346,257851.6707497596
950026,86,uav_U1,uav_U2,False,0.9973592162132263,0.9784160852432251,0.9779581427574158,0.8644583225250244,0.9977810978889465,0.9582412838935852,0,-4.0012619312392985,2500.9497512465446,72215.88281549774
950026,87,uav_U1,uav_U2,False,0.9981037974357605,0.9855900406837463,0.9892185926437378,0.9041672348976135,0.995960533618927,0.9443942904472351,1,1.2136169175173144,536.7965153396389,22125.04931430266
950026,88,uav_U1,uav_U2,False,0.9976269602775574,0.9774572253227234,0.9802762269973755,0.8515453934669495,0.9981395602226257,0.9485119581222534,0,-7.500092613143689,4697.273324549034,34058.67538993488
950026,89,uav_U1,uav_U2,False,0.9976566433906555,0.9810300469398499,0.9889064431190491,0.8706883788108826,0.9970200657844543,0.9492403864860535,0,-3.5985272459712743,908.4061645612588,18004.044225832487
950026,90,uav_U1,uav_U2,False,0.9976381063461304,0.9741805791854858,0.9894940257072449,0.895909309387207,0.9972864389419556,0.9226985573768616,1,1.189919829176214,482.65133217747393,4769.242060485997
950026,91,uav_U1,uav_U2,False,0.997931957244873,0.9700432419776917,0.9726114869117737,0.8603504300117493,0.9981541037559509,0.9500409364700317,0,-3.799938845360624,1973.1675488832211,37123.728309441365
950026,92,uav_U1,uav_U2,False,0.9978718757629395,0.9666284322738647,0.9819503426551819,0.8645283579826355,0.9981281161308289,0.9383164644241333,1,0.6391466919644557,1551.0921447538853,31303.883132412357
950026,93,uav_U1,uav_U2,False,0.9977784156799316,0.9837743639945984,0.9889607429504395,0.8882789611816406,0.9935879707336426,0.9493711590766907,1,0.7555699780034975,342.395555188839,6082.737432140388
950026,94,uav_U1,uav_U2,False,0.9974205493927002,0.9720092415809631,0.9753648042678833,0.8628777265548706,0.9976727962493896,0.9509510397911072,0,-3.6763681059424234,1640.9053524066123,27959.755569264293
950026,95,uav_U1,uav_U2,False,0.9978235960006714,0.9820167422294617,0.985686182975769,0.8876616358757019,0.9948326349258423,0.9444063305854797,0,-7.500091719780799,2401.570787987198,60021.5896631745
950026,96,uav_U1,uav_U2,False,0.9979579448699951,0.9809080362319946,0.9875093698501587,0.8857020735740662,0.9964677095413208,0.9409191012382507,1,0.6281090882013258,811.6447389179792,10320.333387447892
950026,97,uav_U1,uav_U2,False,0.9975905418395996,0.98182213306427,0.9889110326766968,0.8848952651023865,0.9959414005279541,0.9399330615997314,1,1.0323282844220425,784.5979329007114,7225.35843154633
950026,98,uav_U1,uav_U2,False,0.9979546666145325,0.9822285175323486,0.9875845313072205,0.8992347121238708,0.9960871934890747,0.9442840814590454,1,0.9958279668697516,892.7260537431358,19298.5335699304
950026,99,uav_U1,uav_U2,False,0.997686505317688,0.9811533093452454,0.9881151914596558,0.8961648941040039,0.9960035681724548,0.942013680934906,0,-3.787270998959062,1753.1378178862233,24925.670525883208
950027,0,uav_U1,uav_U2,False,0.9975116848945618,0.9759920835494995,0.977809727191925,0.8670932054519653,0.998704195022583,0.9599301815032959,0,-6.4336075934865455,6301.492332829969,113948.29723903109
950027,1,uav_U1,uav_U2,False,0.997090220451355,0.9812553524971008,0.9788494110107422,0.8527379035949707,0.9983768463134766,0.9705232977867126,0,-7.500091523943394,2987.097946408838,85548.96938477755
950027,2,uav_U1,uav_U2,False,0.9975627660751343,0.9850346446037292,0.9854518175125122,0.8805229663848877,0.9963177442550659,0.9504556059837341,1,0.7163053766532093,443.51918815595263,7806.60663939158
950027,3,uav_U1,uav_U2,False,0.997826874256134,0.9857588410377502,0.9855292439460754,0.8715015649795532,0.9974337816238403,0.9591953158378601,1,1.3444821811514578,267.79911365675343,6354.684779303138
950027,4,uav_U1,uav_U2,False,0.9979454278945923,0.9841537475585938,0.9871070384979248,0.887359082698822,0.9970836043357849,0.958741307258606,1,1.1520524291738228,508.2175225650397,16431.273935586058
950027,5,uav_U1,uav_U2,False,0.9978619813919067,0.9817495346069336,0.9779877662658691,0.874032735824585,0.9985852241516113,0.958055853843689,0,-7.051345839072051,2912.8026874676057,89320.2202675297
950027,6,uav_U1,uav_U2,False,0.9973217844963074,0.982608437538147,0.9862938523292542,0.8973987102508545,0.9966431260108948,0.9561243653297424,0,-3.7364507148875097,2153.7377177773415,66669.83708411528
950027,7,uav_U1,uav_U2,False,0.9979639053344727,0.9853497743606567,0.9884471893310547,0.8750141859054565,0.9981024861335754,0.958929717540741,1,1.365928392450057,215.9749806455033,2721.3996172273423
950027,8,uav_U1,uav_U2,False,0.9970768690109253,0.9861191511154175,0.9877474904060364,0.88297438621521,0.997109055519104,0.9673693776130676,0,-4.720093877378021,1809.3019707636734,61509.987263641044
950027,9,uav_U1,uav_U2,False,0.9968695044517517,0.9845575094223022,0.9875447750091553,0.877193808555603,0.996759295463562,0.9631475806236267,1,0.5780957741339889,1298.834050816604,29098.117066185703
950027,10,uav_U1,uav_U2,False,0.9979537129402161,0.9818796515464783,0.9831669926643372,0.8619239330291748,0.9979495406150818,0.946031928062439,0,-5.3522863865281955,1180.8085846328597,29956.106954624473
950027,11,uav_U1,uav_U2,False,0.997635006904602,0.9854606986045837,0.9875395894050598,0.8731568455696106,0.9966763257980347,0.9547032713890076,1,0.8925387526180539,730.6653435496693,11934.467747710993
950027,12,uav_U1,uav_U2,False,0.9973375797271729,0.9843343496322632,0.9874994158744812,0.8794645667076111,0.9972857236862183,0.9659321308135986,1,0.8323780038163877,1015.3116598117244,6278.627932350425
950027,13,uav_U1,uav_U2,False,0.9974158406257629,0.9799538254737854,0.9808336496353149,0.8552402257919312,0.9980401992797852,0.9621342420578003,1,0.9324875929676186,780.770852171112,17696.126765893347
950027,14,uav_U1,uav_U2,False,0.9968732595443726,0.9846184253692627,0.9862729907035828,0.8855080604553223,0.9946869611740112,0.9549601674079895,0,-6.110153428251051,1281.5718659779425,17451.941469028974
950027,15,uav_U1,uav_U2,False,0.9967219233512878,0.9811699986457825,0.978169322013855,0.8561154007911682,0.998172402381897,0.9639419913291931,0,-7.500093005216202,5979.87203311055,35187.342272147434
950027,16,uav_U1,uav_U2,False,0.9972847700119019,0.9795053601264954,0.9768790006637573,0.8622130155563354,0.9979885816574097,0.9594203233718872,0,-4.074259334711963,2027.5280703070405,54427.89921750344
950027,17,uav_U1,uav_U2,False,0.9977015852928162,0.9854764342308044,0.9889564514160156,0.8823434114456177,0.997153639793396,0.9598332047462463,1,0.7285822836284861,487.4781112151124,15354.628901494525
950027,18,uav_U1,uav_U2,False,0.9969702363014221,0.9763314127922058,0.9756762981414795,0.8646132946014404,0.9986075758934021,0.9623523354530334,0,-7.0802822971661445,2743.5340735287978,41523.37424604959
950027,19,uav_U1,uav_U2,False,0.9964959025382996,0.9751659631729126,0.9714125990867615,0.8558496236801147,0.9985920786857605,0.9659425616264343,0,-5.936619269126334,4171.943740443827,33177.96057903048
950027,20,uav_U1,uav_U2,False,0.9977171421051025,0.983745813369751,0.9868132472038269,0.8959046006202698,0.9971739053726196,0.950264036655426,1,1.4965414613774712,34.53961015662301,1379.8954559576837
950027,21,uav_U1,uav_U2,False,0.997191309928894,0.9865866899490356,0.9880547523498535,0.8701815009117126,0.9974426031112671,0.9608923196792603,1,0.5023552807556027,1484.3591936908806,46210.20719333658
950027,22,uav_U1,uav_U2,False,0.9966904520988464,0.9783202409744263,0.9815987944602966,0.8642613291740417,0.9980396628379822,0.97137850522995,0,-3.6439800176150987,1927.4513376280058,19465.49332099682
950027,23,uav_U1,uav_U2,False,0.9973359107971191,0.988032341003418,0.9887996912002563,0.8800944089889526,0.9958683252334595,0.9638024568557739,1,1.2935775283443218,405.027422869573,9408.16291667873
950027,24,uav_U1,uav_U2,False,0.9966222047805786,0.9771693348884583,0.9601191878318787,0.8494080305099487,0.9983253479003906,0.9666846990585327,0,-7.03016709493992,7094.098599657722,270242.2799407723
950027,25,uav_U1,uav_U2,False,0.9974974989891052,0.9813428521156311,0.9879058599472046,0.9006996154785156,0.9973443150520325,0.9563980102539062,0,-3.5273996633025604,1702.249073627158,28745.620029476744
950027,26,uav_U1,uav_U2,False,0.9974503517150879,0.9855930805206299,0.9845007658004761,0.877394437789917,0.996098518371582,0.9646742939949036,1,1.3742818524358609,246.6045070489298,5015.664795653974
950027,27,uav_U1,uav_U2,False,0.9972400069236755,0.9869503378868103,0.9877131581306458,0.8901722431182861,0.995125949382782,0.9537270069122314,1,1.06782261743907,434.24599901157114,7247.14284966375
950027,28,uav_U1,uav_U2,False,0.9968202114105225,0.9814084768295288,0.9850109815597534,0.886111855506897,0.9973809123039246,0.9603341817855835,0,-7.500091980796169,1307.7125937331614,15567.260632746997
950027,29,uav_U1,uav_U2,False,0.9976648688316345,0.9840906858444214,0.9878445863723755,0.8742271065711975,0.9958891868591309,0.9465596675872803,0,-5.909512259784382,722.7970580260205,8070.43104703417
950027,30,uav_U1,uav_U2,False,0.9977342486381531,0.9846864342689514,0.9860441088676453,0.8738874197006226,0.9976320266723633,0.951471745967865,1,0.5023926610061122,943.6490928784156,9147.145964257685
950027,31,uav_U1,uav_U2,False,0.997340202331543,0.9813295602798462,0.9854759573936462,0.8676556348800659,0.9976726770401001,0.9512121677398682,0,-3.834854930332502,922.3205889608797,5458.60940913922
950027,32,uav_U1,uav_U2,False,0.9978067874908447,0.9877676963806152,0.9862584471702576,0.879946231842041,0.9968388080596924,0.9525954723358154,1,1.3713599670838565,230.10148718925385,5833.386006964129
950027,33,uav_U1,uav_U2,False,0.9975261688232422,0.985168993473053,0.988541841506958,0.8802974820137024,0.9963666200637817,0.9588759541511536,0,-4.035034128523648,1456.660371834028,32233.62580108367
950027,34,uav_U1,uav_U2,False,0.99739670753479,0.982222318649292,0.9888871908187866,0.872924268245697,0.9974454641342163,0.951863706111908,0,-3.5113172111411934,575.3869191256946,4856.931270668557
950027,35,uav_U1,uav_U2,False,0.997557520866394,0.9802299737930298,0.9777990579605103,0.8655993938446045,0.9981222748756409,0.9592576622962952,0,-4.056659423511723,1204.7833786551091,25993.170285605174
950027,36,uav_U1,uav_U2,False,0.9971938133239746,0.9791865348815918,0.9746671319007874,0.8700363636016846,0.9985899329185486,0.9581939578056335,0,-7.500091964131071,7042.002060166789,88234.81425283097
950027,37,uav_U1,uav_U2,False,0.9965263605117798,0.9726357460021973,0.9775041341781616,0.8724232912063599,0.9982911348342896,0.9643323421478271,0,-4.745295325321502,1706.354722353005,25797.880434236897
950027,38,uav_U1,uav_U2,False,0.9979064464569092,0.9851604700088501,0.9878207445144653,0.884567141532898,0.9964035749435425,0.9504719376564026,1,1.1389944759133384,493.3688810446273,8393.245947174119
950027,39,uav_U1,uav_U2,False,0.9980727434158325,0.9870637655258179,0.9871118068695068,0.8770439028739929,0.997524619102478,0.9536159038543701,1,1.2826794630222609,395.79091609875763,11209.03032026603
950027,40,uav_U1,uav_U2,False,0.9969049692153931,0.9811503887176514,0.9733386039733887,0.8611971139907837,0.9981774687767029,0.9696736931800842,0,-4.920379922509833,2662.3172632459878,75585.57460864763
950027,41,uav_U1,uav_U2,False,0.9979171752929688,0.9857538342475891,0.9865702390670776,0.8724457621574402,0.9973146319389343,0.9560562372207642,1,1.327960744331827,93.53940619864225,2018.8590938778357
950027,42,uav_U1,uav_U2,False,0.9973424673080444,0.9741857051849365,0.9755667448043823,0.8665969371795654,0.9987296462059021,0.956448495388031,0,-7.500092138166259,3303.8355976660323,37812.97583138571
950027,43,uav_U1,uav_U2,False,0.9974880814552307,0.9808080196380615,0.9886612892150879,0.8961811065673828,0.9972473978996277,0.9530087113380432,1,0.706750596289035,1125.4899733775437,11598.40717152097
950027,44,uav_U1,uav_U2,False,0.9978456497192383,0.9814635515213013,0.9852513074874878,0.8845300078392029,0.9970260262489319,0.9525478482246399,1,0.7947724482787051,377.9527492861415,6874.129966808949
950027,45,uav_U1,uav_U2,False,0.9971883893013,0.9851441383361816,0.9853159189224243,0.876200795173645,0.995322048664093,0.963492751121521,1,0.5375245375561675,773.7566474284678,22742.196906677844
950027,46,uav_U1,uav_U2,False,0.9971846342086792,0.9812095761299133,0.9860038757324219,0.8831343650817871,0.9981358647346497,0.9613429307937622,0,-6.013653307429198,2438.410869009406,14292.584948283415
950027,47,uav_U1,uav_U2,False,0.997399091720581,0.9798195362091064,0.9834098815917969,0.8804882764816284,0.9982352256774902,0.947803258895874,1,0.8640587297671942,1165.5120451590042,21319.296050724104
950027,48,uav_U1,uav_U2,False,0.9962840676307678,0.9690787196159363,0.979552686214447,0.8622182607650757,0.9984726309776306,0.9591596722602844,0,-3.5207502722686295,1785.1319547942335,27689.36866916582
950027,49,uav_U1,uav_U2,False,0.9974302053451538,0.9831655025482178,0.987716555595398,0.8844524621963501,0.9964030981063843,0.9627209305763245,0,-4.203144246603728,1493.576653782864,16282.219353361455
950027,50,uav_U1,uav_U2,False,0.9973795413970947,0.976119339466095,0.9756830930709839,0.8515462875366211,0.9985967874526978,0.964883029460907,0,-4.0877562811930455,2146.5225279967685,44358.47953664205
950027,51,uav_U1,uav_U2,False,0.9970594048500061,0.9886029362678528,0.9871630072593689,0.8930750489234924,0.9935200214385986,0.9583150744438171,0,-7.500091423454518,4853.908000993099,190477.74149983245
950027,52,uav_U1,uav_U2,False,0.9962441921234131,0.9674327373504639,0.9686951637268066,0.8768242001533508,0.9981679916381836,0.9581793546676636,0,-5.88037776188632,3170.7085464676875,72341.71986123318
950027,53,uav_U1,uav_U2,False,0.9979048371315002,0.9869027137756348,0.9874035120010376,0.8848873972892761,0.9960569739341736,0.9553341269493103,1,0.9184944768220589,29.075046794825454,729.1323382220179
950027,54,uav_U1,uav_U2,False,0.9979050755500793,0.9848960638046265,0.9883344173431396,0.8873864412307739,0.9971827864646912,0.9585867524147034,1,1.310627536149778,178.87030035857663,4489.078256850274
950027,55,uav_U1,uav_U2,False,0.9972416162490845,0.9804976582527161,0.9851131439208984,0.888654351234436,0.9975375533103943,0.958096444606781,1,1.045467426779465,411.7232377738647,6097.192765355267
950027,56,uav_U1,uav_U2,False,0.9977218508720398,0.9723448157310486,0.9766054153442383,0.859988808631897,0.998333215713501,0.9537636637687683,0,-4.556813650379651,1902.4677101542175,38514.247486323075
950027,57,uav_U1,uav_U2,False,0.9974802136421204,0.9748695492744446,0.9805907607078552,0.8485091924667358,0.9985888600349426,0.9590895175933838,0,-7.486080917051238,1181.679398519952,18498.575427456028
950027,58,uav_U1,uav_U2,False,0.9978187084197998,0.9833701252937317,0.9865978360176086,0.890705943107605,0.997326135635376,0.9610774517059326,1,1.1573648177096154,353.84728246933395,7302.160494906249
950027,59,uav_U1,uav_U2,False,0.9975696206092834,0.9855007529258728,0.9884331226348877,0.8727654218673706,0.9971688985824585,0.9514107704162598,1,1.2647106549519613,452.0495373979333,7710.123777658331
950027,60,uav_U1,uav_U2,False,0.997641921043396,0.9862491488456726,0.9888225197792053,0.8980166912078857,0.9951319694519043,0.9501014947891235,1,0.7400514674421392,398.9248009074225,8886.446942882916
950027,61,uav_U1,uav_U2,False,0.9967919588088989,0.976427435874939,0.9803937077522278,0.8689799904823303,0.9983469247817993,0.9485250115394592,0,-7.500091601266356,1672.3318650640988,36327.58921871238
950027,62,uav_U1,uav_U2,False,0.9975959658622742,0.9840033054351807,0.9869630336761475,0.8737497925758362,0.9974116683006287,0.9588868618011475,0,-4.042465738182286,421.06811196478424,9634.818021572795
950027,63,uav_U1,uav_U2,False,0.9978235960006714,0.978025496006012,0.9796843528747559,0.8690827488899231,0.9979096055030823,0.9483593702316284,0,-4.035326585462416,1398.598844650235,28177.75828648757
950027,64,uav_U1,uav_U2,False,0.99753338098526,0.9840375185012817,0.9868543744087219,0.8969722986221313,0.996272087097168,0.9565451741218567,1,0.7250964894045571,623.7235189548401,16186.05438735744
950027,65,uav_U1,uav_U2,False,0.9969724416732788,0.9781465530395508,0.983491063117981,0.8780614137649536,0.9976962208747864,0.9584223628044128,0,-5.3750700401078975,1247.7406173016661,24820.087622088064
950027,66,uav_U1,uav_U2,False,0.9981575012207031,0.9818307161331177,0.9849442839622498,0.885554313659668,0.995808482170105,0.9439586997032166,0,-3.504700966284524,1209.5496452365169,48235.32294712348
950027,67,uav_U1,uav_U2,False,0.9979877471923828,0.9830677509307861,0.9898267984390259,0.8911098837852478,0.9955658316612244,0.9455175399780273,0,-3.529962130647409,2027.8151474406245,91121.48221152589
950027,68,uav_U1,uav_U2,False,0.9980981349945068,0.9806737899780273,0.9872490763664246,0.8887330889701843,0.9976488947868347,0.9430238008499146,1,1.3955508296674912,138.79531392234068,3332.674556325452
950027,69,uav_U1,uav_U2,False,0.9979833364486694,0.983772873878479,0.9843363761901855,0.8821699619293213,0.9979047775268555,0.9617688059806824,1,0.9653134011352336,443.71372671797087,11564.184762823756
950027,70,uav_U1,uav_U2,False,0.9979279041290283,0.9837168455123901,0.9859559535980225,0.8813865780830383,0.9975659847259521,0.9644407033920288,1,1.2540120329586,318.18954455435477,5598.898449114907
950027,71,uav_U1,uav_U2,False,0.9970263242721558,0.9711599349975586,0.9742683172225952,0.8530429005622864,0.9980713725090027,0.9625718593597412,0,-3.500646734420103,1939.0758330421047,46372.09635035662
950027,72,uav_U1,uav_U2,False,0.9975485801696777,0.9772104024887085,0.9768645763397217,0.8508108854293823,0.998918890953064,0.9574995040893555,0,-7.076226115989349,7623.836867892783,36527.136443569245
950027,73,uav_U1,uav_U2,False,0.9976112842559814,0.9825596213340759,0.9860358238220215,0.8870232105255127,0.9978770017623901,0.9628569483757019,1,1.3531316013387502,233.37455860396938,3540.9458896471997
950027,74,uav_U1,uav_U2,False,0.9976755976676941,0.986892819404602,0.9860879778862,0.8770878911018372,0.9959812164306641,0.9522348046302795,0,-5.094233420209276,2064.936927847099,79621.03026996205
950027,75,uav_U1,uav_U2,False,0.997672438621521,0.9819918870925903,0.9856089949607849,0.886021614074707,0.996223509311676,0.9536104798316956,1,0.9939484085581245,917.3054773014838,30784.370968848307
950027,76,uav_U1,uav_U2,False,0.9979299306869507,0.9846405982971191,0.9864768385887146,0.8870192766189575,0.9946737885475159,0.9538928270339966,0,-4.272527717111592,1263.7469356488482,45613.46644058355
950027,77,uav_U1,uav_U2,False,0.9970124959945679,0.9686070084571838,0.9725230932235718,0.8592197299003601,0.9983981847763062,0.9530922770500183,0,-5.729670776097452,3475.0268125920275,45520.956735650914
950027,78,uav_U1,uav_U2,False,0.996921718120575,0.9741807579994202,0.9765605926513672,0.8797855377197266,0.9978421926498413,0.9527765512466431,0,-4.777662996675614,3657.7799900685327,148705.33894085942
950027,79,uav_U1,uav_U2,False,0.9980005025863647,0.9863635301589966,0.9870243668556213,0.8797560930252075,0.9976999163627625,0.9624840021133423,1,0.8013605869188702,278.7204655051279,4912.700330215665
950027,80,uav_U1,uav_U2,False,0.9978175163269043,0.9838849306106567,0.9890848994255066,0.8743958473205566,0.9973310232162476,0.9477376341819763,1,0.6989998369510513,1355.1368621989916,26051.061638997577
950027,81,uav_U1,uav_U2,False,0.9977206587791443,0.9742828607559204,0.9775723218917847,0.84841388463974,0.9987348914146423,0.9400855302810669,0,-7.500092597056948,4577.685946855325,31907.999502805164
950027,82,uav_U1,uav_U2,False,0.9960812330245972,0.964942991733551,0.9655453562736511,0.8526202440261841,0.9982486963272095,0.9558256268501282,0,-7.500092212957583,3308.170343189734,31894.738720807785
950027,83,uav_U1,uav_U2,False,0.997915506362915,0.9788603186607361,0.9839464426040649,0.8770541548728943,0.9980573654174805,0.9589811563491821,1,1.146443599273023,571.9048557086567,5609.784433448425
950027,84,uav_U1,uav_U2,False,0.997480034828186,0.9834262132644653,0.9879145622253418,0.8801554441452026,0.9966527223587036,0.9494320154190063,1,0.5094652358069685,1582.7264085821655,10495.79712285569
950027,85,uav_U1,uav_U2,False,0.9976968169212341,0.9666847586631775,0.9781769514083862,0.8352953791618347,0.9989928007125854,0.9413711428642273,0,-7.500092462040268,3735.625633988807,31717.069658898603
950027,86,uav_U1,uav_U2,False,0.9979844093322754,0.9808337092399597,0.9888481497764587,0.8824579119682312,0.9973243474960327,0.9389281272888184,0,-3.7711526472032,1091.8413625506423,31138.995703105844
950027,87,uav_U1,uav_U2,False,0.9977041482925415,0.981869637966156,0.9881298542022705,0.883618950843811,0.994929313659668,0.9222405552864075,1,0.7128409868761627,313.25278346156364,7529.552150484625
950027,88,uav_U1,uav_U2,False,0.9972586631774902,0.9796196818351746,0.9838970899581909,0.8820446133613586,0.9969179034233093,0.9528378248214722,0,-5.1045080974702906,1705.8921950563956,13616.817916654154
950027,89,uav_U1,uav_U2,False,0.997675359249115,0.9858363270759583,0.9863690137863159,0.8804033398628235,0.9966332316398621,0.9472661018371582,0,-3.929338281347876,405.9060339289285,10001.214347756211
950027,90,uav_U1,uav_U2,False,0.9973134994506836,0.9677314162254333,0.9731327295303345,0.8728417754173279,0.9983260035514832,0.9438463449478149,0,-4.404105109205277,2389.5369412307614,61089.16891209584
950027,91,uav_U1,uav_U2,False,0.9976906180381775,0.9835501909255981,0.988656759262085,0.8933683037757874,0.9963590502738953,0.9435263276100159,0,-4.393217103141112,2300.1474945775785,72703.46962524414
950027,92,uav_U1,uav_U2,False,0.9977442026138306,0.9780988693237305,0.9880616664886475,0.9002158045768738,0.9956380724906921,0.9346785545349121,1,1.312885031491344,357.77571277571445,11816.580727461398
950027,93,uav_U1,uav_U2,False,0.9977548122406006,0.9792116284370422,0.9845132827758789,0.8868710398674011,0.996274471282959,0.958394467830658,0,-3.5616314530448134,822.6933075448003,20485.602246725062
950027,94,uav_U1,uav_U2,False,0.9977660775184631,0.9799824357032776,0.9877198934555054,0.8882464170455933,0.9961264729499817,0.9357177019119263,0,-3.894945490942871,2180.1566893669874,83986.09854579806
950027,95,uav_U1,uav_U2,False,0.9975727796554565,0.9801320433616638,0.9875743389129639,0.8852770924568176,0.9973509311676025,0.9523576498031616,1,1.1643096194649807,669.85449080838,11066.186962792888
950027,96,uav_U1,uav_U2,False,0.9981553554534912,0.9867154955863953,0.987188458442688,0.8869971036911011,0.9967445135116577,0.9558936953544617,1,1.0897530341573354,406.4639674771488,18049.71623497834
950027,97,uav_U1,uav_U2,False,0.9978347420692444,0.9818995594978333,0.9887027740478516,0.8711711764335632,0.9979851245880127,0.9386560320854187,1,1.3132227352619141,234.66360192710053,4290.921685513915
950027,98,uav_U1,uav_U2,False,0.997361421585083,0.9835454225540161,0.9840043187141418,0.879122793674469,0.9966772794723511,0.9578971266746521,1,1.0502725040417962,765.730003616191,24604.717626074787
950027,99,uav_U1,uav_U2,False,0.9976627826690674,0.9729602336883545,0.9783962368965149,0.8672254681587219,0.99755859375,0.9423195123672485,0,-5.849608829506562,3590.682540387505,141361.702100514
950028,0,uav_U1,uav_U2,False,0.9982333183288574,0.9829722046852112,0.9843920469284058,0.8657011985778809,0.998254120349884,0.9707069993019104,1,1.3688928218948866,171.89212010350707,3956.516528685642
950028,1,uav_U1,uav_U2,False,0.9969768524169922,0.9794756770133972,0.9712194204330444,0.8500678539276123,0.998701810836792,0.956682562828064,0,-7.500091656605349,2055.016877083022,45008.75001611066
950028,2,uav_U1,uav_U2,False,0.9971665143966675,0.9771947264671326,0.9791057109832764,0.8731372952461243,0.9988798499107361,0.9625323414802551,1,1.1342021553782569,718.6124536735348,12992.596049240437
950028,3,uav_U1,uav_U2,False,0.996814489364624,0.9795913696289062,0.9717991352081299,0.8443071842193604,0.9988701939582825,0.9688413143157959,0,-3.5342755856576433,1365.1229470666322,32780.25601980752
950028,4,uav_U1,uav_U2,False,0.9955851435661316,0.9802567362785339,0.9686943292617798,0.841475248336792,0.9984261989593506,0.9662773609161377,0,-6.08972309978992,5700.335562677373,239914.47461330108
950028,5,uav_U1,uav_U2,False,0.9974371194839478,0.9847888350486755,0.984718918800354,0.8650463223457336,0.9976798892021179,0.9632137417793274,1,0.8538684393916554,1029.141740641741,34497.21717549956
950028,6,uav_U1,uav_U2,False,0.9970791339874268,0.9832735061645508,0.9854850172996521,0.8949776291847229,0.9977215528488159,0.957587718963623,0,-4.624866965896434,3185.0383078981263,70542.63259043072
950028,7,uav_U1,uav_U2,False,0.9974093437194824,0.9828248023986816,0.9802739024162292,0.8739531636238098,0.9980289340019226,0.9666004180908203,1,1.151266038583749,446.9592701935267,8821.607169003573
950028,8,uav_U1,uav_U2,False,0.9958891868591309,0.9784483909606934,0.971730649471283,0.8518820405006409,0.9988304972648621,0.9691373705863953,0,-4.063995975536863,1920.474738077112,35683.79513810998
950028,9,uav_U1,uav_U2,False,0.9964627027511597,0.9816483855247498,0.9812449216842651,0.8464000225067139,0.9982917904853821,0.9686058759689331,1,0.8549404866715953,352.1524229428384,5688.470706771273
950028,10,uav_U1,uav_U2,False,0.996275007724762,0.97999107837677,0.9746779203414917,0.857438325881958,0.9987543225288391,0.9652095437049866,0,-5.385946101439656,2193.2493940284253,29685.468766653394
950028,11,uav_U1,uav_U2,False,0.9966678619384766,0.9850870370864868,0.9672025442123413,0.8667312860488892,0.9983458518981934,0.9655777215957642,0,-7.3055407068424305,7054.399683273895,303794.9306480766
950028,12,uav_U1,uav_U2,False,0.9978626370429993,0.9841309189796448,0.983642578125,0.874835193157196,0.9979886412620544,0.9525960683822632,1,1.4444829136876398,97.60401386465715,2410.545096133948
950028,13,uav_U1,uav_U2,False,0.9974392056465149,0.980553925037384,0.9815628528594971,0.8520492315292358,0.9988502264022827,0.9693918228149414,1,0.8332472823863166,542.6620864542256,12950.613461649242
950028,14,uav_U1,uav_U2,False,0.9971334934234619,0.9839532971382141,0.9848125576972961,0.8769004940986633,0.9980071187019348,0.9595454931259155,0,-4.343743687515983,2914.813107529936,31656.202906318926
950028,15,uav_U1,uav_U2,False,0.9958527684211731,0.9759173393249512,0.9691333770751953,0.8419366478919983,0.9988001585006714,0.9646267294883728,0,-4.457619246616645,3088.9790151847515,74424.18547352671
950028,16,uav_U1,uav_U2,False,0.9970336556434631,0.9858512878417969,0.9854545593261719,0.8785402774810791,0.99543696641922,0.9451895356178284,0,-3.5530382316387943,431.70804766363227,6789.527226325399
950028,17,uav_U1,uav_U2,False,0.9957427978515625,0.9712231159210205,0.9538191556930542,0.8521794080734253,0.9988438487052917,0.9629122018814087,0,-7.500091450077649,3783.2274299428705,75023.25337746709
950028,18,uav_U1,uav_U2,False,0.9972326755523682,0.9745850563049316,0.968279242515564,0.8510968089103699,0.9989306330680847,0.9490454792976379,0,-5.223469860284805,3518.603790913397,36456.19264119425
950028,19,uav_U1,uav_U2,False,0.9973134994506836,0.9844340682029724,0.9864732623100281,0.8713504672050476,0.9979783892631531,0.9555560946464539,1,1.1863927801095184,544.2625509647069,7882.493374972841
950028,20,uav_U1,uav_U2,False,0.9972343444824219,0.981315553188324,0.98635333776474,0.8849014639854431,0.9977697134017944,0.9514605402946472,1,0.5630281283860112,687.6699719715486,12625.671094143274
950028,21,uav_U1,uav_U2,False,0.996117115020752,0.9723017811775208,0.9680277109146118,0.8708032369613647,0.9984866976737976,0.9594364166259766,0,-6.962965282731837,4623.537501389004,185979.37270872487
950028,22,uav_U1,uav_U2,False,0.995475172996521,0.9696246981620789,0.9653885960578918,0.8450405597686768,0.9989410638809204,0.9589972496032715,0,-4.402681408061875,3508.3753975340537,41478.590923031756
950028,23,uav_U1,uav_U2,False,0.9976787567138672,0.9820395708084106,0.9814943075180054,0.8790804743766785,0.9981971383094788,0.9576223492622375,1,0.8433210983074517,718.306059548207,10609.619655035463
950028,24,uav_U1,uav_U2,False,0.9971750974655151,0.9797334671020508,0.9792222380638123,0.8669599294662476,0.9972273707389832,0.9602314829826355,1,1.1106174382521354,745.4922885387077,23802.070586109647
950028,25,uav_U1,uav_U2,False,0.9967725872993469,0.9800217747688293,0.9686203002929688,0.8542890548706055,0.9989700317382812,0.9701017141342163,0,-4.507851481913254,3607.9447773961087,108826.29238123672
950028,26,uav_U1,uav_U2,False,0.9973821640014648,0.9827510118484497,0.9875928163528442,0.8669935464859009,0.9982323050498962,0.9480865597724915,0,-4.226496707843999,985.7771305933237,13881.432923518538
950028,27,uav_U1,uav_U2,False,0.996971607208252,0.9860670566558838,0.9853209853172302,0.8612779378890991,0.9978238344192505,0.9635855555534363,1,0.7700184325521655,403.6291354244136,8862.353158488644
950028,28,uav_U1,uav_U2,False,0.9964002370834351,0.9738550186157227,0.9635565876960754,0.8431140780448914,0.9988608360290527,0.9686341285705566,0,-4.424037318995299,2712.7637271955336,78269.66498838148
950028,29,uav_U1,uav_U2,False,0.9975985288619995,0.981909453868866,0.984683632850647,0.877507209777832,0.9974508881568909,0.9515237808227539,1,0.5018961124006025,319.3638270805266,5150.967150219238
950028,30,uav_U1,uav_U2,False,0.997205376625061,0.9767610430717468,0.967602014541626,0.863682210445404,0.9985256791114807,0.960068941116333,1,0.5785636796903744,1615.1173841229315,48488.464254614715
950028,31,uav_U1,uav_U2,False,0.9972820281982422,0.9853888154029846,0.9845148324966431,0.8894950747489929,0.997506320476532,0.9649852514266968,0,-3.596449824276776,2162.018693188432,88337.01436687
950028,32,uav_U1,uav_U2,False,0.9966539144515991,0.9838303923606873,0.9832592010498047,0.8700751066207886,0.9974249601364136,0.961452066898346,0,-7.500274332091167,860.5884843038882,22753.676216356922
950028,33,uav_U1,uav_U2,False,0.9965109825134277,0.9804688692092896,0.9872439503669739,0.8884392380714417,0.997967541217804,0.9532484412193298,0,-4.413803355970705,1429.5420869425293,8868.517947659664
950028,34,uav_U1,uav_U2,False,0.9974977970123291,0.9861799478530884,0.9834491014480591,0.8659400343894958,0.9978929162025452,0.9599876403808594,1,1.1658857415894193,158.66068276859312,3255.2017030066268
950028,35,uav_U1,uav_U2,False,0.9970590472221375,0.9795286655426025,0.9860368967056274,0.8918432593345642,0.9980431795120239,0.9473564028739929,1,1.011956945406276,130.28296682468533,1877.7213617812693
950028,36,uav_U1,uav_U2,False,0.9965209364891052,0.9732654094696045,0.9580192565917969,0.8467196226119995,0.99854576587677,0.9613391757011414,0,-7.500091367344632,3220.7125137498824,111439.86776234771
950028,37,uav_U1,uav_U2,False,0.9971933364868164,0.9750841856002808,0.9724125862121582,0.8551979064941406,0.9984440207481384,0.9500320553779602,0,-3.8425295916886757,2028.4238961268231,59677.42831049736
950028,38,uav_U1,uav_U2,False,0.9977173805236816,0.981112003326416,0.9813253283500671,0.8558462858200073,0.9985686540603638,0.9608729481697083,1,1.0441685440875157,720.5247137586949,23912.455187941156
950028,39,uav_U1,uav_U2,False,0.9961435198783875,0.9654825925827026,0.9704954624176025,0.8371575474739075,0.9991281628608704,0.9482656717300415,0,-4.327079037463759,3526.085775388602,54599.673110315896
950028,40,uav_U1,uav_U2,False,0.9970104694366455,0.979636549949646,0.9703399538993835,0.8525828123092651,0.9988797307014465,0.9580116868019104,0,-3.816524787939441,2323.504584974435,52340.735243648596
950028,41,uav_U1,uav_U2,False,0.9970659017562866,0.9768596291542053,0.9709088802337646,0.8587176203727722,0.9988580346107483,0.9591419100761414,0,-7.50009163176777,1477.9752615815469,31485.83656714729
950028,42,uav_U1,uav_U2,False,0.9970566034317017,0.9738929867744446,0.9691671133041382,0.8551819324493408,0.9989488124847412,0.9496427774429321,0,-5.959137797497101,4835.746613747797,116436.69171929416
950028,43,uav_U1,uav_U2,False,0.9970020055770874,0.9770853519439697,0.9625576734542847,0.8644477725028992,0.9987055063247681,0.9518468379974365,0,-7.500091408502751,5266.781885809768,211554.02482744135
950028,44,uav_U1,uav_U2,False,0.997166633605957,0.9682633876800537,0.9707436561584473,0.8428054451942444,0.9989265203475952,0.9571027755737305,0,-4.559857400330576,2146.2758569044368,39626.28664328371
950028,45,uav_U1,uav_U2,False,0.997022807598114,0.9783626198768616,0.9819559454917908,0.8817318081855774,0.9972496628761292,0.9476717114448547,0,-4.82572491410481,772.1100226488404,6928.403108004091
950028,46,uav_U1,uav_U2,False,0.9971517324447632,0.9812002778053284,0.9852156043052673,0.8784761428833008,0.9979057312011719,0.9515130519866943,1,0.6889163812470414,868.5704757024241,4414.382072161529
950028,47,uav_U1,uav_U2,False,0.9974658489227295,0.98483806848526,0.987554132938385,0.8929360508918762,0.9980272650718689,0.9536885023117065,1,1.2676111644228454,408.8428856662495,8711.442879083797
950028,48,uav_U1,uav_U2,False,0.9978694319725037,0.9842841625213623,0.9866097569465637,0.8775573968887329,0.9984631538391113,0.956123948097229,1,1.1566616169576378,514.5265714762988,11058.78461593327
950028,49,uav_U1,uav_U2,False,0.9978595972061157,0.9837086796760559,0.9828112125396729,0.8722540140151978,0.9985122084617615,0.9584137201309204,1,1.2851828103277263,280.00173286672384,5105.814474895194
950028,50,uav_U1,uav_U2,False,0.9966579675674438,0.9786017537117004,0.971310019493103,0.8557499647140503,0.9989879727363586,0.9669675230979919,0,-5.233341463780205,3145.9698410862707,28409.657000091287
950028,51,uav_U1,uav_U2,False,0.9960547685623169,0.9732605814933777,0.959132194519043,0.8354383111000061,0.9988999962806702,0.9566469788551331,0,-7.500274757446035,4328.799339988237,73405.78200648229
950028,52,uav_U1,uav_U2,False,0.9974708557128906,0.9834158420562744,0.9816174507141113,0.8526299595832825,0.9986887574195862,0.9596551060676575,1,1.260369490529827,475.2449338344082,9959.265497649503
950028,53,uav_U1,uav_U2,False,0.9967448711395264,0.9781844615936279,0.9841959476470947,0.8886198997497559,0.9982974529266357,0.9574419856071472,1,0.9133791611101367,831.698468160756,17102.308091036528
950028,54,uav_U1,uav_U2,False,0.9970929026603699,0.9816142320632935,0.9865996837615967,0.8992092609405518,0.9974091649055481,0.9489034414291382,1,0.6573470232858571,958.8345384046909,12999.86913433626
950028,55,uav_U1,uav_U2,False,0.9976181983947754,0.9828278422355652,0.9840989112854004,0.8648574352264404,0.9983962178230286,0.9503975510597229,1,1.037298484338154,640.2517030676441,9677.83243055612
950028,56,uav_U1,uav_U2,False,0.9966825246810913,0.9832477569580078,0.9848229885101318,0.8696733117103577,0.9980202913284302,0.9591406583786011,0,-6.262670309979736,3619.599766346525,21293.593140522175
950028,57,uav_U1,uav_U2,False,0.9972865581512451,0.9806053042411804,0.9794216156005859,0.8770667314529419,0.9977476000785828,0.9597142338752747,0,-4.628563311595832,821.5900516781452,20231.48653434526
950028,58,uav_U1,uav_U2,False,0.9971655607223511,0.9817761778831482,0.9864920377731323,0.8706715106964111,0.9976675510406494,0.9594523310661316,0,-5.102507201236301,882.2187288300886,9241.71402102179
950028,59,uav_U1,uav_U2,False,0.9969278573989868,0.9808891415596008,0.9838002920150757,0.8807443380355835,0.9979585409164429,0.9585769176483154,0,-3.636439128388555,1595.4301799033378,10476.818844139552
950028,60,uav_U1,uav_U2,False,0.9974337816238403,0.9825501441955566,0.985245943069458,0.873136043548584,0.9981077909469604,0.9646192789077759,1,1.3078644990827657,282.30441338111893,6393.504002141772
950028,61,uav_U1,uav_U2,False,0.9972889423370361,0.9730770587921143,0.9694242477416992,0.8570219278335571,0.9987532496452332,0.9397353529930115,0,-3.9812702769759256,2411.35863546497,43841.59910647361
950028,62,uav_U1,uav_U2,False,0.9974035024642944,0.9843255877494812,0.9853482246398926,0.8758286833763123,0.9980528354644775,0.9594405889511108,1,0.6074559337373486,663.0920321652907,12338.587827410722
950028,63,uav_U1,uav_U2,False,0.9966037273406982,0.9805577397346497,0.9837947487831116,0.8683318495750427,0.9980345368385315,0.9541163444519043,0,-3.7085830956841415,1126.313869319296,14219.192841692065
950028,64,uav_U1,uav_U2,False,0.9980238676071167,0.9768420457839966,0.9801427721977234,0.86106938123703,0.9986321330070496,0.9535273313522339,1,1.2704936262725262,254.1912413108548,5294.238486855283
950028,65,uav_U1,uav_U2,False,0.9977813363075256,0.9817861914634705,0.9841262102127075,0.8856865763664246,0.9961867332458496,0.9479566812515259,0,-3.8510208754561996,1299.593925580596,40543.450858884295
950028,66,uav_U1,uav_U2,False,0.9978684186935425,0.9832195043563843,0.9815253019332886,0.8717806935310364,0.9983830451965332,0.9508001208305359,1,0.5426919524477913,553.2708667899681,8289.719476584256
950028,67,uav_U1,uav_U2,False,0.9957246780395508,0.9725178480148315,0.9628705978393555,0.8465404510498047,0.9985673427581787,0.9533064961433411,0,-4.725701458560517,4382.226533297999,139547.81570411235
950028,68,uav_U1,uav_U2,False,0.9980772733688354,0.9795367121696472,0.9854402542114258,0.8731163740158081,0.998637855052948,0.9385382533073425,1,1.312534452204799,209.48387453334422,5081.882233807396
950028,69,uav_U1,uav_U2,False,0.9971091151237488,0.9776322841644287,0.9671180248260498,0.8470232486724854,0.9988266825675964,0.9558794498443604,0,-3.9670485764420773,1728.0748737997367,23250.278800238917
950028,70,uav_U1,uav_U2,False,0.9957700967788696,0.9664624929428101,0.9463306069374084,0.8424171209335327,0.9988890290260315,0.956476628780365,0,-5.714410380269875,5065.765915272905,60726.22832082419
950028,71,uav_U1,uav_U2,False,0.9956112504005432,0.9760978817939758,0.954217791557312,0.856389045715332,0.9988018274307251,0.9648146629333496,0,-7.50009144359471,9004.014115571812,165117.27245532692
950028,72,uav_U1,uav_U2,False,0.997454047203064,0.9823569059371948,0.9840781688690186,0.8538141846656799,0.9984238147735596,0.9675784111022949,1,1.349372028593729,229.41740517026398,6217.427808609416
950028,73,uav_U1,uav_U2,False,0.9978967308998108,0.9815581440925598,0.9862181544303894,0.8786282539367676,0.9980909824371338,0.9389759302139282,1,0.6694495562281944,636.1311661271952,9356.011293605025
950028,74,uav_U1,uav_U2,False,0.9973634481430054,0.9825291037559509,0.9839097857475281,0.8719983696937561,0.9985742568969727,0.9602170586585999,1,0.901223027999291,788.4683244445954,13918.856277983992
950028,75,uav_U1,uav_U2,False,0.9977391958236694,0.9793646335601807,0.9829483032226562,0.8700550198554993,0.9987248778343201,0.9627174735069275,1,0.9924540025394288,244.59276860554576,3078.637956160449
950028,76,uav_U1,uav_U2,False,0.9951316118240356,0.9645144939422607,0.9607413411140442,0.8621391654014587,0.9989290833473206,0.9546070098876953,0,-4.810716349383554,4025.108802836348,81740.7357204875
950028,77,uav_U1,uav_U2,False,0.9976862668991089,0.9838840961456299,0.9854507446289062,0.8908427953720093,0.9973093271255493,0.9460684657096863,1,0.7176232241660352,1487.1241644711833,52444.74997465182
950028,78,uav_U1,uav_U2,False,0.9956961274147034,0.969772458076477,0.9611479043960571,0.8357204794883728,0.9986677169799805,0.9401666522026062,0,-7.500091265018348,8956.147576702246,255791.73120406916
950028,79,uav_U1,uav_U2,False,0.9975572228431702,0.9819881319999695,0.9858059883117676,0.8813260793685913,0.9978444576263428,0.9577385783195496,1,0.5693006991615934,782.6409815225246,16585.463676838164
950028,80,uav_U1,uav_U2,False,0.9973812103271484,0.9875139594078064,0.9869640469551086,0.8820909261703491,0.9966984391212463,0.9440970420837402,0,-3.5108562395990495,1896.1945707551745,59442.018090540296
950028,81,uav_U1,uav_U2,False,0.9974330067634583,0.9829925298690796,0.9843012094497681,0.8705110549926758,0.9978965520858765,0.959394097328186,1,0.8937184254304928,672.2645503980003,14382.694993429193
950028,82,uav_U1,uav_U2,False,0.9973810911178589,0.9805330038070679,0.9804427623748779,0.8449587821960449,0.998714029788971,0.9356162548065186,0,-3.61476625461653,890.6249572366014,17332.79300445376
950028,83,uav_U1,uav_U2,False,0.9964361190795898,0.9711381793022156,0.965329647064209,0.842850387096405,0.9982650279998779,0.9556129574775696,0,-5.376810697514008,2594.800837880454,89947.13245103779
950028,84,uav_U1,uav_U2,False,0.99616539478302,0.9558203816413879,0.9616163969039917,0.8334594964981079,0.9989560842514038,0.946767270565033,0,-4.089162832275684,2351.825471718908,42067.28414081554
950028,85,uav_U1,uav_U2,False,0.9976475238800049,0.9838622808456421,0.9833317995071411,0.8746546506881714,0.9981846809387207,0.9497305750846863,1,1.4121721539271763,141.2549909256636,2724.283499502383
950028,86,uav_U1,uav_U2,False,0.9957398772239685,0.9588035345077515,0.9541389346122742,0.8415947556495667,0.9988613724708557,0.9341377019882202,0,-7.500274262135856,6625.3643192651,134155.3935208399
950028,87,uav_U1,uav_U2,False,0.9972425699234009,0.9778529405593872,0.9808683395385742,0.8762853741645813,0.9979701638221741,0.9501321911811829,0,-4.1332777539678105,1592.35646736375,37919.3389111413
950028,88,uav_U1,uav_U2,False,0.997603178024292,0.9815372228622437,0.9843872785568237,0.8940097689628601,0.9978209137916565,0.9403194785118103,1,1.4504902211903694,58.85682093282753,1219.9328357124882
950028,89,uav_U1,uav_U2,False,0.9969692230224609,0.9710162878036499,0.969793438911438,0.8471641540527344,0.9985182881355286,0.9504759311676025,1,0.5735810490085691,981.90683244841,17507.408513524068
950028,90,uav_U1,uav_U2,False,0.9977371692657471,0.9836779832839966,0.9872770309448242,0.8723341226577759,0.9977391958236694,0.9389008283615112,1,0.6726087424438432,666.8034765421645,18831.5477521853
950028,91,uav_U1,uav_U2,False,0.9971109628677368,0.9837387800216675,0.9883034229278564,0.875385046005249,0.9970587491989136,0.9361333250999451,0,-6.6643787157017895,2752.5933103418806,19135.086898729714
950028,92,uav_U1,uav_U2,False,0.9973887801170349,0.985473096370697,0.9876350164413452,0.8772358894348145,0.9978736639022827,0.9489749073982239,0,-3.7467327778263235,635.7870016621854,15264.96704947309
950028,93,uav_U1,uav_U2,False,0.9969720840454102,0.9832548499107361,0.9843012094497681,0.8810617923736572,0.9976741075515747,0.9622284770011902,0,-6.490962983952846,1396.8050458504238,51929.461477447665
950028,94,uav_U1,uav_U2,False,0.9975261688232422,0.96603924036026,0.9721192121505737,0.8632117509841919,0.9984891414642334,0.9423697590827942,1,0.5390673663745715,1651.6849509091933,21030.21144562506
950028,95,uav_U1,uav_U2,False,0.9974939823150635,0.9834615588188171,0.9829686880111694,0.8984571695327759,0.996073305606842,0.9421135187149048,0,-4.983178546509812,3257.8102151972475,139708.92991682526
950028,96,uav_U1,uav_U2,False,0.9974468350410461,0.9838054776191711,0.9868364334106445,0.8921555280685425,0.9971708655357361,0.950190544128418,1,1.02444508882116,896.2477113241414,12906.263984014502
950028,97,uav_U1,uav_U2,False,0.9970012903213501,0.9783417582511902,0.986556351184845,0.8905636072158813,0.9969559907913208,0.9376243352890015,1,1.2318370577969142,424.6248891756982,8313.368046329124
950028,98,uav_U1,uav_U2,False,0.9964584708213806,0.9722257852554321,0.966254472732544,0.8568465709686279,0.9983885288238525,0.9561359882354736,0,-4.521214857128644,2097.9261570434574,65097.06979836999
950028,99,uav_U1,uav_U2,False,0.9976754784584045,0.9779801368713379,0.9854773283004761,0.8579033017158508,0.9981182813644409,0.9243468046188354,1,1.266676085061241,426.81456367222876,7132.569878164016
950029,0,uav_U1,uav_U2,False,0.9977409839630127,0.9794259071350098,0.9716992974281311,0.8583022356033325,0.997359037399292,0.9598638415336609,0,-5.649098600333326,1637.4835794758628,42280.11507561403
950029,1,uav_U1,uav_U2,False,0.9970475435256958,0.9755121469497681,0.9734739065170288,0.8941217064857483,0.9969285130500793,0.9423885941505432,0,-7.500091430830791,5446.66072722656,212303.7969943271
950029,2,uav_U1,uav_U2,False,0.9973083734512329,0.9887421131134033,0.9894417524337769,0.8965976238250732,0.9911752939224243,0.9382392764091492,1,0.6352528148249901,43.237130152437,966.3493463043817
950029,3,uav_U1,uav_U2,False,0.9977747201919556,0.989874541759491,0.9887486696243286,0.8912550210952759,0.9948351383209229,0.9562769532203674,1,1.1977108287171099,292.22495502967695,7546.326701742154
950029,4,uav_U1,uav_U2,False,0.9964656233787537,0.9683826565742493,0.9645966291427612,0.8705683350563049,0.9981226325035095,0.9635570645332336,0,-5.23989503678081,2254.8581670670555,40404.8429780813
950029,5,uav_U1,uav_U2,False,0.9983013272285461,0.9860473871231079,0.9869489669799805,0.8870828151702881,0.9959967136383057,0.9366896152496338,1,1.3808166643516133,136.35993979283973,4741.784312593537
950029,6,uav_U1,uav_U2,False,0.997562050819397,0.985507607460022,0.9854074716567993,0.8823537230491638,0.996399998664856,0.9613471627235413,1,1.2835467775682896,324.5420507413674,5991.978924745609
950029,7,uav_U1,uav_U2,False,0.9981920719146729,0.98738694190979,0.9846059083938599,0.886931300163269,0.9963071942329407,0.957541286945343,0,-4.6169125525449655,590.5930133045235,18125.603819418382
950029,8,uav_U1,uav_U2,False,0.9981348514556885,0.9867545366287231,0.9861772060394287,0.8970721960067749,0.996094286441803,0.9421883225440979,1,1.3023834267569259,9.880598975335626,213.57386424294128
950029,9,uav_U1,uav_U2,False,0.9975622892379761,0.9780077338218689,0.9723402261734009,0.8589218258857727,0.9985837340354919,0.9653124213218689,0,-5.8370336177945505,3744.048353076211,40520.2422493567
950029,10,uav_U1,uav_U2,False,0.9974735975265503,0.9785182476043701,0.9783916473388672,0.8581190705299377,0.9982026815414429,0.9506420493125916,0,-4.375123980874112,2388.7911332562708,52573.83220059241
950029,11,uav_U1,uav_U2,False,0.9978076219558716,0.9871151447296143,0.9865362644195557,0.8922664523124695,0.9949697852134705,0.9545490741729736,1,0.7792445070209753,242.86369439670023,5790.489280565422
950029,12,uav_U1,uav_U2,False,0.9979698657989502,0.9892653226852417,0.9869513511657715,0.8807207345962524,0.9966136813163757,0.9443612098693848,1,0.5757104710620282,345.6499466969316,7161.835536199382
950029,13,uav_U1,uav_U2,False,0.9977589845657349,0.9784979820251465,0.9759548306465149,0.8438062071800232,0.9979051351547241,0.9559310674667358,0,-5.21955534408329,2004.2447434771136,61516.3255631995
950029,14,uav_U1,uav_U2,False,0.9979324340820312,0.9870532751083374,0.9848955869674683,0.8609874844551086,0.9981404542922974,0.9647197723388672,1,1.0733943603351552,381.72964678373637,5736.082294204497
950029,15,uav_U1,uav_U2,False,0.9978232383728027,0.9872385263442993,0.9876972436904907,0.8904814124107361,0.993981659412384,0.9465874433517456,1,1.1390334063351646,687.8276461985237,20840.407444623514
950029,16,uav_U1,uav_U2,False,0.9970396757125854,0.9813116788864136,0.9726244807243347,0.8872921466827393,0.9959548711776733,0.9486097097396851,0,-7.5000913882966636,8131.781210762498,373158.57372561906
950029,17,uav_U1,uav_U2,False,0.9966146349906921,0.9740803837776184,0.9720763564109802,0.8614463806152344,0.9983010292053223,0.9626805186271667,0,-3.7002694377047467,2265.935358501635,33731.863300758916
950029,18,uav_U1,uav_U2,False,0.9975408911705017,0.9895819425582886,0.9892370700836182,0.8885389566421509,0.9942423701286316,0.9475284218788147,1,0.7904425505207004,957.7788470090915,23668.524961992247
950029,19,uav_U1,uav_U2,False,0.9976354837417603,0.9860338568687439,0.9841997623443604,0.8689188957214355,0.9967004060745239,0.9651809930801392,1,1.4636335232221804,71.67895499406433,1809.8362874323211
950029,20,uav_U1,uav_U2,False,0.9977518320083618,0.9875755310058594,0.9855806231498718,0.8745000958442688,0.9964346885681152,0.9601166248321533,0,-6.491733128163698,2367.043461675209,99712.04721113987
950029,21,uav_U1,uav_U2,False,0.9968324899673462,0.9791315197944641,0.9707090854644775,0.8842247724533081,0.9974309802055359,0.9532268643379211,0,-7.50009139942997,5833.133702809205,212237.00679479813
950029,22,uav_U1,uav_U2,False,0.9981341361999512,0.9838902950286865,0.9855806231498718,0.8897036910057068,0.9961594343185425,0.9508909583091736,1,0.5540517342911313,1292.986001115233,46506.80474280202
950029,23,uav_U1,uav_U2,False,0.9976167678833008,0.9779815077781677,0.9762676954269409,0.8563677072525024,0.9980202317237854,0.9589200615882874,0,-6.720439335068673,1772.5459734020994,33392.96047026864
950029,24,uav_U1,uav_U2,False,0.9979256987571716,0.9882550239562988,0.9872361421585083,0.884392499923706,0.996918797492981,0.949343740940094,1,0.7698321544992115,1052.0392318470033,15533.898562496674
950029,25,uav_U1,uav_U2,False,0.9968234300613403,0.976945698261261,0.9656335115432739,0.8567823767662048,0.9979382157325745,0.9589142799377441,0,-4.002215182286433,2092.458058190794,44856.63264930766
950029,26,uav_U1,uav_U2,False,0.9974690079689026,0.9867600202560425,0.987024188041687,0.8825438022613525,0.9961915016174316,0.9585806131362915,0,-3.9888108525810066,460.01423690588314,11902.776915203744
950029,27,uav_U1,uav_U2,False,0.9979277849197388,0.9829226136207581,0.9859246015548706,0.8958330154418945,0.9956121444702148,0.9538059830665588,0,-3.615103136840051,963.3699858525908,38904.16612511157
950029,28,uav_U1,uav_U2,False,0.9974858164787292,0.9879311919212341,0.9883555173873901,0.9074258804321289,0.9947084188461304,0.9561231732368469,1,1.0266358555993709,533.8512616286516,11151.78462703483
950029,29,uav_U1,uav_U2,False,0.9974011182785034,0.9781939387321472,0.9743618965148926,0.8780504465103149,0.9978848099708557,0.9533389806747437,1,0.7818459101659574,1413.146599027886,26908.4393300331
950029,30,uav_U1,uav_U2,False,0.9976428747177124,0.9780216813087463,0.9762817621231079,0.8566522598266602,0.9983206391334534,0.9583047032356262,0,-3.8343863141477126,1658.5280955444466,31102.098994380496
950029,31,uav_U1,uav_U2,False,0.9983699321746826,0.9862834811210632,0.986545741558075,0.9009175300598145,0.9967404007911682,0.9451044201850891,1,1.2941668941561963,235.98534013252188,6899.220038391392
950029,32,uav_U1,uav_U2,False,0.9976373314857483,0.9851370453834534,0.9887528419494629,0.8873926401138306,0.9964258074760437,0.9465721249580383,0,-4.373149451208098,1682.005388434869,15799.277803649247
950029,33,uav_U1,uav_U2,False,0.998294472694397,0.9853315949440002,0.986303448677063,0.8849532604217529,0.996325671672821,0.9520529508590698,1,0.6697062132976197,212.53173556694702,7254.774068715281
950029,34,uav_U1,uav_U2,False,0.9968018531799316,0.9729151129722595,0.9753533601760864,0.8633691668510437,0.9980727434158325,0.9603063464164734,0,-6.211168204143787,3061.6373678634036,19457.41909506039
950029,35,uav_U1,uav_U2,False,0.9977855682373047,0.9806131720542908,0.9815405607223511,0.8355638384819031,0.998700737953186,0.9519627094268799,0,-6.150654166916867,3168.687091001471,20320.854486562017
950029,36,uav_U1,uav_U2,False,0.9967535138130188,0.9773999452590942,0.9616069793701172,0.85210120677948,0.9986933469772339,0.9701201915740967,0,-7.500091787134769,6628.922001121985,104114.06426346164
950029,37,uav_U1,uav_U2,False,0.998076319694519,0.9847804307937622,0.9857238531112671,0.8913239240646362,0.9964771866798401,0.9443610310554504,1,1.4426169464570902,107.30606591135867,1583.9356646713313
950029,38,uav_U1,uav_U2,False,0.9978101253509521,0.979637861251831,0.9787441492080688,0.8853750228881836,0.9979894757270813,0.9428429007530212,0,-4.914495842114718,3476.74203646247,99742.9133820032
950029,39,uav_U1,uav_U2,False,0.998095691204071,0.976941704750061,0.9798996448516846,0.8888788223266602,0.9970797896385193,0.9376459121704102,0,-5.0920978198246445,1321.923113210252,37460.64839563581
950029,40,uav_U1,uav_U2,False,0.9974989295005798,0.9784364700317383,0.9833938479423523,0.8903430700302124,0.9965431094169617,0.9493491053581238,1,1.4535264421189336,81.86367003284937,1328.9219500227796
950029,41,uav_U1,uav_U2,False,0.9982912540435791,0.9860325455665588,0.986790120601654,0.8902300000190735,0.9957398176193237,0.936920166015625,1,1.2676465176885088,204.15812094553607,7330.759679336733
950029,42,uav_U1,uav_U2,False,0.9974946975708008,0.9826228618621826,0.9866940379142761,0.8840746879577637,0.9962093830108643,0.9447259306907654,0,-4.694306339284356,1974.792386790308,14311.805969222189
950029,43,uav_U1,uav_U2,False,0.9974241256713867,0.9777979850769043,0.9646013975143433,0.8696101307868958,0.9968692064285278,0.9483638405799866,0,-7.500091482063825,6041.752823878847,254586.67324394843
950029,44,uav_U1,uav_U2,False,0.9978002905845642,0.9787487387657166,0.9750947952270508,0.8433138132095337,0.9979960918426514,0.9610944390296936,0,-5.208571480595034,1627.796383975103,51666.142738747934
950029,45,uav_U1,uav_U2,False,0.998083233833313,0.9841214418411255,0.9878357648849487,0.8867329359054565,0.9968055486679077,0.9463874697685242,1,1.335117966279576,293.98591235921066,7764.363134790529
950029,46,uav_U1,uav_U2,False,0.9979614019393921,0.9850849509239197,0.9864075183868408,0.8881218433380127,0.9954396486282349,0.9565613865852356,1,0.828271715768538,619.2490346633806,25058.610271759913
950029,47,uav_U1,uav_U2,False,0.996030867099762,0.9595385789871216,0.9704877734184265,0.8734878301620483,0.9980058670043945,0.9555575847625732,0,-7.500091472920054,3452.192184235569,68601.14874086017
950029,48,uav_U1,uav_U2,False,0.9979506731033325,0.9658174514770508,0.9792207479476929,0.8687095046043396,0.9981914758682251,0.939059317111969,0,-5.377130995473908,2272.86078970332,35555.73633150197
950029,49,uav_U1,uav_U2,False,0.9984490275382996,0.985377848148346,0.9849088191986084,0.8847354054450989,0.9970995783805847,0.9386544823646545,1,1.2808960973004728,190.75933900670825,3163.366338217337
950029,50,uav_U1,uav_U2,False,0.9977931380271912,0.9837112426757812,0.9882099032402039,0.8975238800048828,0.9947075843811035,0.9356465339660645,1,1.186680839622114,338.59867839621086,6351.2298603715435
950029,51,uav_U1,uav_U2,False,0.9979276657104492,0.9857705235481262,0.9862096309661865,0.8861035704612732,0.9970009922981262,0.9568414688110352,0,-3.568456093020292,1403.830510066806,24730.196850414664
950029,52,uav_U1,uav_U2,False,0.9976810216903687,0.9828568696975708,0.9778191447257996,0.8638662099838257,0.9972321391105652,0.9498587250709534,0,-7.500091570566974,2680.5103241706192,96586.09705128036
950029,53,uav_U1,uav_U2,False,0.9974962472915649,0.9770725965499878,0.9778804779052734,0.8626387715339661,0.9980428218841553,0.9500042796134949,0,-6.278078100927724,3460.6354974656333,66138.21625407453
950029,54,uav_U1,uav_U2,False,0.9974126815795898,0.972169041633606,0.9763189554214478,0.8645347356796265,0.9970690608024597,0.9539099931716919,0,-4.867571513185506,3463.623281049621,142779.67760645103
950029,55,uav_U1,uav_U2,False,0.9980879426002502,0.9819237589836121,0.9836042523384094,0.8789399862289429,0.9970568418502808,0.9551939964294434,1,1.2243945485544507,313.5343972148541,5504.101927465958
950029,56,uav_U1,uav_U2,False,0.9971320629119873,0.9742322564125061,0.9709378480911255,0.8530088663101196,0.9981358647346497,0.958752453327179,0,-6.362995355645632,2167.088954698374,46053.94697714793
950029,57,uav_U1,uav_U2,False,0.9979239106178284,0.9839417338371277,0.9864623546600342,0.8827351927757263,0.9971987009048462,0.9456903338432312,0,-4.19975802551369,2411.8253811941913,21068.97181907553
950029,58,uav_U1,uav_U2,False,0.9976216554641724,0.9869385957717896,0.9847049713134766,0.8773646950721741,0.9963904023170471,0.9548262357711792,0,-7.160819443985178,1309.6645313281713,46118.13188141923
950029,59,uav_U1,uav_U2,False,0.9973351955413818,0.9819920063018799,0.9854899644851685,0.9007853269577026,0.9941455721855164,0.9498547911643982,0,-4.315306873098174,762.3904229068163,22079.85328347276
950029,60,uav_U1,uav_U2,False,0.9978535175323486,0.9837908744812012,0.9854052662849426,0.8906654715538025,0.9955440163612366,0.9590270519256592,0,-3.6748428546312852,876.3642417974168,17894.309248081954
950029,61,uav_U1,uav_U2,False,0.9977081418037415,0.980298638343811,0.9820019006729126,0.873114287853241,0.997779369354248,0.9523468017578125,1,1.1224241051596118,709.6689756264856,6535.483824310706
950029,62,uav_U1,uav_U2,False,0.9982736110687256,0.9839226007461548,0.9847391843795776,0.8933371305465698,0.9963557720184326,0.946657121181488,1,1.247607830068204,86.5390484180606,2709.897577121728
950029,63,uav_U1,uav_U2,False,0.9971684217453003,0.9760692119598389,0.9701594710350037,0.8614462614059448,0.9976804256439209,0.959932804107666,0,-7.50009150901933,3269.66671940385,100766.8699112297
950029,64,uav_U1,uav_U2,False,0.9976203441619873,0.9840320348739624,0.9877393245697021,0.8971092700958252,0.9924282431602478,0.9526659846305847,0,-7.500091507231868,2093.436464838978,90023.62960779888
950029,65,uav_U1,uav_U2,False,0.9969459772109985,0.9628540277481079,0.9665173292160034,0.8611240386962891,0.9986802935600281,0.9548933506011963,0,-4.870343279865201,3628.855155156747,62183.85575632691
950029,66,uav_U1,uav_U2,False,0.9981483221054077,0.9836889505386353,0.9873642921447754,0.8967955112457275,0.9955124258995056,0.9458387494087219,0,-3.5168833530767527,711.7542287472912,31537.416120927
950029,67,uav_U1,uav_U2,False,0.997768223285675,0.9784481525421143,0.9872297048568726,0.882615327835083,0.99608314037323,0.9356122016906738,1,1.131987721923138,660.4168753673325,9071.451310178298
950029,68,uav_U1,uav_U2,False,0.9978911280632019,0.9769022464752197,0.9802148342132568,0.8727091550827026,0.9972687363624573,0.9347976446151733,0,-3.6666839228697947,2171.028290584711,77890.10839211814
950029,69,uav_U1,uav_U2,False,0.9981940388679504,0.9871274828910828,0.9877567291259766,0.8798552751541138,0.9970203638076782,0.9521489143371582,1,1.3090454096160895,119.09841621880764,3391.8088698404918
950029,70,uav_U1,uav_U2,False,0.9974403977394104,0.9823517799377441,0.9879213571548462,0.9056305289268494,0.9959160685539246,0.9447015523910522,0,-4.906278026299175,2603.493568256879,50292.01655075865
950029,71,uav_U1,uav_U2,False,0.9975645542144775,0.9733952283859253,0.9715582132339478,0.8595592379570007,0.9986213445663452,0.959748387336731,0,-7.500092357517523,5368.946302377742,46707.10108978022
950029,72,uav_U1,uav_U2,False,0.9980782270431519,0.9842439293861389,0.9864537119865417,0.8783417344093323,0.9967429041862488,0.9575124979019165,1,0.8742586775086731,1153.071610328792,16216.772581907462
950029,73,uav_U1,uav_U2,False,0.9972147941589355,0.9722943305969238,0.977222740650177,0.8714582324028015,0.9975172281265259,0.9514954090118408,0,-3.91280944389891,1626.038117574071,33667.10374493469
950029,74,uav_U1,uav_U2,False,0.9977319240570068,0.9768455028533936,0.9863643646240234,0.8961595296859741,0.9969868063926697,0.9442872405052185,0,-4.299091622822476,696.2129371662463,14437.313545163935
950029,75,uav_U1,uav_U2,False,0.9979017972946167,0.9793106317520142,0.9845870733261108,0.8657135367393494,0.9972195625305176,0.957339346408844,1,0.9118627105510637,29.40663521266877,832.7288408703771
950029,76,uav_U1,uav_U2,False,0.998058021068573,0.9769319295883179,0.9869421720504761,0.8857240080833435,0.9971191883087158,0.9453096985816956,1,1.4459193498775385,103.22538368413477,939.6862567754017
950029,77,uav_U1,uav_U2,False,0.9977426528930664,0.9812948703765869,0.9869322180747986,0.8669555187225342,0.9969168901443481,0.9521640539169312,1,0.8742173662475754,337.8730747348953,7082.464815384587
950029,78,uav_U1,uav_U2,False,0.9977625608444214,0.9795904159545898,0.9838424921035767,0.872780442237854,0.9975652098655701,0.9564236402511597,0,-6.334714774958691,1668.0605891647187,10928.1203323872
950029,79,uav_U1,uav_U2,False,0.9983528852462769,0.9826304316520691,0.9851991534233093,0.8890712261199951,0.9968321919441223,0.9363515973091125,1,1.2681481192290756,232.45516071259618,4154.826713476547
950029,80,uav_U1,uav_U2,False,0.9978419542312622,0.9804362654685974,0.985385000705719,0.8953711986541748,0.9954689741134644,0.9545875191688538,1,1.0090787365328011,532.549888359838,10846.126915103063
950029,81,uav_U1,uav_U2,False,0.9968612194061279,0.9671289324760437,0.9593454599380493,0.8492106795310974,0.9982089996337891,0.9537038207054138,0,-7.5000924384287195,2967.9115721945427,25980.12676210671
950029,82,uav_U1,uav_U2,False,0.9969563484191895,0.968621015548706,0.9826449751853943,0.8863864541053772,0.9970689415931702,0.9300827383995056,0,-7.5000932227354395,4662.106356913956,20116.26400668658
950029,83,uav_U1,uav_U2,False,0.9959876537322998,0.9703801274299622,0.9634279012680054,0.8640943169593811,0.9974595904350281,0.9540522694587708,0,-7.500091746815543,8538.2743146746,105025.44209840473
950029,84,uav_U1,uav_U2,False,0.9978102445602417,0.982325553894043,0.9867357015609741,0.8849073648452759,0.9960875511169434,0.9480608105659485,0,-5.820496014607208,1547.308403036101,38426.75873570381
950029,85,uav_U1,uav_U2,False,0.9980445504188538,0.9750100374221802,0.9801830053329468,0.8730977773666382,0.9973016977310181,0.9428655505180359,1,1.3494153913533138,220.4709036434436,1928.7894225351658
950029,86,uav_U1,uav_U2,False,0.996324896812439,0.9686524868011475,0.9689375162124634,0.8825843334197998,0.9978422522544861,0.9464532732963562,0,-7.50009134756123,7766.2982445090365,231922.3525718389
950029,87,uav_U1,uav_U2,False,0.9975406527519226,0.9807656407356262,0.9864007830619812,0.8988455533981323,0.9965368509292603,0.9422162771224976,0,-6.365170073557692,1190.4440931626586,22478.702824519372
950029,88,uav_U1,uav_U2,False,0.9980494976043701,0.9861202836036682,0.985564112663269,0.8939582109451294,0.9961633682250977,0.9463178515434265,1,0.557836314984758,1760.7326728894423,66018.17552242258
950029,89,uav_U1,uav_U2,False,0.9976409673690796,0.9767492413520813,0.9826322793960571,0.9027942419052124,0.994062602519989,0.9387302994728088,1,1.0596869583678006,603.5431051664376,11343.950408336284
950029,90,uav_U1,uav_U2,False,0.997838020324707,0.9854533672332764,0.9869034290313721,0.8927382230758667,0.9969736337661743,0.9596739411354065,1,0.9641222344856948,954.2346497965538,18349.42308015864
950029,91,uav_U1,uav_U2,False,0.9977459907531738,0.983889102935791,0.9856283664703369,0.8790571093559265,0.9960887432098389,0.9545486569404602,1,0.6408392812204193,875.391259548473,18735.950648715618
950029,92,uav_U1,uav_U2,False,0.9979197978973389,0.9801120162010193,0.9874865412712097,0.9047401547431946,0.9954558610916138,0.9409267902374268,1,1.401363732682561,136.28714893595347,3814.0086403290907
950029,93,uav_U1,uav_U2,False,0.9976475238800049,0.9812618494033813,0.988669216632843,0.8793671131134033,0.9951009154319763,0.9357084035873413,0,-4.191076927811416,686.5399013454103,9412.432132872169
950029,94,uav_U1,uav_U2,False,0.9974920749664307,0.9714168906211853,0.9708948731422424,0.8664907217025757,0.9973734617233276,0.9500638246536255,0,-4.7248446817129555,1036.7348636154802,21632.237762868226
950029,95,uav_U1,uav_U2,False,0.9976500868797302,0.9734362959861755,0.9773842692375183,0.8553304672241211,0.9980441927909851,0.9384137392044067,0,-7.50009165532131,3013.6108424920108,75916.97929912055
950029,96,uav_U1,uav_U2,False,0.997997522354126,0.9806271195411682,0.9856233596801758,0.8838003277778625,0.9967592358589172,0.9467781782150269,0,-3.651728915726289,427.25731534293845,7058.223948695758
950029,97,uav_U1,uav_U2,False,0.9978322982788086,0.9836806654930115,0.9873949289321899,0.8882964849472046,0.9939160346984863,0.9381084442138672,1,1.1273023298557283,407.6307875098882,7826.813731648441
950029,98,uav_U1,uav_U2,False,0.9979950189590454,0.9805982112884521,0.9851982593536377,0.8933943510055542,0.9957395195960999,0.9386862516403198,1,0.5412046279575977,861.8745028151477,20203.23400034537
950029,99,uav_U1,uav_U2,False,0.9980345368385315,0.987373948097229,0.988244891166687,0.8929449319839478,0.9955311417579651,0.9425352215766907,1,1.3571931949971447,188.52646472664173,3950.202581269525
